id,committed_amount,expected_closing_date,investor_track_record_score,status,event,duration
4029c0e7-53ec-418d-a4bc-870e2901be3e,62474605.33,2026-09-30,39.2,board_approved,1,10.9
5397dbd0-9257-4463-b875-2de32884e397,32941850.02,2026-08-27,62.6,revoked,0,145.5
62df93c3-52d9-4d9d-b149-7abea4673068,41434251.12,2026-12-02,75.6,due_diligence_completed,0,42.6
ee053489-9395-4025-986c-9b290ed613c9,22402215.98,2026-11-21,67.4,term_sheet_signed,0,66.3
b31e8e6c-ca60-43bf-bc6a-b5cc9a727219,82931440.24,2026-11-12,46.4,board_approved,0,18.2
dd50fe51-0e9b-47f1-8ff1-2fe4b641377e,49588347.7,2026-10-11,70.6,term_sheet_signed,1,72.8
99e67607-f27e-491b-9d07-bbce0c938f33,29287002.14,2026-09-26,51.9,board_approved,1,22.8
c42e4372-3b72-4d9b-b3ad-ce4266f7bcd5,24056267.27,2026-09-20,57.7,term_sheet_signed,1,83.2
7e549033-b681-403d-9348-65e6ab0e52aa,26713889.01,2027-01-28,70.9,due_diligence_completed,0,40.5
d9db040f-d189-48a2-8c9b-8ea6713d154d,45542537.13,2026-08-30,77.4,term_sheet_signed,1,63.7
b78e6a8e-5699-43c6-9297-e9fa9461f286,16613173.25,2026-08-29,72.6,board_approved,1,15.3
dc773956-0725-4e47-9710-08f64478588f,97656305.61,2026-09-23,54.5,due_diligence_completed,0,54.4
f7116bf6-1792-4b08-88ff-6ae552812bf5,43909964.72,2026-11-10,53.3,due_diligence_completed,1,52.0
e4216e53-8533-4f70-943f-c75ef186c450,30176949.35,2026-11-16,53.0,term_sheet_signed,1,70.1
d5d78632-beba-4842-b2f2-772fe3d19b85,22938530.94,2027-03-02,37.3,board_approved,1,22.3
de9569e9-01da-4bbf-9656-dea323593637,43799099.45,2026-08-28,51.5,board_approved,1,18.3
e9fbebc9-7106-42ae-9136-d8a982fb6d7a,32029492.98,2026-11-03,46.8,board_approved,1,14.3
7b5c76ad-1425-4ea4-9088-f2cdf03ad795,40124451.57,2027-01-27,50.6,due_diligence_completed,1,49.8
29cf8b2e-3cf1-43e3-bbdf-c50250df7cf4,30892407.9,2026-11-11,58.0,due_diligence_completed,1,24.8
795ec4a3-ef55-4c4d-aab8-9524e410882d,21892439.42,2027-02-08,33.5,term_sheet_signed,0,63.8
89cdfbef-d9b5-4f7a-9f92-2317776e6370,32160244.9,2026-12-04,86.0,term_sheet_signed,0,45.1
cb6d622f-2310-408f-ab7d-4a90ddf855f6,32494459.46,2026-08-20,41.0,term_sheet_signed,0,44.9
ce556384-729b-44bf-a513-42313fe0f252,27882506.04,2026-10-19,64.8,term_sheet_signed,0,69.6
8dd1047f-0781-4809-8da3-ded6ad08f7ac,40350376.65,2027-01-29,64.7,board_approved,1,17.2
636cfdd2-0e8f-4e08-ae12-e66860dd33a3,45444302.37,2026-12-28,63.6,term_sheet_signed,0,83.3
2bc453ad-1dbd-46d2-b043-99597daf70a4,19515940.82,2026-12-03,89.3,term_sheet_signed,1,44.1
202d33bb-c5ac-4f70-a975-d4d2e3887324,58298712.56,2026-10-17,32.5,due_diligence_completed,1,31.4
ee5e27a7-3679-4bf6-bb9b-898006722569,65849075.12,2026-11-09,66.3,due_diligence_completed,1,70.2
295a7d9d-6397-4219-b943-996f6a97a24b,11081329.59,2026-12-26,40.2,revoked,0,168.7
52225a4f-dc56-45dd-bc31-5b4f8119ab85,36598780.13,2026-09-26,47.8,due_diligence_completed,0,47.4
fef76a35-13ea-4d9a-b51c-0a945cabd772,14580422.08,2026-09-23,39.3,term_sheet_signed,0,78.7
e3945e8f-75ea-4104-84ee-65ccbcc3b86c,71817856.91,2027-01-12,62.6,board_approved,1,13.0
4c062dcd-cca3-478e-9f95-1b9ab95ba1b2,142818027.01,2026-09-24,45.5,term_sheet_signed,0,93.2
dbd0a283-af71-4272-b025-f92136903aff,50172146.48,2027-01-04,78.6,term_sheet_signed,0,61.5
14dd8557-66f7-42d7-b4ef-5dab4d552fed,30310656.61,2026-12-29,68.9,revoked,0,120.7
5ebae3b2-7ef7-4bc3-ab72-8a3b80e7ea2b,43837271.81,2026-11-28,91.6,board_approved,1,16.1
b4833e65-6144-4a60-b721-cb7895ca20db,31122564.53,2026-09-03,64.4,term_sheet_signed,1,75.9
853a1f24-365b-4074-b356-29b9d26da5e6,19102286.18,2027-02-12,63.7,board_approved,1,25.9
e21c03ad-8d2d-4c03-af7f-7921be12060a,31644901.62,2027-03-14,56.4,board_approved,1,13.9
bd3697b2-2f62-4eff-a161-f22f92fcf6b8,31428853.38,2026-10-05,72.9,term_sheet_signed,0,62.1
b44e737a-89c9-4c93-807b-5b330eef6f05,42049201.05,2027-01-12,88.1,term_sheet_signed,0,28.2
ac90be0a-aa46-4783-aee1-76d2806041fa,19167221.49,2026-09-17,43.1,due_diligence_completed,1,42.9
1b34460a-2ba4-4e63-aacf-f00ed21f21da,40563487.43,2026-12-09,33.5,board_approved,1,24.7
37ea9b4e-c060-447b-af54-be96fd4ba465,72685661.53,2027-01-05,53.4,due_diligence_completed,0,58.8
4e4217cb-9641-455d-8841-abcd8b0adbb5,34819380.82,2026-10-31,46.1,term_sheet_signed,0,80.2
76b534fd-e408-4c34-af4f-1d67b5eda548,45669306.41,2026-09-14,61.8,term_sheet_signed,0,102.4
21465579-d1cf-4818-9c94-e23034e6d194,16550631.21,2026-09-04,54.3,revoked,0,210.3
e45e7e43-97b8-4316-ab1e-1afd861718d4,26896645.55,2026-11-14,45.4,term_sheet_signed,1,73.9
577ed1b5-c9b0-4477-960b-dbf01ce3b4cf,23532277.16,2026-12-08,49.4,due_diligence_completed,0,25.3
12add21e-8432-4362-b445-78e832905c06,18394209.12,2026-09-17,100.0,due_diligence_completed,1,46.0
7defb9b4-d0d9-4fbd-915b-4c4904786a8b,31929810.38,2026-11-16,36.6,term_sheet_signed,1,116.1
ca7c434e-621f-4fc4-8ce6-881f978b8964,63490607.89,2026-09-26,55.1,term_sheet_signed,1,65.9
381ea6d1-ac78-497a-857e-853ab00464c2,34521599.33,2027-01-12,32.5,term_sheet_signed,1,87.7
91d0029f-7da6-4304-aff8-96e11307d931,73121243.46,2026-12-03,69.4,term_sheet_signed,1,72.1
8322c227-0de8-423b-99e0-fbbac3dae302,25830465.33,2027-02-10,60.0,due_diligence_completed,1,41.3
0a96ca57-45de-4d48-aac3-38c83419b17f,50199113.82,2027-01-06,91.5,term_sheet_signed,1,40.7
714151c7-345a-4689-ad76-b66d72a53819,53121167.53,2026-10-20,65.3,board_approved,1,22.4
55dc1460-c765-49e9-b87a-bfc0dda43fd2,30011317.41,2027-01-08,37.8,revoked,0,217.5
3a87b485-5de0-4f4f-ac9a-d60d094c277d,34236865.95,2027-01-02,57.9,board_approved,1,26.1
6db63da3-4882-4837-8cba-5c910e28e785,44273968.9,2026-11-07,55.3,due_diligence_completed,1,39.5
5ab7e4d2-a750-4c35-9202-b5ddb927e852,112269201.32,2026-11-29,66.6,due_diligence_completed,1,49.3
f22e84b9-1d2e-428c-a2f8-16ddf843cd06,21173498.64,2026-09-14,58.8,term_sheet_signed,1,94.1
9a299181-b53f-4897-8e04-5f57f1bbb31c,80715980.19,2026-10-23,94.6,revoked,0,210.3
7168346e-ac2c-45da-a87e-c8f8b9f912b3,33332965.76,2027-03-13,76.6,board_approved,1,13.9
e2b52967-50c0-499b-b8b1-eb20acc9008f,63681853.49,2026-11-21,36.4,board_approved,0,22.0
c1e50750-9aad-478d-82f7-895c43d42f8a,118732983.6,2026-10-20,75.0,due_diligence_completed,1,23.2
716bbe60-0e28-4c57-ab57-d1c2e2e44388,29181108.67,2027-02-13,36.6,term_sheet_signed,0,94.0
74878df7-de31-4c83-a4cb-0c216bc275b3,40615862.72,2027-01-12,39.7,board_approved,1,17.7
967f0803-6134-4543-81d5-03973acae8de,79652758.12,2026-11-30,47.0,due_diligence_completed,1,19.6
f2848b76-aebd-4812-8533-238853e1f6a4,51050922.41,2026-11-11,61.4,due_diligence_completed,1,20.3
fa3c1c72-17d4-4bf1-b4f3-5afbaa1f62cd,15417955.97,2026-12-21,71.8,revoked,0,189.8
2d6ee834-99c7-4850-82bb-4f19cde604b8,64893512.42,2026-09-08,48.6,due_diligence_completed,1,48.0
5025e73c-2339-47e3-91cd-488b5c32ec17,23723883.5,2026-11-14,65.4,board_approved,1,17.5
d589a7f8-3475-41a6-a3da-494d5821f5b2,21101999.37,2026-08-30,80.0,term_sheet_signed,1,84.3
2edcc64a-2e49-4961-ad5c-55016e818177,44964494.05,2026-12-18,43.6,due_diligence_completed,1,46.9
c51d10f3-acec-4ef8-b0e2-217065e8334a,65995165.03,2027-01-20,77.1,revoked,0,264.9
51673a78-e0a8-42ea-8e51-f8a789ed678e,104276086.43,2026-11-29,19.9,due_diligence_completed,0,54.6
9a0c6598-65b8-480e-90f2-ba6ae806170e,18793312.97,2026-09-12,28.0,due_diligence_completed,1,40.8
67ba3031-70d7-4c3a-b0ea-6c179a33691b,47004998.62,2026-11-07,70.5,term_sheet_signed,1,27.8
98d3e5fb-cd8d-49d1-a38d-42464f847287,52463668.69,2026-12-18,50.6,board_approved,1,20.6
758970f0-91b3-4371-8166-d4a6c21494d7,54736363.29,2026-11-08,64.6,term_sheet_signed,1,65.4
62a8b327-98d2-4876-b661-1c0ac22febee,31445149.39,2027-02-27,76.4,board_approved,1,15.7
dacb2e40-d280-4ba7-9104-96f6b099ed41,12045043.16,2027-01-18,76.6,term_sheet_signed,0,39.7
12f1268a-770c-422e-9cb3-3567db77382b,62436483.87,2027-02-12,46.4,board_approved,0,21.4
630ef110-cc49-415d-83e3-1a557f0a3667,38206539.09,2026-10-12,86.6,board_approved,1,15.2
cb1b54f6-897e-4193-85a4-047c6eac610d,24096112.19,2026-11-28,61.8,board_approved,1,11.7
86a7abc3-7ca8-4a44-9ef2-e9a1a39b4b58,64498402.35,2026-10-11,52.8,term_sheet_signed,0,48.2
6f82dd17-cef0-4a9a-99b7-4f37ffa71595,52947862.08,2026-11-21,39.2,term_sheet_signed,0,43.3
c0618145-efe1-40d4-8536-ab30d3ea5178,28908894.01,2027-03-15,47.9,term_sheet_signed,0,63.5
063dbb4b-0af5-4ca3-bf89-89178bbe7feb,48505958.37,2026-11-28,56.2,board_approved,1,25.6
4731ba72-e837-4b6a-b033-f8be94463ca3,75552130.79,2027-01-31,30.5,term_sheet_signed,0,107.1
75cfe5d3-9420-45f3-acb3-3f68043776ca,49094891.1,2027-01-20,57.4,term_sheet_signed,0,108.9
65bdab32-91da-4088-9657-cb7d6a923956,75962024.4,2027-01-05,63.2,term_sheet_signed,0,74.8
399e3cdd-603d-440c-b374-f8d9eea62df6,24154438.66,2026-11-11,66.3,due_diligence_completed,1,19.6
c319be73-1731-497e-a276-4414fb5c6b00,33400620.91,2026-10-10,50.8,term_sheet_signed,0,95.3
09cc4de5-ea6e-41a6-aca3-0f3d0b71cbef,31194521.93,2027-03-03,67.0,due_diligence_completed,1,42.3
0e6e611f-7e03-4cd7-8012-e2f82ba16e39,75399478.74,2027-02-25,53.2,term_sheet_signed,0,73.7
7798a032-6c1e-4de2-8f87-b5e653274f7e,94105655.52,2026-09-22,64.5,due_diligence_completed,0,47.1
c0281390-99eb-408f-8324-92d0ecb101d3,24948158.3,2026-09-05,56.6,due_diligence_completed,1,34.0
e179ec7c-a5b8-4bfc-9ddd-66a071127b6d,59373059.74,2026-09-29,72.2,due_diligence_completed,0,42.6
69d91ea3-73dd-4ecc-8f62-87aeeaf7b818,33091803.02,2026-10-16,69.1,term_sheet_signed,1,36.0
4fb0a2cb-9204-4a80-9722-2cebfba48bc4,16239603.9,2026-10-19,20.2,term_sheet_signed,0,108.2
b6e7ff39-13c1-4413-a7be-d58ecf750ee8,6724597.95,2027-01-28,29.9,due_diligence_completed,0,80.9
b6eadc40-5db0-4726-b513-29716365241b,52643225.92,2026-09-11,48.8,board_approved,1,18.6
323b1c9e-cb31-4d52-9be8-25c4323ae9c5,64005762.29,2027-01-14,58.3,due_diligence_completed,1,49.9
0ce28866-7b71-421b-9fb5-e43f6908c28f,105831860.24,2027-01-13,78.0,term_sheet_signed,0,48.6
9e909bce-326d-440d-afd1-d1a0562db0b5,92460569.44,2027-02-15,56.2,revoked,0,262.6
ccfdefb5-ca9c-43ad-856d-8c6f1cb895bb,101831578.26,2027-03-11,65.2,board_approved,1,13.9
151f4308-75df-4e23-a219-93c701e76e7d,15565143.12,2026-11-23,69.0,revoked,0,153.3
8e487f18-954f-4d58-bf4c-3534b200424d,24842352.95,2026-08-22,12.1,due_diligence_completed,1,43.8
f5cabf8c-9e08-44e0-867c-3025bc6d5d25,34208115.14,2026-10-01,56.4,due_diligence_completed,0,45.5
c1cfaaf1-8d45-444e-9283-675537630840,59269155.32,2027-03-14,74.1,due_diligence_completed,0,43.8
1330474c-59fe-4faa-ab25-4775474fe405,37797121.14,2026-11-29,100.0,board_approved,1,11.4
45b8ccf5-9901-4648-99e4-e10167d85ae9,23364342.94,2026-12-28,35.1,board_approved,1,23.6
df948b20-af02-4e9b-a7e9-2c2b8c5a3560,68347171.55,2026-09-30,44.7,due_diligence_completed,1,44.6
6047ed73-f9d8-49fe-ae6e-712b4718e51e,44579476.93,2026-12-09,71.0,revoked,0,171.9
956db8ff-0394-429d-b61c-41f82bf16f6d,44629517.96,2027-02-02,42.0,term_sheet_signed,0,104.9
44b7d315-34b3-41a2-8abf-481e86432f8a,49529182.67,2026-10-18,54.9,due_diligence_completed,0,31.0
d559a702-66a4-40ac-98f8-a0ba4da792ed,61137616.51,2027-02-10,38.6,board_approved,1,15.1
a1d15e98-62ce-441b-a25c-06e077ec2940,104706283.58,2026-08-19,64.7,due_diligence_completed,0,43.6
bbf03f37-8271-4dc5-aeff-bd49be57b7e9,18464462.12,2026-11-28,27.0,board_approved,0,19.8
553adbcc-2f6d-4136-b9c5-baf03ad3d490,13729025.02,2027-02-28,64.8,revoked,0,155.9
b1b0130c-455e-48aa-be32-909b5d4e9066,27181056.33,2026-10-26,47.4,term_sheet_signed,0,90.7
9eba2128-d386-4123-b4a8-f44359ba5c6b,54998730.66,2027-03-03,26.3,term_sheet_signed,1,90.7
ab87f7a1-2a6b-4b71-924d-6caaa2dabe96,24545538.33,2026-09-28,68.9,board_approved,1,20.9
1ab08d09-9c07-4242-aa0c-a85130232168,95125469.47,2026-12-11,47.7,term_sheet_signed,0,76.6
5cfaaf98-8acf-41ad-816a-72da925478a5,52834860.95,2027-03-03,47.6,due_diligence_completed,1,40.9
5611a29a-6612-44a0-a4e7-91550eb0f4d4,9363519.58,2026-11-03,39.2,board_approved,1,34.9
3df6c870-da59-4d92-a094-a3b2e5d08ef7,33055866.57,2026-10-16,21.3,term_sheet_signed,0,83.8
09a04e04-1f80-488c-989a-320534b6a95b,54554154.41,2027-01-10,71.6,term_sheet_signed,0,76.7
aa772c2b-7136-4288-81f3-801e5d0d34e2,32527775.16,2026-10-19,63.4,revoked,0,212.2
1abbdfa5-99dd-4dcd-9ba9-e50d44f0cc59,14098754.76,2027-03-15,34.6,revoked,0,197.2
3d100bd9-6ebe-4878-a62c-341bc934eb03,108334320.8,2027-03-11,56.5,due_diligence_completed,1,49.6
b2d663f8-5f79-44fe-825f-a8f29b6a0846,44297449.89,2026-08-18,42.6,term_sheet_signed,0,72.0
c1899fa6-9637-4775-923c-3810cabcd62a,23174107.17,2026-12-21,59.6,revoked,0,184.6
5925f24a-bca6-4776-99ce-660819880581,53182507.9,2027-02-23,27.7,term_sheet_signed,0,30.5
8ce7f545-9a14-4ed3-a889-bb00bb5874e6,25949816.74,2026-08-25,65.4,due_diligence_completed,1,49.4
81c7c4d6-94d3-4b20-9ac1-df2df79501bb,51244208.22,2026-09-30,100.0,term_sheet_signed,0,50.3
7d8039ad-0329-4cd0-a96a-7a3b2d95161a,84396374.72,2027-01-05,72.5,due_diligence_completed,1,34.7
dd1b31c0-9ca4-4c50-987a-4797683367c1,97857672.95,2026-12-15,75.8,term_sheet_signed,0,56.7
5b7dd7e8-0ebd-418f-bf29-601d600e3077,70507679.57,2026-11-18,55.1,due_diligence_completed,0,34.6
cb7cffd2-aa6d-4d09-bad0-e7e1a57300d3,22338382.24,2026-09-09,13.6,term_sheet_signed,0,86.8
835e82b9-7dc7-4017-a555-27a6f044bf2a,21455933.13,2026-11-19,55.1,term_sheet_signed,0,91.8
973034a8-b334-4b28-a0e8-79a987adf8ac,55679877.59,2026-09-17,41.8,board_approved,1,24.4
f9c41429-214c-422d-aad7-4362e957dbf4,21401105.37,2026-09-20,74.0,term_sheet_signed,1,60.8
5052ab1c-a40b-49b8-980b-67afa51d24e6,60095734.35,2027-02-22,28.7,due_diligence_completed,0,37.8
610c2242-bcde-4b79-a4a4-e1cca90494a4,10135526.58,2026-09-13,82.6,term_sheet_signed,0,46.4
a7c3c744-d3e3-451c-9e3f-28eae2f9bff6,63110034.76,2027-03-12,65.7,term_sheet_signed,1,48.9
919047c2-4ec8-45fe-9ff9-829e39a6e298,55353103.79,2026-10-05,61.2,board_approved,1,20.0
1c214c68-8428-4b33-8ccd-586c7f5d93c6,64631015.47,2026-10-06,75.6,term_sheet_signed,1,27.8
b7538038-c62c-4176-9097-ffe2243dd709,21587525.62,2027-02-18,83.8,term_sheet_signed,0,61.3
b3f01872-6ea8-40e5-9245-dc3406efc566,54286087.86,2026-10-21,96.0,board_approved,1,11.3
b292de4e-6b16-43a2-babe-0231ab4aa216,21659598.36,2026-11-28,54.0,term_sheet_signed,0,105.9
18fc46cc-a512-4e96-9b35-a2cef70bfc01,66519892.39,2027-03-10,41.6,due_diligence_completed,0,52.5
18809f60-aac6-42ba-92ee-e712235f215f,62084600.79,2027-01-29,72.7,term_sheet_signed,1,70.3
af3fd504-bc26-4e1a-a9ee-eee4162c4299,28524810.91,2026-11-08,61.7,term_sheet_signed,0,99.1
fa5a97af-d28c-4772-a491-486710a32170,46414759.07,2027-03-15,87.2,board_approved,1,15.6
c4275719-8f12-46fb-a83d-98007b444795,50535912.63,2026-11-04,38.1,term_sheet_signed,0,54.2
d8154360-6f45-4cb3-957c-aec67ddac281,117099750.74,2026-12-17,58.4,term_sheet_signed,0,71.4
7d4401e2-9b0c-4b9f-860b-5cc8bfce8270,35259713.49,2027-01-19,60.9,board_approved,1,18.0
b0e7a29e-dce8-45ae-a1fc-34946726c148,54121013.54,2027-01-10,35.0,term_sheet_signed,0,45.2
b6218d43-81a4-479c-83df-134dbb5ed5ef,75190409.18,2027-02-04,79.9,term_sheet_signed,0,62.1
1063a217-f9ad-4c05-80d3-e1e551b4fdf5,48972180.15,2027-03-07,38.3,due_diligence_completed,0,63.6
8c6203c3-37d5-487a-8c5b-aa5515d09372,18877408.97,2027-02-09,57.4,due_diligence_completed,1,45.4
e275ca3d-fdd8-4c95-b6da-d4a0f50f1b47,46349955.46,2026-10-03,48.4,term_sheet_signed,0,63.8
05ca8835-1499-49a6-92fe-c35f5bb60f83,46106414.13,2026-11-22,52.0,board_approved,1,14.1
70de136f-b97b-4561-985d-36da57e18eea,19830908.07,2026-11-13,88.8,term_sheet_signed,1,30.8
b4b6a533-9519-48d7-8e15-6a8612c60006,37111352.82,2026-09-11,60.6,board_approved,1,6.2
fba5ce0a-a140-4060-98c9-e6c779409cf4,20243241.47,2026-12-27,91.2,board_approved,1,12.2
392a39de-7adc-4e57-a10d-f77f9abcba0d,93782719.53,2026-08-26,53.5,board_approved,1,17.9
75080945-24a7-43d5-b4ed-23fa6a54fb66,114057654.08,2026-11-15,60.7,revoked,0,193.3
42fa0618-37f2-4ef4-95a7-cf2ac39a0048,66371038.02,2026-11-11,100.0,term_sheet_signed,1,65.2
243a035f-7f69-4b2c-b4cc-f97a2f76c208,68693203.07,2026-08-20,50.2,revoked,0,213.7
2ede846e-b899-4d3e-90a8-b1e69f059338,51391304.27,2026-09-14,66.7,term_sheet_signed,1,78.7
b312d761-c9a8-4256-a795-96e615788ea2,38453229.93,2026-09-09,31.2,term_sheet_signed,0,69.0
ccc21424-ab67-4257-8f38-2b1d1fea7a8e,31197039.2,2026-11-14,33.2,term_sheet_signed,0,81.6
386e8be9-fbae-4376-8da5-e0d7688260d2,61501345.25,2026-09-13,39.8,term_sheet_signed,0,41.9
df1a8506-7843-4978-b2d3-df5356874318,34879841.38,2026-08-30,59.8,term_sheet_signed,0,70.1
0a61158f-66bc-4d1a-9c6b-d849a7b7bcdf,20446802.26,2026-12-24,79.0,revoked,0,120.1
656a8250-967c-4b21-a03d-5ad6200303e5,30743721.02,2026-09-14,84.9,term_sheet_signed,1,34.0
12a7098a-237d-4e71-8e72-ad91a5286bd1,31170005.36,2027-03-05,48.8,due_diligence_completed,1,41.8
fd815cae-e90c-45ef-a198-4f3d6634b630,23738511.01,2026-11-18,46.5,board_approved,1,12.6
2ceab994-3ba3-444c-bd35-0201867e7e98,36453006.87,2026-12-04,62.1,due_diligence_completed,1,35.3
54f2d931-6204-4a3d-8158-105fb406b2af,18509415.99,2027-02-22,55.5,term_sheet_signed,1,53.0
c09d7dfc-34ec-4b16-8c16-b2dee8497426,55580848.76,2026-11-09,67.9,term_sheet_signed,1,83.4
f2d69d2b-008d-4a70-9183-eddbc3c439d1,54714977.65,2027-03-15,88.7,board_approved,1,8.1
ae80a379-a389-42ad-936a-7b3426c21f2e,42778043.08,2026-10-08,42.7,term_sheet_signed,0,75.1
93785228-a7c2-4a09-995e-0805e2c8b150,51047921.68,2027-02-17,56.6,due_diligence_completed,1,44.0
05ea82c5-51bb-4e40-b035-a9d973c761e9,80131894.9,2026-11-20,69.0,term_sheet_signed,0,71.6
14a62b8e-4fba-41a5-b243-b070defac7c0,37779377.94,2027-02-17,37.0,due_diligence_completed,1,59.0
56d85f65-9ac9-4cc1-9d92-b2b4a1ce34b0,53460842.36,2027-01-23,77.7,revoked,0,178.8
3cf0cd38-359d-4dc6-b75f-f15fdf7c0f1e,6862918.69,2026-10-30,66.7,due_diligence_completed,0,3.6
cf3408e7-400e-48c8-b335-aba937f0b0d3,53037915.49,2026-09-23,69.0,due_diligence_completed,1,32.8
6dbb1f78-a3fe-4967-826e-f324981e74c5,152969970.28,2026-09-24,50.3,term_sheet_signed,0,82.5
84bc03d8-7090-42da-8862-6a13c5df3129,21825588.23,2027-02-01,62.6,term_sheet_signed,0,68.7
3e717ef7-05e6-4573-920e-dff68e4d5885,25512644.34,2027-01-02,54.9,revoked,0,195.8
a88f5b8d-19f5-421a-a0ba-fe0f41b83e1b,45529599.51,2027-01-29,57.9,term_sheet_signed,0,53.6
95586389-4d6f-436c-ac99-9c7d9c529d6d,31096252.66,2027-01-24,82.1,board_approved,1,17.9
0e5b7aa7-d36c-43c2-ab59-b437fef729a3,45703664.07,2027-02-15,29.4,revoked,0,245.8
9e9cdc73-c3f8-429c-b068-312c97a9a773,48575220.52,2026-09-08,31.9,term_sheet_signed,0,95.7
c19354b4-bca2-44f9-8173-461c8d0ab7a3,67142874.74,2026-09-25,50.3,due_diligence_completed,0,65.1
73ef486c-896c-460b-93d0-46a4266652a5,49211214.76,2026-09-10,57.8,board_approved,1,19.6
ea47085f-0611-420a-93a1-55d9b7ec1240,38433130.24,2027-01-21,76.5,revoked,0,150.8
48953a00-2e3f-4286-bd1e-de7f0487e6ec,48843212.75,2026-12-27,60.1,due_diligence_completed,0,38.3
7f893017-7223-4c36-b154-8986c62e9466,18984096.26,2026-09-29,67.6,board_approved,1,15.7
dc4be1b7-574f-4427-a77b-27a6224089ba,21582058.52,2026-11-22,39.1,board_approved,1,19.8
608bbe58-a16d-4dbf-91ee-69e2b48fb46a,48833407.51,2026-10-31,72.4,term_sheet_signed,0,71.6
82d35fe2-fa19-4b3c-b7a7-b1cdcb38a2e6,32002898.94,2026-10-30,17.8,due_diligence_completed,0,54.2
beea375a-0dc9-4949-bfe9-c4d63b9d6145,81212573.21,2027-03-14,80.9,due_diligence_completed,1,32.1
36544b43-3be4-448c-972c-8d0da44bf38d,39791521.07,2027-02-08,49.4,term_sheet_signed,0,64.8
384fe0d3-1757-48bb-a83e-e54d65ed5743,22457269.08,2026-10-11,73.5,revoked,0,201.7
585f5346-8585-423a-8ccb-14f424e22441,23782876.12,2027-01-28,44.8,due_diligence_completed,0,52.7
b33b953a-4d46-4f4a-a94f-0dff0f895b7e,18905183.14,2026-10-28,68.8,board_approved,1,18.2
54b50286-277c-4c63-930a-9aebd10bae94,96322138.36,2026-12-04,32.5,due_diligence_completed,0,54.9
c9ecf208-e163-496b-b32b-71c46ed1f57b,36316725.02,2027-02-13,68.9,term_sheet_signed,1,58.9
6938c691-51a3-4e07-a025-a95411c01e5a,38410787.1,2026-11-23,47.1,board_approved,1,22.7
dd8a3ff1-0fa6-4abc-bbbc-1a15bd89b6a0,35387477.79,2026-09-16,58.5,board_approved,1,17.9
a629ea8e-5da4-4c59-92fe-e7a419a3f1d2,45629802.64,2027-02-06,41.7,revoked,0,357.3
3cff83bd-86ef-4b3e-8ce1-63a6dd49f168,46096680.01,2026-09-25,88.7,revoked,0,170.2
d129266e-ee9d-4d22-9313-c6a5883b6ef5,31171042.67,2026-09-06,62.2,term_sheet_signed,1,42.7
09966d03-da54-4a3e-b633-74feda9989a6,27850087.33,2027-03-15,54.5,term_sheet_signed,0,87.5
df132725-1fea-4a1d-afd5-94908da1557f,83118326.7,2026-08-23,46.9,board_approved,1,22.9
8312c22d-656b-4e3a-8838-f0dd4d88f54e,78456868.81,2026-09-23,84.8,revoked,0,181.9
c00fd6c4-fabc-443c-a12a-484da5188d92,60638095.62,2026-11-17,38.1,board_approved,0,17.2
32e226b5-ce46-4c36-86b8-7cab56b1f43b,97215330.07,2026-10-21,76.8,due_diligence_completed,0,26.9
5cb1e59c-b908-4341-9665-5307e5fc16c7,41757650.16,2027-01-22,62.0,board_approved,1,16.9
8e482217-df27-44cb-ac57-6cbf66ea6b52,52178984.02,2027-02-22,40.2,due_diligence_completed,1,38.7
e8050481-7e7b-476c-9f0c-cff1aee7a0fb,33865485.35,2027-02-20,56.3,board_approved,1,18.8
971152d0-c6f1-4dab-8af3-cc7d260f9fce,23288624.7,2026-11-09,18.1,term_sheet_signed,0,74.1
4e25b09d-a49e-4d49-8a35-d7cba9368311,86276390.99,2027-01-20,56.7,term_sheet_signed,1,72.7
7e105a95-df2b-4f88-899e-70b6ef7ef6e8,111694385.85,2026-09-09,60.1,due_diligence_completed,1,21.1
7dc0b1e9-8bab-48d9-a6a9-06198adf89f4,60252983.93,2026-10-20,60.3,term_sheet_signed,1,63.6
1561f663-cf78-418b-87b1-461d15ebfc6f,44474862.45,2027-01-12,80.6,term_sheet_signed,0,65.4
e148cd7c-42ce-4d1e-8e09-4b47915b5478,42557551.62,2026-08-18,74.0,board_approved,1,23.4
55d39595-dde5-477c-9c60-a667b0635d60,19535770.82,2027-01-16,31.6,board_approved,1,20.8
4418cf3c-4989-4127-88e8-e4f268c748eb,23759547.15,2026-11-28,40.3,board_approved,0,30.7
54a03fce-788c-451c-af99-f4dc9ea05ec7,19984701.26,2027-02-10,52.7,term_sheet_signed,0,71.6
91bea600-5269-41d4-bb0a-c1614ce6f8df,15246743.4,2026-12-06,58.3,due_diligence_completed,1,44.3
75eb1859-11d5-4d1a-9c3c-6cd2f99145c0,18032867.26,2027-01-29,68.3,term_sheet_signed,0,53.4
8dde16b2-7f47-4429-b9f6-c37d56b64ddc,17438090.84,2027-02-23,59.8,term_sheet_signed,0,77.0
0c3ab6f4-9292-43aa-b003-ce7301a2f8bd,99838789.13,2026-10-17,57.2,term_sheet_signed,0,67.2
46cc1cc6-dfe8-4760-a8d6-ba733ae8ec50,129124906.39,2026-10-30,98.7,term_sheet_signed,1,40.8
547ce997-c555-47a3-9735-d24af810c97d,18010677.24,2026-12-11,38.8,term_sheet_signed,0,88.4
ca28e738-1ab9-448d-9d38-0330f84b6a49,26574761.91,2026-11-10,47.0,term_sheet_signed,0,59.6
85e7912e-a7c1-473d-8f9c-6e01008f9363,67798825.7,2026-09-09,66.0,due_diligence_completed,1,38.8
f765ebdf-2ab2-4d7d-8180-e80125d2e756,17421130.67,2026-09-10,7.0,revoked,0,110.1
e4cc4642-4509-4892-adff-455023ef47de,38777017.61,2026-12-17,86.5,term_sheet_signed,0,64.6
3f05bacd-96e8-46b2-8948-10f8f23ed2d5,54535944.4,2026-09-09,42.0,revoked,0,179.4
88636ed3-a838-4333-bf87-53eb34f2a00d,28638669.05,2026-09-06,71.3,due_diligence_completed,0,27.6
b254b9e0-4ea1-4001-b2da-14daf5c27227,41946406.48,2027-02-19,14.3,due_diligence_completed,0,43.8
d0284318-6801-4807-9250-8dca2519d6c0,57708465.06,2027-03-01,71.4,term_sheet_signed,1,86.2
754774ac-6b04-47e9-82bf-d570bde090b0,28959651.66,2027-03-12,93.7,due_diligence_completed,1,33.8
67ad7386-3ca7-4e98-ba2f-d16b9eccde13,35929214.39,2026-10-18,23.8,revoked,0,287.3
3674ac84-e4aa-412a-8b90-44a4eaf813f9,47735334.44,2026-09-09,44.1,due_diligence_completed,1,39.3
0b3c9a9c-c9a3-45c3-99de-95eb18d4fe50,113100665.49,2027-03-03,59.2,term_sheet_signed,1,88.5
8808dce8-9637-46a9-bd50-f5ae5223a81b,30453314.77,2026-09-18,75.9,due_diligence_completed,0,36.9
830c5ab9-7bba-4570-9b70-1285e09e5abf,58829230.3,2026-10-29,73.2,board_approved,1,23.8
cd922897-e5dc-41a3-b7b6-f03f75c5ab1f,49815233.61,2026-09-13,52.5,revoked,0,198.1
58248740-09a8-4cd1-9fdb-1cc0bdd9ed44,49536428.7,2026-09-13,92.4,term_sheet_signed,1,72.6
3fa1d16e-ce8b-4dd3-a6f5-d4a728437dab,64199321.05,2026-11-17,19.7,board_approved,1,25.1
7accf84e-1552-4d39-ba76-a36abf953944,132501648.69,2027-01-21,59.5,term_sheet_signed,0,73.7
1b712e9f-b699-4d0c-bd29-5389dde46883,11100284.17,2026-10-03,52.1,term_sheet_signed,0,89.7
cba470ae-60b1-45f8-9f04-0e7fff8971bc,19885894.53,2026-11-21,46.8,revoked,0,206.6
5a0029ff-56c9-4f78-8c74-5265f1fe6bea,57572884.7,2026-09-02,9.1,due_diligence_completed,0,52.5
6c0c3375-1d98-4307-ae15-55af2ce63446,83448577.39,2026-09-18,40.1,revoked,0,193.5
8c2789a8-33ea-4aac-b8d6-c14483f411ab,26560391.66,2027-01-27,76.1,term_sheet_signed,1,72.2
0590cc58-0af8-478a-91a2-e9ba524df43f,49904743.77,2027-03-09,55.9,board_approved,1,25.0
5533177c-4347-41d2-8a75-bc350b9bf727,39296708.62,2026-12-18,48.8,term_sheet_signed,0,79.9
7d2c45f6-2dac-408d-a6a4-719e52e7a230,15350543.85,2026-11-27,65.9,due_diligence_completed,1,48.3
fc7b608d-9ec8-4fb2-a5e4-c96be7e0e69a,67384539.31,2026-11-05,38.5,term_sheet_signed,0,88.4
f833b7b1-3a98-43c7-9447-c4c96c074dd9,59099487.24,2026-12-18,69.4,revoked,0,167.3
5494efb3-d261-49fb-8c56-1d3537f8daab,51825590.88,2026-11-18,68.6,due_diligence_completed,1,29.7
07400c1e-2201-4c31-8aa9-261781b3b1e4,25664743.79,2026-11-29,66.5,revoked,0,175.2
f525b796-74a2-416c-824e-bbbe0b85c2fb,18345055.46,2027-01-18,71.2,term_sheet_signed,1,77.2
26d8233c-7c89-4c85-b605-3cd8afe1e796,31777617.18,2026-10-07,69.3,board_approved,1,15.9
18eca929-46af-4f9a-99ba-7fe9e6c54ffd,69011717.34,2026-12-12,52.4,due_diligence_completed,0,53.9
25cb1192-7c52-486a-880c-041ae309b35d,20252873.73,2027-02-11,67.5,term_sheet_signed,1,88.0
ad37c83c-db61-4d2d-978c-3b80224e7fa0,65494232.46,2026-12-18,29.7,board_approved,0,13.4
7223e570-b3f3-41ce-be0c-cc903904c9bd,55597298.19,2026-09-15,67.3,term_sheet_signed,0,72.1
e662a307-8d28-4828-8360-5522a9088b97,7129609.54,2026-08-21,84.5,revoked,0,152.0
35f51c1d-9f04-4478-9e64-7a91bd4fc438,84246254.01,2027-02-11,61.9,due_diligence_completed,1,45.3
1f5c82d3-1601-4d2e-a689-71b4f08df984,96633514.55,2026-09-25,46.6,due_diligence_completed,1,51.2
78583bd6-1deb-4824-b249-9c7b9ef3d43e,57172951.45,2026-09-15,97.2,term_sheet_signed,0,61.5
3965fab7-ab7e-4997-baba-dccf7eb2e515,32789179.8,2027-03-14,83.7,revoked,0,140.0
52ca34d5-8b05-44a7-bbb9-426f13e2cfaa,46434074.41,2026-11-08,73.9,term_sheet_signed,0,64.1
a8fd5149-8af2-401f-9de2-cbdfbe55cad4,151764282.92,2027-03-02,51.6,term_sheet_signed,0,97.7
323967a4-199e-4a1e-ac5f-ac1da530b3aa,151722562.81,2026-11-28,43.0,term_sheet_signed,0,97.1
f9d0b63d-cd53-42d5-9b72-9715528182ab,35122577.1,2026-10-08,55.7,due_diligence_completed,1,58.7
36ce81c3-dd54-4784-9848-4e099913f7f3,65310033.67,2026-12-31,41.8,board_approved,1,24.4
eb73b7f4-9c2f-4878-bcb4-a3b878acb1ab,22807648.53,2026-09-13,54.6,term_sheet_signed,1,43.1
e6109752-13bc-4366-868d-fe6b1ba5470c,30584606.27,2026-11-20,58.3,due_diligence_completed,0,29.4
606dcf99-9d83-4e12-b844-b30942d231de,49444184.56,2027-01-08,46.7,due_diligence_completed,0,62.4
8c72eb91-4cc3-467e-91cb-1e7ca8786d5f,160767193.78,2026-12-06,65.8,due_diligence_completed,1,37.6
93ababbe-7e55-4c0e-b25d-4c1922d77701,54078050.96,2026-10-18,53.5,due_diligence_completed,0,39.7
a324d07d-5ff6-4489-bf7e-5d18541f2e35,158260577.28,2027-02-04,57.7,due_diligence_completed,1,62.1
baff0ab9-b56d-4541-8bca-2231e25160d4,25783192.11,2026-12-13,79.3,board_approved,1,18.4
01a51405-2084-4b56-a475-48211d3bb346,18405571.93,2027-03-11,60.8,board_approved,1,12.0
9ff80ac0-5cec-47cf-9329-93de5717fee8,78219251.1,2026-08-21,62.2,board_approved,1,8.1
c404bc9e-9a96-48d6-a5cf-64d72e98a25a,140062491.68,2026-12-12,56.7,board_approved,0,17.3
7a9e9b3f-e332-4468-a087-06de7c974add,55839264.46,2026-09-27,69.0,term_sheet_signed,0,71.9
7485d0cb-5d65-41ff-9c90-c91bb8d637ed,67445818.68,2026-10-09,43.8,board_approved,1,22.4
08f15a47-9cdb-4867-bbad-a3902c7bf758,39286395.04,2026-11-28,47.7,term_sheet_signed,0,55.7
a1b084c9-5677-41b5-b419-10bad62ac624,48335579.28,2026-10-01,37.9,term_sheet_signed,0,94.8
b4a71381-fdb2-4e3b-9567-52c471fd29de,27377661.22,2026-09-28,48.7,due_diligence_completed,1,49.1
480c6870-ce74-4b3b-b89e-ef19c2cb8ff5,11247816.64,2026-10-17,70.0,due_diligence_completed,0,59.4
76d81f5d-e8e0-4708-97ac-2352106280ca,55332833.68,2026-12-01,61.4,term_sheet_signed,1,35.0
4aaf9f64-07b7-47f9-9c6e-52b412e09175,25934224.48,2026-12-05,64.2,term_sheet_signed,0,63.2
7b552169-a451-4f0d-b700-f2ade964b0e0,7649833.1,2026-11-07,34.6,board_approved,0,20.8
d00a92b9-5ae3-4512-9bb6-d7b4bfea940a,81744730.09,2026-12-29,81.6,board_approved,1,7.6
2213b81b-4e92-4ee7-bbba-60e8f24f5dbc,47948349.72,2026-11-05,71.1,due_diligence_completed,1,27.9
f6275c5e-09ef-460e-8692-357c41be0eb2,62428580.94,2026-11-28,40.8,term_sheet_signed,0,60.7
086839f9-1915-4d11-8b76-c557a6ff0a38,65920073.8,2027-03-02,54.8,board_approved,1,18.9
a9d5142b-f1dd-451d-8e02-96bb24d411f7,13681527.67,2027-02-23,55.3,due_diligence_completed,1,49.6
32d09b88-7590-4a93-895a-a07ff6724a07,25787346.62,2026-11-23,28.7,term_sheet_signed,0,76.9
fa68f410-3969-4736-a83c-cd111d0aa0e6,25721395.39,2026-09-06,47.4,board_approved,1,24.4
280c93e2-7540-46aa-9de6-8d42de5f22da,43312619.21,2026-09-22,52.2,term_sheet_signed,0,52.8
5c9f7ac7-9d91-46ec-8531-6dbbf59e71d7,19814325.02,2027-01-29,47.3,term_sheet_signed,1,90.1
33d1f4ca-1a02-470f-bc27-0b6229ad837a,34901435.66,2026-12-03,60.5,due_diligence_completed,0,42.0
74fd66a0-99cf-4fae-b66b-e0b1eeda699c,40534099.68,2026-09-04,34.8,board_approved,1,9.7
5b2fc158-c85a-4274-b470-5ddb6018dea9,36331092.46,2026-08-19,83.8,term_sheet_signed,0,49.3
f7c4d150-1b48-4ab5-b24d-641b734f262a,9756009.53,2026-12-25,27.6,due_diligence_completed,1,38.5
97aa51d1-3a16-4431-8f02-169d0889ad56,17090241.36,2026-10-07,32.3,due_diligence_completed,0,40.7
2c4be020-f46d-4a13-a4ef-33d344c0954c,48279122.93,2026-11-27,69.1,revoked,0,247.0
c4cd859b-333e-484f-8d98-251e2579be6d,78578909.33,2026-10-19,58.9,board_approved,1,12.2
3eb25035-87f5-47d5-b165-b0476c4dc226,54019057.73,2027-02-05,87.2,term_sheet_signed,0,55.1
39668f86-5e9c-4fe9-92b6-4dfb3416f176,34228716.9,2027-01-31,65.8,board_approved,1,18.5
2a3c72e3-e744-4e7a-8d24-7ea914afc3bb,228843011.94,2026-08-21,70.6,revoked,0,189.4
28ec0ad6-9292-43d4-9388-722a9c1bed4a,40952953.25,2026-09-30,71.5,term_sheet_signed,0,84.5
a68ef9ba-7b49-4851-9658-bcb308b8fb2b,9756275.37,2026-09-16,82.6,revoked,0,175.9
e74f6a04-4300-4aab-b545-4b617f7722f9,24192133.37,2026-10-14,35.6,board_approved,0,21.6
2d14615f-5fe2-407c-bd60-3f11ff50188b,13809506.79,2026-08-31,81.7,board_approved,1,16.2
ce3c9532-21c7-406c-85ef-d827b01ae023,53856259.86,2027-01-08,30.6,due_diligence_completed,0,44.5
c142238d-b99d-428c-bf4f-9b73fa2ff347,41122860.75,2026-10-14,30.2,term_sheet_signed,0,108.5
c8e85d48-eab6-46da-b0c9-35ad36423907,29386277.82,2027-01-31,46.1,due_diligence_completed,1,52.2
1f5ceef2-0953-41bd-b81f-4264cd9ec69a,15551905.75,2026-10-06,55.3,board_approved,1,10.8
384a8e08-4993-4670-8838-e6dafc03ae38,166777488.83,2026-09-03,62.6,board_approved,1,18.0
90ad0ca8-da11-42ed-93f6-f8c303265efb,26226286.55,2026-12-15,83.8,due_diligence_completed,1,35.9
cb3e1341-ac49-4d1d-879e-68ad5e0d0538,37746667.76,2027-01-06,46.0,term_sheet_signed,0,79.4
4c6a2cb9-3065-4c99-bf40-7c7b0ca9314f,15111543.28,2026-09-02,55.5,term_sheet_signed,0,79.2
57a7ecd6-ef90-4fb1-abef-910fcbfc233f,16185047.15,2027-01-03,54.4,board_approved,1,16.9
ee0ef75e-ef31-4379-95e9-764f24b36770,58476071.57,2026-11-07,47.2,due_diligence_completed,0,48.6
cc5901e0-34a0-4f51-98ba-7a4d1cf8f5d2,28893095.0,2026-11-22,77.5,due_diligence_completed,1,36.1
8d3dd623-5b1d-4440-8985-3b167e948d36,18822509.35,2026-09-26,49.4,board_approved,1,17.7
63f90aa2-e612-4d32-b5f4-d79e0cd38590,45000308.68,2027-01-02,25.2,term_sheet_signed,0,75.5
2f7db057-9ef1-40b4-b6a8-9aa65da52f59,45905508.1,2027-01-22,13.5,due_diligence_completed,0,48.6
0a65d8d1-c467-40cb-8f13-d0e66b77e1cb,36093664.16,2026-10-17,80.5,due_diligence_completed,0,15.8
9ecccc27-5a79-4166-a629-ca0b5d68f326,21690603.13,2026-11-17,57.7,due_diligence_completed,0,36.6
6e8229f8-e9af-433a-addb-9a87f7c6982f,17840300.93,2026-10-20,72.1,term_sheet_signed,1,42.3
1962f3d7-4be8-4d82-bb57-923ccd4e9241,78327777.62,2026-10-25,98.5,term_sheet_signed,1,40.7
96bc1879-d0b7-4f89-875e-7b1506a87642,40731566.5,2027-01-25,61.5,due_diligence_completed,0,41.6
729cf9b1-7c01-42e3-a68a-2f7f542ebd42,29212099.7,2026-08-27,31.2,due_diligence_completed,1,33.0
8a0478ab-eec4-4775-ab7e-292a15cc6256,42576382.57,2026-10-26,43.6,term_sheet_signed,1,106.6
2c79876e-027d-4e38-a826-1d18467b3f64,59574417.72,2026-12-25,33.8,board_approved,0,18.8
013f064d-6f5d-4f20-aeb1-cb922639f8e6,68047291.85,2027-01-24,50.2,board_approved,1,16.9
4f04ddb8-bb20-4ac3-bbaa-0a2f63f8189b,77015320.94,2026-11-22,48.7,term_sheet_signed,0,107.9
e84db629-a5ae-472f-ae26-c5f4385bb813,41543493.66,2026-11-29,39.4,due_diligence_completed,0,38.6
2bfebdf0-82ae-4abb-9698-7e7d27d99c5b,21186349.4,2026-10-18,38.9,board_approved,1,14.8
7dde7a30-22a9-4f87-a897-31c02c7a5304,214912468.96,2026-09-28,41.6,term_sheet_signed,1,72.6
cbae326a-5cc7-4abd-90db-b64ffe42f3e5,18307022.54,2027-01-13,61.4,due_diligence_completed,1,53.6
6f121bd1-72ff-464d-b4f6-ff75519b6ac1,45190621.15,2026-09-02,33.1,revoked,0,300.9
4fe725a2-c165-427a-8241-d636a9cebce2,9231892.3,2027-02-16,61.9,term_sheet_signed,0,81.6
60652070-20f2-4d7b-b4fc-5dff81777325,15321876.45,2026-11-12,82.2,due_diligence_completed,1,45.5
4bec6815-1341-4c3c-bb92-ae564007fa11,46936465.11,2026-11-03,59.8,term_sheet_signed,0,37.9
90e74196-1aa7-43ca-81e0-526a10be33c9,36439232.1,2027-02-12,53.5,term_sheet_signed,0,65.3
5c91d29c-83f9-4d00-8bfa-ba472f895433,33176221.0,2026-12-31,68.8,due_diligence_completed,1,40.8
172939db-04b3-44a9-8680-941941b540a3,39811331.54,2026-12-14,69.5,term_sheet_signed,0,82.1
f8b368c9-23c5-4625-a954-c02b697a0046,46935379.4,2026-11-14,20.5,revoked,0,245.4
335fe7f4-0dac-480c-885e-9f2753e62da8,69691108.94,2026-11-12,73.3,due_diligence_completed,1,36.2
64bfaa1b-f878-4281-95f2-92ac7b416b17,82891012.44,2026-08-27,75.4,board_approved,1,13.2
b5b38390-8093-4773-aa30-3b6c3654baef,101471623.78,2026-11-01,77.2,term_sheet_signed,0,59.2
040ab1a1-6d3c-4d47-b19c-cac6f927ce1d,20370603.99,2027-01-19,61.1,board_approved,1,21.4
3f0f0980-c813-4e03-9eef-b9db0a03ba94,34098926.44,2026-12-23,64.4,due_diligence_completed,0,31.9
f6422d8b-49ed-47fc-9c0f-ce1c9d1c01a9,67482064.99,2026-12-04,60.2,term_sheet_signed,0,47.3
aae6d8d5-2736-42fd-866f-1ef0f5a28d5f,20358651.4,2026-09-13,60.7,term_sheet_signed,1,81.8
31c8a2b9-cf38-4b81-88f3-24bd876c96a7,33277673.19,2026-12-04,64.6,term_sheet_signed,1,76.5
60180f1a-9eb9-4060-89ec-a79df8743d87,74495258.62,2027-01-01,56.6,due_diligence_completed,1,28.1
b7a57a9d-a9ee-4f42-ad76-f481acd5b8c3,92944011.41,2027-03-03,38.3,due_diligence_completed,0,51.6
e89c034a-c047-49ae-bfa6-f7765355f338,59835780.18,2027-01-20,55.8,term_sheet_signed,0,76.6
36634ab8-22a5-412b-b752-a6a702a58c00,27516169.07,2027-03-14,48.8,term_sheet_signed,0,55.4
b764acee-ff00-476a-9fbb-5b2611881877,117900160.31,2026-12-24,74.6,due_diligence_completed,1,22.8
1257be54-c31b-4fd6-90a3-63220127f87f,30277457.34,2026-08-28,88.4,term_sheet_signed,1,28.7
a916004e-7d71-4f89-a7f3-8b817a9fb6e0,44892486.97,2026-10-01,38.7,due_diligence_completed,0,54.6
f43ba695-96ef-4497-af11-b0f59d06640e,20132509.43,2026-11-27,44.3,term_sheet_signed,1,72.4
780724b7-24aa-4159-8d68-3fc02e35fba3,52263628.84,2026-10-26,29.0,term_sheet_signed,1,61.7
45a15612-df29-4c47-9d48-2831c4796fcb,57182711.62,2026-11-29,81.4,revoked,1,187.4
f29e21cc-241c-4097-b11a-384e7bba60b3,43505303.07,2026-09-01,60.6,revoked,0,207.6
7a6cb98a-4894-4c32-af7c-d9c9fc8cc204,55456820.28,2026-09-29,70.2,revoked,0,228.1
47598945-d3b6-4cd7-b943-757959a1f371,73677559.07,2027-02-02,47.7,due_diligence_completed,1,28.9
8367d16c-c36b-4a60-a30d-144367664c29,12573440.89,2026-12-30,80.5,term_sheet_signed,0,60.4
a7280402-cadf-48a4-972e-1bf8ec6bee23,21631591.97,2026-12-17,48.3,term_sheet_signed,0,89.6
158332a6-508f-4b5a-81ec-b346b39def66,23726155.44,2027-02-03,51.9,term_sheet_signed,0,49.1
f9d52d22-4c7b-4575-b895-4c62e8eb6825,19832634.7,2027-03-04,59.3,board_approved,1,15.1
6c707817-3283-4978-ada8-fd60e3ba031d,19062825.16,2026-10-01,61.9,revoked,0,168.1
1a07dc2f-bb63-4a30-950a-ee564b385ad2,23081414.09,2027-01-14,45.0,term_sheet_signed,1,115.9
13c8ba95-7342-4226-b4b0-582a0a8ad364,13717199.24,2026-10-30,64.9,board_approved,1,19.2
369ee0db-b714-47cc-bde1-f6ca1bf3a43f,19353465.33,2026-11-24,78.2,board_approved,1,14.2
a36d715b-3da8-42d4-b32b-a57151724e7c,33850482.92,2026-09-04,47.2,board_approved,1,16.6
09c444de-0539-41fa-b287-01444299c9de,37762671.0,2027-02-03,64.8,term_sheet_signed,0,82.0
187d390d-21bb-416f-9a32-77057f2d47e6,42406576.65,2026-08-18,53.9,due_diligence_completed,1,29.2
c95d42a5-6615-4252-a086-a5c251567fda,45370101.78,2027-03-07,22.1,board_approved,1,26.2
3c17bd7b-656b-4c4b-a7fb-68ab50f8578c,40573606.23,2027-03-15,48.8,due_diligence_completed,1,36.4
b8b8b41c-6a5d-4b26-9a2e-c02c73049b91,25132433.94,2026-11-02,64.0,term_sheet_signed,0,45.3
7507b3b0-762a-476e-b5ca-a2ac73be2906,45763448.67,2027-01-06,70.9,board_approved,1,17.9
5158a740-11a0-4a4c-a445-4482e0c9d051,37696431.33,2027-02-01,66.1,term_sheet_signed,0,105.3
505b23e7-34fd-45bf-9f99-ca44b5f40f92,51670929.75,2026-09-14,46.7,term_sheet_signed,1,49.6
bceca7cc-523e-4965-9fba-6cc1a65bf026,20448934.63,2026-12-24,58.1,revoked,0,220.0
165a2cff-98d0-4d1e-ab6c-23868f72eb47,59131741.59,2026-12-17,95.5,due_diligence_completed,1,34.0
ad5d8bbc-dd85-410e-aded-7d1e36806966,56463798.91,2026-10-05,46.8,due_diligence_completed,0,46.0
b5ff7b1e-8e5d-49d2-855b-fb7415e42973,38191392.79,2026-12-12,62.6,revoked,0,116.9
86af1c01-2216-411a-80fe-dd21eb462281,45048323.01,2027-03-02,8.0,term_sheet_signed,0,124.6
de62af19-748c-49d3-8c67-5648fbcefe71,31385347.29,2026-12-16,73.2,term_sheet_signed,1,76.5
2742c501-60c1-418e-89ce-ff992c289ce2,21939106.2,2027-01-23,79.9,board_approved,1,20.2
560b8f94-0327-4310-a6a5-cb9338ece783,25189465.0,2026-12-22,98.3,term_sheet_signed,1,40.0
8fea746a-e158-4125-8072-c1132f8b513b,42344707.29,2027-01-21,70.0,due_diligence_completed,1,47.2
f12a174d-974b-4885-8c09-5e8ee496778f,221174613.51,2026-12-10,83.2,due_diligence_completed,1,36.5
8957b235-65bc-4a19-9aa5-a68c8be8cd85,13441695.08,2026-10-06,50.1,board_approved,1,14.5
bb5811c6-86ee-4465-9f3a-cc488d3bb853,46908877.95,2026-10-31,94.4,revoked,0,135.3
6438fe68-8e4d-4bfe-a538-dca349024d50,39059540.87,2027-01-28,79.3,term_sheet_signed,0,58.8
dd30b78d-bb00-4e2a-8f14-fcfda3758c46,12156208.23,2027-01-12,31.9,term_sheet_signed,1,84.3
1f10d6b1-4ab7-4246-8196-3f1cc2160308,41130131.52,2026-10-24,59.3,term_sheet_signed,1,54.6
491ac879-3ccb-4b62-a967-4e42e0ccae3c,19931163.11,2026-12-12,67.7,term_sheet_signed,0,84.1
c64e8c1e-6ef5-4499-a04d-8fc76cd2fe3f,30075282.47,2027-01-22,58.1,revoked,0,212.5
d8323bf0-f179-4980-a431-26a18f352110,43103910.76,2026-08-18,72.6,board_approved,1,17.7
00760318-1d0d-43ca-95f4-82b8c01fd28c,24576076.36,2026-12-14,77.4,board_approved,1,23.2
9e72fe73-f847-46d8-833d-f380c5c7f8f0,25950678.19,2026-12-07,25.7,board_approved,1,21.3
4d7aec9a-6b30-48b2-823b-4d7d7d8aa9ef,21244906.11,2026-11-07,88.0,board_approved,1,16.3
590786b1-354f-4d74-8cf5-634eb01f6dc2,68801962.47,2027-01-31,69.9,due_diligence_completed,1,44.5
8afd3c8b-7e70-44b9-913d-514825b9b4a7,42479004.84,2026-12-21,61.3,due_diligence_completed,0,50.1
c9f69244-5085-4ff7-8d0e-fd52eebdf088,24508349.39,2027-02-14,60.9,term_sheet_signed,1,69.6
dd134440-8b94-475d-8584-dcd574ae760b,29085093.0,2027-02-05,100.0,term_sheet_signed,1,66.5
fc7361b8-a8d6-4c18-8b49-93f43c0baaf7,31742798.06,2027-02-05,100.0,term_sheet_signed,0,42.0
9cd4b56a-68a6-402c-abc8-df937ff28f58,66172957.3,2026-11-08,65.0,term_sheet_signed,0,89.7
0882ef12-1878-4856-a5d1-4bb9c3bd98ce,201719981.68,2027-03-04,53.4,term_sheet_signed,0,60.3
54e3ad60-0d93-47eb-bbcb-0fa7ec6c926a,69855655.97,2027-02-17,41.1,term_sheet_signed,1,81.5
0db9441f-cfa9-4de0-a895-0a04b61b8ac4,23961370.86,2026-10-22,74.6,term_sheet_signed,0,67.5
344ff6da-8ec3-4841-825b-8920b18af7c1,24503530.39,2026-09-19,66.7,term_sheet_signed,0,55.0
bf3cd35d-2519-4089-8b80-f8e515a9328b,86937063.71,2026-12-06,41.1,term_sheet_signed,0,90.9
b84adfd8-1aea-4a26-a4a8-4f110f361773,14281339.85,2027-03-06,100.0,term_sheet_signed,0,44.4
64e00964-2b5c-40df-afe2-ec97d09f469b,33271381.19,2026-12-26,38.4,due_diligence_completed,1,52.1
2f2d3b30-7910-4da7-97f7-dbbfbfec44df,54007693.74,2026-09-23,69.6,term_sheet_signed,1,60.0
f8bccbea-95b5-46cf-a55a-df7ecfb6ca87,13026667.34,2026-11-17,64.7,term_sheet_signed,0,38.6
d17fa167-9dea-465e-bb4f-f7456f5752c2,30067174.34,2026-12-16,57.6,board_approved,1,21.7
c06ebf02-21c6-4f10-b0a8-1462b94d8a94,21867521.67,2026-11-13,41.4,term_sheet_signed,1,82.3
8a53a96b-1c14-4f38-9ed3-c959e9d5588e,40162458.52,2026-11-03,56.4,term_sheet_signed,0,57.5
77a24f31-685c-48ca-806e-7a1fe1ec9118,42054628.69,2026-10-14,56.5,due_diligence_completed,1,54.9
02389087-c6a4-44ac-9dfd-5d44436e9be6,51784084.14,2026-08-27,50.9,due_diligence_completed,1,39.9
9ad605fe-2ae1-475f-8d16-194d66e969f0,86444390.38,2026-09-04,79.6,board_approved,1,12.9
46a1043d-1483-4508-81a8-405dc0cc0f6b,37548945.71,2026-11-21,60.2,term_sheet_signed,0,44.3
333d95de-78ea-4484-9d01-2b8a12578774,41933520.98,2027-02-18,44.6,due_diligence_completed,0,33.7
d56c957b-6030-465c-b47a-84cfac1431e3,56376850.65,2026-09-15,63.0,term_sheet_signed,0,73.9
b9294df6-9166-4ed5-998c-b70a4f4f0935,18399895.36,2027-02-10,38.4,due_diligence_completed,0,37.0
da77a177-0638-4168-b903-787b1d236273,37726923.62,2027-01-25,59.2,term_sheet_signed,1,65.4
f3399230-7fb5-499e-8fd0-7068f8c6bb12,17258175.12,2026-11-01,43.9,revoked,0,232.9
d7a51103-1dfd-418d-a71e-05e17a3bfa06,25475454.71,2027-01-14,28.4,term_sheet_signed,1,109.4
c6b626bd-45d8-4525-82b9-71856e953a41,59714581.57,2027-02-25,58.3,revoked,0,239.1
85879196-74f7-4751-8d9c-8f9febc72266,46177807.79,2027-01-20,66.6,term_sheet_signed,0,76.8
75713b06-0ae4-4179-ad80-949679a32a75,43267964.86,2026-11-20,44.3,revoked,0,231.5
e5071270-ff5a-4be5-a614-988e7adc8f47,35020180.34,2026-10-14,72.2,term_sheet_signed,0,57.6
34596479-5d43-454c-b3a8-af1843955e5f,58163283.04,2026-08-20,38.2,term_sheet_signed,1,82.9
c7283d0f-2c54-4eeb-8108-d6d6e80156b6,123495280.06,2026-09-28,34.4,revoked,0,110.2
fb745d15-ab3c-4a3e-9629-c03c1550fb53,77281433.21,2027-01-30,60.3,due_diligence_completed,1,47.1
313fcd33-4a89-4f6e-b859-66efee971132,156170398.81,2026-11-10,73.9,board_approved,1,10.4
8a0b23b7-8d05-40f0-9e2b-ae23c03b6d7e,81950050.87,2026-10-25,82.8,term_sheet_signed,1,77.8
1a95bdc9-be52-4040-a1ac-6eeb8732e9f9,25393377.21,2027-03-07,100.0,term_sheet_signed,1,48.5
50b4ad57-65ed-42b7-86fb-0e33ef133ae6,7590398.84,2027-02-14,42.2,term_sheet_signed,0,85.8
c234973e-bc2e-42c5-b7b5-01dcf5213752,40145683.68,2026-09-06,98.7,board_approved,0,15.1
312da18f-d6a0-416a-a0bd-516abc2be9b6,90537146.15,2026-11-22,65.6,board_approved,1,20.4
c6f04e3a-dd1e-4c76-b8ca-ccc910d8f274,50778794.35,2026-10-04,54.2,board_approved,1,18.2
93df0275-0b7a-40d9-8644-2fe153e09354,78936316.77,2027-02-11,85.2,due_diligence_completed,1,14.4
0d581d66-b846-45e7-bb09-52b3bf286881,96202157.11,2026-10-08,15.6,term_sheet_signed,1,113.1
51c7348f-dd35-4f50-8cbb-971902600bec,46569325.46,2027-02-14,28.9,board_approved,1,19.8
b32171ac-9f18-4f4f-8d5c-a8ca196a6f38,65706954.38,2027-03-12,100.0,board_approved,1,17.0
01971d48-ee6e-433b-b1bd-1a3cd59f59c7,11607281.97,2026-12-19,56.2,due_diligence_completed,1,52.1
28f3e596-06d4-4e09-afba-aa51564d8620,26296282.94,2027-02-05,56.5,revoked,0,228.3
b14a1ecb-0fd3-45e4-9ab8-fecde258684d,38944590.93,2027-03-02,72.4,due_diligence_completed,0,27.4
4e3ad9e2-3cae-40a8-b02d-24bad66d01f4,48370184.24,2027-01-30,63.0,term_sheet_signed,1,96.3
2eefea4b-a86e-4f5a-aa90-f4bd56a3b20f,32237501.61,2027-02-07,40.0,board_approved,1,34.6
a3c60e5a-1fdd-4126-8c49-0ab8386ee66a,31557670.1,2026-10-18,82.4,term_sheet_signed,1,72.3
8fcbb506-4976-41e0-9c04-8a3c6c938e4d,37174486.26,2027-02-18,55.2,term_sheet_signed,1,66.2
748f3a04-8506-467a-91b6-6d9d34d41928,26182109.4,2027-02-08,70.1,board_approved,1,17.2
0c96f668-06b2-4222-b79d-8f8f813ae5cb,15875396.41,2026-11-26,75.8,board_approved,1,19.8
a4bc93b3-b7e8-4535-b66a-5687c3c227cc,59478960.68,2026-11-22,27.8,revoked,0,224.1
65d7f38b-36c0-4e98-b8ff-466c8eb1a6ac,14710429.22,2026-12-03,74.1,revoked,0,133.1
d6e1eb4a-5498-4eae-9f14-a0ec4874013a,35677167.14,2027-03-08,51.2,due_diligence_completed,1,51.3
7082ea53-0cea-4c4c-8b1a-8cd908e4d8e1,47143367.99,2027-02-22,79.6,board_approved,1,12.9
cc8d5b7b-8213-44f3-8c71-2bc39254aad8,32192609.7,2026-11-18,65.8,term_sheet_signed,0,58.8
416fd8ff-a3be-4ce8-ae8c-627919f94222,14336694.15,2026-12-02,91.5,term_sheet_signed,0,71.9
13d3b400-a7f8-4b31-b6aa-8c77e5cbc6b6,27255026.11,2027-02-04,45.1,due_diligence_completed,1,19.4
29aad6c3-ed06-4540-bcea-bded2dadc7cd,100929654.26,2026-09-17,54.4,board_approved,1,20.0
b51b119a-6e38-44df-8d61-4061e2cb90d5,28173458.82,2026-12-06,100.0,term_sheet_signed,1,76.4
66abebba-3939-45b8-b977-c9d02c14f2b0,21617434.08,2026-11-17,80.6,term_sheet_signed,1,57.5
24dd8fa0-0ae6-4b38-a6d1-de9c3f75d721,47008952.42,2026-12-01,40.3,board_approved,1,20.5
a4286006-0803-4d52-a325-21578abf1608,22231677.32,2026-12-26,71.4,board_approved,1,21.0
9bced8f2-ad64-4a40-8d07-f8c6a74c6e3c,30254361.66,2026-12-20,52.5,due_diligence_completed,0,53.4
bce80f58-47cc-4825-b68e-555d9aee340e,55101004.42,2027-03-15,51.9,term_sheet_signed,0,66.5
549abce5-5f98-44c8-92b4-2fa2edc4b63f,27708251.93,2026-09-18,79.9,due_diligence_completed,1,19.2
bd707a21-4cb3-4043-b967-cf1cfe34e11c,36296560.58,2026-10-10,33.7,term_sheet_signed,1,67.9
c14164b4-95ca-4f59-b661-2ca93ee5a6cb,88057678.82,2026-10-15,51.2,term_sheet_signed,0,74.8
067852cd-599c-49d9-907b-3530102a7028,48479320.42,2026-11-15,51.3,revoked,0,153.4
d87972d5-9e1c-49b0-b837-d2864b89c62e,45219016.28,2027-01-13,19.4,due_diligence_completed,0,49.5
72a659a8-097e-408b-8e8e-ec39e7d50079,45374655.09,2026-10-16,42.4,revoked,0,203.9
ebdef43d-33e0-482c-9f5d-e459d3f91ea3,66238687.01,2026-11-09,62.1,due_diligence_completed,1,41.7
721ae19e-e2c9-480b-816a-e77875e73a05,63058490.33,2026-09-11,46.0,revoked,0,260.7
9f7d0fdd-f00b-425c-a91f-ea025a927265,10686308.55,2027-01-26,57.6,due_diligence_completed,1,56.2
9842f723-93b3-4129-83d4-05c92c57f157,72943885.63,2027-01-23,65.0,term_sheet_signed,1,89.0
67337d7e-4db2-426b-b951-9864fceffb3e,49390944.24,2026-12-24,90.4,board_approved,1,14.0
5ea91aa9-e28e-4589-b9fd-79c85d7c4dbf,45341024.82,2027-02-14,94.1,term_sheet_signed,0,56.8
760401b7-1254-4239-8165-6c637560dad8,94262727.09,2027-01-26,60.2,due_diligence_completed,1,24.2
2d16b215-6ef2-4bc6-8d68-1c6c0b431b79,35030227.27,2026-09-11,95.6,board_approved,1,21.4
e421a6e5-966c-4814-a326-16cfbd17b287,31869160.94,2026-11-06,58.6,term_sheet_signed,1,61.5
c9bda8db-b0b0-4aa1-8a46-68b98024eb5e,46122393.78,2027-01-28,70.8,due_diligence_completed,0,37.6
6ddb3e12-6843-41c4-b111-08e1d35379df,23695466.5,2027-01-16,42.6,term_sheet_signed,1,90.4
ff9e18ee-4a65-4c72-a76e-1fdf74c64c54,50862528.0,2026-08-25,69.6,revoked,0,211.2
26fc3b0c-3394-4ba8-9010-310f20ee68b0,33027965.92,2027-01-12,50.3,board_approved,1,11.3
926cdcf2-271f-4976-84e4-b867ae748fa6,37320748.76,2027-02-19,26.4,board_approved,0,10.9
521a04aa-52d1-4239-97b3-b952b43f7354,11301841.04,2026-08-20,52.4,board_approved,1,26.8
ce84201c-f53e-4af1-a615-9bd5b17533ce,40940685.54,2027-01-01,67.2,board_approved,1,25.5
a809a726-4df3-456b-acd0-eec266a473c5,44938565.86,2026-12-11,41.2,revoked,0,115.3
3a95e545-19ef-4194-8453-cb81f500365a,58466336.35,2027-01-16,100.0,term_sheet_signed,1,54.9
2710e8b1-1398-4f96-9904-81fd3a7432a9,24410013.89,2027-01-27,67.6,due_diligence_completed,1,53.0
8566f535-6ff1-4503-bc7a-c3e2d7e51e97,71185470.01,2027-03-15,40.2,board_approved,1,23.0
c75ebefa-6493-46a8-8a04-9fe354940bbb,41851195.51,2026-11-11,79.9,board_approved,1,17.7
edee7272-a16d-4d29-a8a0-aacc5c47487c,145428542.4,2027-02-23,43.3,board_approved,1,24.5
9652b0b8-d46e-4b0d-b0c6-74c6a788117d,83698382.7,2026-11-11,43.5,board_approved,1,10.8
9f97132f-93a1-4635-afb6-bfc9bcbc1871,92877334.03,2026-12-01,49.1,term_sheet_signed,0,79.3
18327a6e-d94c-4dac-893b-5a56b9f7b381,21950312.08,2027-02-03,42.1,term_sheet_signed,0,94.8
a2fabb49-5019-4461-bb68-0a199cc8daf4,65282368.9,2027-02-22,26.6,due_diligence_completed,1,46.3
27c24999-dfe1-4b18-b174-6e3424487178,39644374.7,2026-08-29,46.4,due_diligence_completed,1,37.1
11651e73-1396-4520-9426-20c8e4432a44,26433558.58,2027-01-16,46.3,board_approved,0,21.5
e30d0765-bd17-4e59-9bbe-66294397c609,89687695.75,2026-12-26,56.9,due_diligence_completed,1,34.3
0359392c-828b-405e-8a72-1bba8ad6084c,22037496.21,2027-01-22,61.8,term_sheet_signed,1,69.8
bd0f3dbb-109d-4bdd-b2a6-79a2f09edfa5,32686554.08,2026-10-21,84.1,revoked,0,185.4
c814db7f-5482-4aa6-abfd-d19d1c45d70d,37778703.7,2027-02-15,71.8,board_approved,1,13.2
da61e7e8-5780-446e-8c0a-38b57bd0bd6b,106559327.78,2026-10-06,56.9,due_diligence_completed,1,46.3
ec137fca-ad1e-4b82-9bc3-2a623ad9d317,12753436.21,2027-03-13,38.9,revoked,0,169.3
f421ba0d-16e7-4868-8b0f-f5552e4bffc7,46776788.64,2026-08-28,48.3,due_diligence_completed,1,43.4
c41ad419-aff6-47b5-ad78-651ec997466c,26165428.7,2027-01-18,39.8,board_approved,1,13.6
ab7d307e-dbd9-4456-94fc-4580aa0b3ce2,31335764.38,2026-08-28,62.4,board_approved,1,18.4
153ece50-2662-455e-9052-e3c109dcdb0d,94261828.23,2026-09-19,73.8,term_sheet_signed,1,72.1
cd05fcf4-bed4-461d-8d44-3977f220e8ab,101896456.03,2027-01-31,67.3,term_sheet_signed,0,37.4
3ffe7116-0840-43ad-9c9c-1489559a26fc,34866683.3,2026-10-09,84.7,board_approved,1,13.1
eb4305ac-4e4e-46e2-9637-3b0dc1c1267c,13882143.99,2027-02-13,62.8,term_sheet_signed,1,91.5
798af809-67ff-47e5-9480-e303b38c9e02,21440252.11,2026-10-27,34.4,board_approved,0,19.9
d579e21a-89a1-4ecb-8fd4-22e267028853,53605582.28,2026-09-06,79.1,board_approved,1,18.1
70c6e2d3-6bcb-4492-a571-226947ab4078,20435281.44,2026-11-27,77.1,revoked,0,217.1
c117eba9-1f12-4aff-be6e-b2c82fcf2bea,50636638.08,2027-01-12,56.5,due_diligence_completed,0,46.5
98b4a4fe-160a-4b94-aa86-0bc295a663bb,60849825.38,2026-12-23,59.0,board_approved,1,13.5
dcbc81a5-5ab8-4db8-8e5d-d1dcf1682680,42668024.07,2026-11-08,61.4,due_diligence_completed,1,52.8
8189e84e-7f40-4a86-b1fd-50dd811e11e9,86353320.79,2027-02-10,63.5,term_sheet_signed,1,72.0
f649fed5-a769-4016-b405-87cc57e88b23,23140976.95,2026-12-22,52.6,board_approved,1,28.8
4f431e37-4edc-4bef-bc71-c464e2cbe1a5,18234742.44,2026-12-27,36.6,term_sheet_signed,0,71.7
222e63e0-7310-42b4-88b3-512f5bb59f30,22597419.42,2027-01-12,51.9,due_diligence_completed,0,71.8
faf80560-86b5-444a-8be3-227de541ac93,58734888.56,2026-12-04,42.9,due_diligence_completed,1,26.1
6742d44f-1d86-4a24-b2ea-ac6e1e00518e,74598529.31,2027-01-28,83.2,term_sheet_signed,1,57.6
c7a35eb8-cd94-443a-b89b-d24bc188c870,50369562.02,2026-11-23,39.0,board_approved,1,12.7
538efb9a-7be1-48a9-8d49-175f5c3a1a0c,19412874.28,2026-09-18,81.6,term_sheet_signed,0,65.8
dc07eeb2-5410-47f2-b906-b6798bc072d5,26253788.35,2027-02-16,77.4,board_approved,0,14.5
1d5f7837-9369-4214-aa70-190582d2502f,26260435.36,2026-08-25,49.2,due_diligence_completed,0,65.0
2bfd8e95-27f1-43b0-89ae-da9a511a3825,71173792.95,2027-03-15,75.4,due_diligence_completed,1,35.8
27ccc7ed-ae2c-4dc6-8f7c-9e88e88ea874,193510910.27,2026-09-07,51.4,due_diligence_completed,1,39.4
8e06b5a2-6070-4c66-a352-98d08ecb38b3,98218390.44,2026-12-31,39.8,due_diligence_completed,1,53.7
b77c84dc-bdfb-496a-af25-64b586dec08d,42147334.21,2026-11-13,67.7,term_sheet_signed,1,66.1
20e2117d-5b7c-49d1-84af-828ca1f82202,96760965.72,2026-09-13,51.0,due_diligence_completed,0,35.9
dd68ff04-4090-41a5-9684-66dcb579fa51,59731135.79,2026-09-02,82.0,board_approved,1,15.1
4c9dd078-b80f-45c0-9203-aa791a5e5db1,34080351.75,2026-08-30,47.1,term_sheet_signed,1,93.0
996b80de-764c-439e-9a7e-0a8bd73fbd87,42508783.86,2026-11-22,42.9,due_diligence_completed,0,24.5
71799487-4db0-4fb8-863c-22d3a85e8e54,27218335.51,2026-11-03,32.5,term_sheet_signed,1,74.2
a024a34f-ee29-4511-bb67-01956b0848b8,28885394.94,2026-08-25,60.1,due_diligence_completed,1,50.5
b279ed81-1960-4e98-8952-5c29eecef8aa,15800613.12,2026-10-16,76.9,term_sheet_signed,1,73.5
eb0d0a6e-260a-4149-8b65-15522983f36d,37141296.17,2026-11-18,60.2,term_sheet_signed,0,104.3
759d3560-7483-48f6-b6d3-3799d4c6ccb4,22996775.47,2026-10-06,100.0,due_diligence_completed,0,39.1
e8661d6f-de98-46aa-b492-ee94b0239bcc,37336417.67,2027-02-17,69.9,due_diligence_completed,0,41.9
105d4406-a237-4574-b148-6bcb223604a5,36008859.32,2026-10-01,61.5,revoked,0,213.2
29fc0eb0-5465-43ae-b0e2-4dd31f9bbea7,21270726.25,2026-11-10,46.7,revoked,0,172.3
a0c8b76f-0695-4150-b5a6-e7301dd86fb7,36285248.03,2027-02-14,79.5,board_approved,1,22.1
7379c0ed-5ecb-4e98-8eb4-2bf79816381d,102484896.01,2026-11-25,43.6,term_sheet_signed,1,80.4
44b3775b-3bea-4653-8fc8-1122cbfa45da,16499099.17,2027-01-08,42.2,board_approved,1,16.8
60482df4-4733-4b7b-9c19-d1a11eda3b54,18728753.38,2026-10-22,38.3,due_diligence_completed,1,66.6
20834d45-61d4-4bbe-8c51-fc8aa39e8cab,13175525.66,2026-10-01,71.4,board_approved,1,12.7
034aa5b7-29d4-4267-ab1c-5c36e5ba431b,10368712.61,2026-10-20,62.3,term_sheet_signed,1,60.1
c538430e-b182-416f-b0c4-6acfc1eef12d,47838825.42,2026-12-16,67.9,term_sheet_signed,1,79.5
072106d4-793e-43fa-b52e-e9004eaf38ff,47778205.45,2026-09-28,60.0,revoked,0,194.7
4f5e26d3-64be-4ec2-836c-ee40cc5bacb5,24384663.83,2026-08-27,53.4,revoked,0,191.4
8d4cd845-5a22-42cf-a218-8b08f5605c2e,26751356.75,2026-12-17,47.2,term_sheet_signed,0,53.2
8b6b35c5-60fb-480d-8555-aa749d41924d,23731645.97,2027-01-10,61.6,due_diligence_completed,1,36.0
9bb91941-ef75-4106-8782-9e1dc2de84f2,28853498.43,2027-01-19,80.4,due_diligence_completed,1,37.2
18ae6c18-2b4e-4c1b-b4c0-9f54545c983d,19395074.97,2026-11-03,60.4,revoked,0,164.8
4d3be359-9e2e-4f7f-90dd-26f8d3bde095,10417302.68,2026-09-16,60.0,board_approved,1,27.9
b54af0bf-7be6-413a-aa91-3e0feac0d62b,21598704.39,2026-11-20,96.6,due_diligence_completed,1,26.6
315f94a9-912d-4d96-b252-adfaa3a6ec38,27053489.07,2026-09-26,34.5,term_sheet_signed,0,100.4
3fff51f1-12f7-421e-adf4-cdf4e540826b,17711897.54,2026-12-13,65.5,due_diligence_completed,1,33.2
6e068359-cbfd-4ae4-8b22-03e27648046b,75062477.02,2026-10-04,83.6,revoked,0,50.3
e7c67c3f-41a1-49da-a93f-fc6c0f800a81,31303705.54,2026-09-02,88.4,board_approved,1,21.7
b7edf488-fc42-4557-8f2c-4fa154d68025,33396382.56,2026-12-30,60.5,term_sheet_signed,0,74.3
213e8b06-b3d4-4336-a603-9811f0b9bfc4,61565820.95,2027-03-12,68.4,board_approved,1,12.6
76b5eda8-45bf-4222-84ba-2c7743633890,8800709.34,2027-01-31,54.1,term_sheet_signed,0,54.5
d0db9a8e-3c4f-46ce-8624-c62075edd142,44483105.54,2027-01-08,62.3,term_sheet_signed,0,47.4
13673bbc-4623-4de8-b392-b4ee6bcf432a,25603410.68,2026-09-13,66.1,due_diligence_completed,1,24.4
fda8e6b8-46d1-4c0a-9d15-1b635f47ca94,134737648.18,2027-03-02,46.4,revoked,1,256.9
eee17ea4-4470-4e43-aab0-c5fdff2878f2,28052334.14,2026-12-28,59.4,due_diligence_completed,0,45.8
55e07c94-d835-4f05-a6d2-5bedd6a1de28,24876767.52,2026-08-22,33.1,board_approved,1,18.7
3f5ddfdb-c6b8-40e5-b77a-ba73cc45e2ab,100647944.85,2027-01-28,58.2,term_sheet_signed,0,75.9
66a9d1f7-df90-42f0-bf05-1c3917ab3a2e,45187036.59,2027-02-24,51.1,due_diligence_completed,1,47.2
649fe5ff-7952-4c1d-9df3-4030e02da82f,105734395.39,2026-09-27,72.8,due_diligence_completed,0,62.0
78a46525-e0c0-4221-bc9b-68d2ef9a60b3,19268232.05,2027-02-02,44.7,due_diligence_completed,0,56.0
5231dbdb-c750-43d9-ac65-71162536487e,60165840.22,2027-01-05,85.0,term_sheet_signed,0,36.3
bc8dbf37-5123-4771-944e-a0fe53039693,12185903.54,2027-02-12,50.7,revoked,0,185.6
8148d704-a631-4d2c-907a-d9710bdb5fe3,32218577.49,2026-10-16,100.0,term_sheet_signed,0,54.1
36f10731-f43e-40d2-a074-d09d6c2fa7be,27273416.79,2027-02-03,48.7,term_sheet_signed,0,82.8
aa40aaf3-85a6-45bb-8457-897ebaffe6a0,11677366.54,2026-10-25,49.4,board_approved,0,27.6
92169fca-0e3c-46a6-a779-e5f790395d28,35954118.79,2027-03-08,44.8,term_sheet_signed,1,66.8
3e4e6ff4-4e7b-4d27-80c0-9f1f8ddf3a7d,24044828.9,2026-11-30,32.8,revoked,0,215.1
563e6911-38ab-4574-9d1c-ffd06998af0f,49341556.05,2027-03-15,35.4,board_approved,1,24.4
0191ded7-45d1-4714-976c-d317fcb6ea58,24132965.05,2027-02-21,58.1,term_sheet_signed,0,93.8
8ade734f-2846-474a-a80b-270c9e86d830,29640485.75,2027-02-14,42.2,due_diligence_completed,1,42.7
ed9f22d1-3368-4c23-ac84-c456bf87f3e4,67889361.97,2027-02-03,70.5,term_sheet_signed,0,82.2
2242772d-e2a7-482f-bc94-815c94c066b7,38054774.5,2026-11-30,41.9,term_sheet_signed,0,56.3
547a253d-79e6-43b1-8be0-70226a162056,26612493.82,2026-12-21,50.5,due_diligence_completed,1,58.1
e4b64753-bcc5-41e7-9438-edc416bf8761,44114757.06,2026-11-21,100.0,board_approved,1,14.0
89c8f745-f8a6-4084-bfa1-37880e58b357,138450967.48,2026-09-20,68.7,term_sheet_signed,1,80.9
eea15d2d-d99b-422e-94e7-74d4636ca6a2,63238210.27,2026-12-04,28.6,due_diligence_completed,0,39.9
628f42ef-2361-4c57-8efd-70fc0920a3ab,18712758.54,2027-02-09,25.5,term_sheet_signed,1,76.0
14244917-abaf-4db8-a7a1-793cc9d9527d,29108842.18,2026-11-20,64.6,term_sheet_signed,0,81.1
ad9a4fe9-680b-47c1-b6f2-a964a5e84071,43682057.63,2027-02-14,41.9,revoked,0,274.6
b0a23ef5-517b-4dc2-95fa-2e8aece65ce1,24878502.22,2027-01-12,78.7,board_approved,1,11.9
055f6066-3075-456f-86b7-1a03c5bc2cde,133278019.01,2026-12-26,46.9,revoked,0,152.0
6016a23c-f433-4184-98ad-5c042c8f1bc3,74894173.16,2026-08-29,75.6,term_sheet_signed,1,64.2
65b3515c-78bd-4eba-bb74-0d4bd5d924b2,18327204.24,2027-02-25,62.6,revoked,0,195.7
ff13535c-c1b2-4c03-bd3b-a84b6ee40745,63574159.75,2026-12-22,92.3,term_sheet_signed,1,66.4
a4b90c13-47ab-4002-96c7-a9c09a538877,24288694.84,2026-10-27,56.9,term_sheet_signed,0,77.9
4f11be6c-1b7c-4f9c-99f2-920e792b7b7f,55265925.35,2027-02-23,73.8,due_diligence_completed,1,44.0
15fab1ed-c528-434b-8359-66ef963f947f,25759482.21,2026-11-08,68.3,board_approved,1,20.8
7dd5ba27-b25e-4feb-84b0-6b41f9ecd1b4,27394107.52,2027-01-02,61.0,due_diligence_completed,1,30.2
c44aa64d-58d0-46fd-9020-7df9a3f12dd7,54978915.36,2026-11-26,81.3,due_diligence_completed,1,34.8
211cdee7-9145-4a25-ae0c-42fa0aa39bee,34742780.42,2026-12-28,44.2,board_approved,1,18.6
e62c5358-5bec-4ceb-a573-20569a3645a8,37193707.96,2026-12-04,76.7,term_sheet_signed,0,66.7
af27af8f-fdbf-458e-a064-19b5732d9431,51192287.54,2026-12-03,41.8,board_approved,1,17.8
da1c4668-214d-49d2-9d1c-2caf092751fb,34001447.32,2026-08-21,100.0,due_diligence_completed,1,26.0
11042964-c297-4bd5-9563-17c852fea594,55554657.45,2027-03-06,70.9,term_sheet_signed,1,55.0
5deb37c2-64f2-48db-a45d-0e335452f9ab,27459265.51,2026-10-31,42.5,board_approved,1,14.7
3d69a798-3f17-414c-a790-bccaff1183a3,71556594.21,2026-09-20,73.8,due_diligence_completed,0,46.1
8f19cd5b-1b73-4dc3-b4a6-d5e49bb2d746,44290107.28,2026-11-19,77.3,revoked,0,183.2
a7e885bd-6416-4740-a224-feab26cb04b7,25978179.67,2027-01-22,30.0,board_approved,1,26.3
b92c026e-a381-441a-b4ce-677dae857cb1,25804477.68,2027-02-23,40.4,term_sheet_signed,0,52.3
502f1093-eca7-43f9-8237-e8bb4841455e,41940072.07,2026-11-19,43.6,term_sheet_signed,0,75.6
3091774c-bafc-41d1-b326-1ed9542424fc,35185075.0,2027-02-18,34.0,revoked,0,196.3
fe000889-4a7a-41bd-96c6-b1fb3278dba1,33140900.85,2027-02-24,83.3,board_approved,1,17.7
6195521c-bfd8-48d2-8fa9-cd38a5dc14aa,48267533.5,2027-02-08,69.6,board_approved,1,15.2
912d6856-5d6e-4397-a8d4-9e3d06249474,60762834.48,2026-08-24,58.8,due_diligence_completed,1,53.5
18920c04-5231-4f3b-82e2-572674be5289,82223992.36,2026-09-23,33.7,due_diligence_completed,1,61.8
46b6e246-81e3-4ed0-b090-55504dbd7304,14696163.75,2026-12-10,61.7,revoked,0,197.8
3c25684a-ad8d-4012-9907-12decbf0eec5,38353332.91,2026-11-12,41.7,revoked,0,141.8
b1979b32-927d-42fe-8a74-f596a84020da,30421903.84,2027-01-22,30.9,term_sheet_signed,0,61.1
a6a253d5-a85d-4f16-8fad-67bb55fcc5c3,55255379.27,2026-11-20,50.3,revoked,0,236.6
971f1048-e851-48d9-81c4-aee993b9c006,77686792.8,2026-12-14,37.0,term_sheet_signed,1,86.1
c02e655b-4ccf-46a7-bd2b-c6658c4f8d68,48747964.74,2027-01-08,69.7,term_sheet_signed,0,43.8
3fab504d-c72b-4ddc-bf52-5b4bd7e2448a,79369609.78,2027-02-17,63.7,board_approved,1,11.9
77a552eb-74d2-461b-8f0e-bb9ad602510e,48895800.65,2027-03-12,52.6,revoked,0,277.8
6a6cb57b-e2b1-44e9-b108-47488d1b1528,42476826.3,2026-12-29,53.3,due_diligence_completed,1,47.8
7b592d77-59eb-420d-bad5-c435d941d3d8,50479894.76,2027-01-30,50.2,term_sheet_signed,1,74.2
44a78f38-ad95-4ffb-8cc1-856c4ad02970,76199867.5,2026-12-24,43.6,board_approved,1,19.8
433b9c98-70e8-4895-8010-a9462555e9c7,20192223.96,2027-01-01,21.7,term_sheet_signed,0,41.5
ff5aca3e-429c-45e4-a5ff-76a62d43db14,113370652.6,2027-02-10,52.0,due_diligence_completed,0,38.3
12688266-4a8b-4a4d-b588-b48d7766398f,72962770.96,2026-12-01,45.2,term_sheet_signed,0,97.9
14053b6a-e02c-4134-ab3c-8ef4ae782468,34959955.37,2026-12-15,39.4,term_sheet_signed,1,69.9
4a1a31be-3efd-4af6-b36f-e03dca25eb3f,57784055.34,2026-11-23,48.3,board_approved,1,19.9
8acb52d7-d040-4107-84eb-dfd880ed912f,55403440.12,2026-11-15,63.0,due_diligence_completed,1,51.2
21a2a4c2-c950-4f30-baef-5479f4f67e96,54275044.09,2026-10-03,100.0,term_sheet_signed,0,61.7
bc5a2171-e70e-4a81-b86c-3b5894fcaf5b,29393920.93,2026-10-31,51.1,board_approved,1,19.0
6217cb25-2308-436a-aa86-ded3984bc8c5,66845225.86,2026-12-18,81.7,term_sheet_signed,1,50.5
f3650014-1351-4dff-8449-d775490cdb0b,15191489.22,2026-10-03,75.5,revoked,0,176.4
7bfc4098-b6f5-49f8-9efb-5cb354337c88,47220732.44,2027-03-14,78.2,term_sheet_signed,0,63.3
e42981ce-1940-497d-8262-349f46e7e27c,40281171.61,2026-10-28,54.8,board_approved,1,10.3
cc43b6d0-19ab-43e4-ba27-0a956b81a499,33638372.26,2026-10-31,61.1,board_approved,1,20.9
62534614-4707-4657-bf5f-b39e785e834b,32316811.27,2026-11-10,27.4,term_sheet_signed,1,121.1
9aa05f10-d8cb-41ea-a366-6efb8a9727ed,34642078.97,2027-02-22,30.6,board_approved,1,23.3
e580f635-4d60-4632-86f7-869afd1808df,41407221.36,2026-12-03,41.7,due_diligence_completed,0,57.0
dadd84e0-8ee1-4851-8b3f-754547c06dad,7863240.78,2027-03-09,53.1,due_diligence_completed,1,58.1
db712ba7-b344-4eb3-a830-65398a8abf50,43985354.76,2026-12-05,39.6,due_diligence_completed,1,20.8
1072feb7-2727-4ecc-8d22-9c7070f7ea54,53298213.75,2026-09-26,41.4,term_sheet_signed,0,79.4
316a70cb-d431-4ba9-a3dc-dfbc67a53c12,42918707.74,2026-11-01,66.1,term_sheet_signed,1,41.7
5cc3e9ff-8eb2-4bd5-ad03-6790737a7070,39627428.27,2026-12-11,48.3,board_approved,1,23.4
f86efb32-6218-4c2a-88e5-aa054c547675,33704510.34,2026-11-14,40.7,board_approved,1,22.8
fae18286-5323-4881-9945-2f20f96e8a19,38107162.06,2027-01-05,46.6,due_diligence_completed,1,45.6
3b893399-611e-4c60-ae3a-10619b78ad03,29311757.24,2026-10-26,29.0,board_approved,1,12.8
6173b27d-6e22-4cfa-8a0a-2f5e15140485,56529428.97,2026-12-13,39.1,due_diligence_completed,1,37.1
328bdb31-5499-46f4-8be0-e90c42d1b71c,29603289.06,2026-08-23,22.8,due_diligence_completed,0,63.1
d3662e95-fc8b-463e-b68c-9f8e087affff,16039818.54,2027-03-13,81.0,due_diligence_completed,1,43.1
11008249-965d-48a7-ae1f-3c238d0b28d3,108544711.88,2026-10-06,52.7,board_approved,1,19.5
9ffe494b-444c-4e6d-9a47-40e4e95eb139,43040225.89,2026-12-02,19.6,board_approved,0,17.1
c66f8690-ef25-4abf-8132-b1acf499349f,70185305.32,2026-09-04,62.3,board_approved,1,24.2
b8d95641-43d3-4f05-846f-1f02c8e44e96,75420321.44,2026-09-08,57.7,term_sheet_signed,0,121.9
aa2cfc4b-a421-4b3e-bf44-8391923b98e1,54573424.11,2026-12-09,67.6,board_approved,1,21.4
a143833d-9a6d-4574-81ce-ca63c52e30cf,32458147.63,2026-10-06,88.1,revoked,0,105.0
932bbb22-3116-4f19-83c2-0d5f006183a5,42291715.88,2027-02-24,47.0,term_sheet_signed,0,113.1
1b1ef88e-f78f-4c7d-a6d3-7d0dc08563eb,41383244.18,2026-09-26,60.9,term_sheet_signed,0,89.5
202e247d-0702-49a9-8cfe-4a46a3c6081a,71639397.01,2026-08-22,51.6,term_sheet_signed,1,73.6
f2329346-62f6-4918-ab17-ca3adf4a2474,127613939.1,2026-12-06,74.1,due_diligence_completed,0,52.6
8c424b6c-4800-45e0-a027-8fedbedfa621,22614549.62,2027-02-16,64.7,due_diligence_completed,0,48.9
6ebcaf81-4485-499e-9a16-5af5e159c23e,18092038.48,2027-02-19,31.7,board_approved,1,24.9
d1dcdaee-2d61-4b8a-978a-3afc7d706f83,12767441.82,2027-02-05,87.2,revoked,0,191.7
5828397b-b75e-4a92-b831-77f1aaa6067a,76845959.25,2026-12-28,53.9,term_sheet_signed,0,49.3
46a064cb-2bc9-4401-88cb-2245a2fe8066,34841044.68,2026-10-28,17.2,revoked,0,240.4
0427e37d-2ebe-4602-a937-768aaa238ecf,71474484.87,2026-09-06,77.8,revoked,0,203.1
3d64b3f3-a72c-4a91-9ebd-1c4424352ac5,46702917.29,2026-11-24,74.7,due_diligence_completed,0,36.1
f2889de6-e157-4af7-963d-466bb7beb592,33625367.02,2027-02-19,40.9,term_sheet_signed,0,107.6
bfd44ae5-5a5d-4f66-aefa-54005671b641,76102326.49,2026-10-01,80.1,term_sheet_signed,0,70.6
d74a74be-3fef-4709-bdf4-ccb5907188bf,58322936.91,2026-09-12,86.4,due_diligence_completed,1,36.6
f63e4f23-1843-413e-9246-cfe5d0a7266e,52097578.0,2027-01-20,56.4,due_diligence_completed,0,32.1
b6942cac-fbf0-478e-93f3-6151b7beb13e,27360899.76,2027-02-24,32.1,board_approved,0,24.1
6d3ab597-bd44-448f-97f6-576501e2b8a1,38414465.46,2026-09-15,68.9,due_diligence_completed,1,46.4
bb7fb834-2b8b-4d45-a16e-6158942d6e95,33020498.17,2026-09-07,60.8,revoked,0,144.0
6670aa78-d8bf-4864-ad59-9fe6a02c884a,17999364.67,2026-10-15,67.7,term_sheet_signed,0,65.2
b9190bb6-62e9-41cb-99b9-e6667cf9ec55,87242288.57,2026-10-14,56.3,due_diligence_completed,1,48.4
eb00051b-cb82-4a1d-8c83-4a0f740d1415,32574514.53,2026-12-13,78.8,revoked,0,131.8
6d988bd2-9c24-4cbe-8e56-bbb6d639a858,36309138.25,2026-09-20,67.0,board_approved,1,16.8
ea2f9627-46ae-4fc6-946d-62616dfa29ce,74728471.33,2026-11-22,92.1,term_sheet_signed,0,64.0
c7c99201-3160-44e6-b6b3-98629cb653e2,74052559.67,2026-10-03,36.3,due_diligence_completed,1,60.0
ec90d95b-638f-451f-b126-b48e811ebcb4,50924297.84,2027-01-26,55.8,due_diligence_completed,0,34.5
b850e028-48ca-40cd-ab1c-91153d18c095,18743678.83,2026-11-13,62.3,term_sheet_signed,1,93.5
fbd99551-0f8d-45ba-badc-18cd9dba2554,19497443.4,2027-03-08,74.3,board_approved,1,20.7
adb4fdad-f9cf-4376-ba57-d511fdbfd786,49523499.27,2027-01-12,75.7,term_sheet_signed,1,62.7
72007f81-041d-4d45-bffb-68f426824773,48826563.66,2027-02-08,22.0,term_sheet_signed,0,99.8
b52291e1-59f5-402f-889c-d2f70ca424b8,136621796.5,2027-02-05,72.9,term_sheet_signed,1,63.7
f53554cd-8be0-4b82-bbb8-559ca44f4836,21548383.13,2026-12-11,100.0,due_diligence_completed,1,25.2
74add88e-7ec9-49f0-8da6-5e54691fc89d,89378788.33,2027-01-31,59.0,board_approved,1,21.0
bea82ce7-4f06-4e34-aed9-c7ff266ffa51,30813618.56,2026-12-14,100.0,term_sheet_signed,1,29.2
f2feb977-ceac-4d71-a29e-e668f433d479,169893668.8,2026-09-10,79.4,term_sheet_signed,0,84.3
0105eb41-4352-4ab0-b596-b2f7f28a9c74,14817711.04,2026-09-25,76.1,due_diligence_completed,1,45.4
13ebe591-b188-4b0b-819e-1858cd0f3d22,25158410.68,2026-11-06,72.9,board_approved,1,15.3
2ecf2110-eb8f-4141-b6a7-ac8664e41153,13103150.86,2026-11-07,62.7,due_diligence_completed,1,54.0
b85c17aa-a849-432b-9646-ec00308616e8,33959381.79,2026-11-28,67.0,term_sheet_signed,0,56.8
e95b094a-21aa-4401-bd7c-d9beb5acd069,38327478.41,2026-09-18,81.0,board_approved,0,16.5
22400b1a-02a9-4c9e-b8b3-13ed33fac27e,58146724.01,2026-10-17,84.5,board_approved,1,20.6
d7f5a837-a5d7-4f94-8812-da43ba2d8554,35931686.67,2026-11-19,57.5,due_diligence_completed,0,40.2
ef8916bd-5620-4f33-9fc0-c6c88832ec47,17758293.48,2026-10-24,64.7,board_approved,1,25.8
4dcfc3bf-19e1-4497-925c-d66cf4518870,33787617.29,2026-09-16,47.1,board_approved,1,27.6
7cac0c5a-0c21-40c8-927b-b876742bda29,41078319.27,2026-10-17,87.3,term_sheet_signed,0,61.9
f18f77d7-5c32-4012-9a59-74f6014279ea,57885335.63,2026-08-19,74.4,due_diligence_completed,0,36.2
c8ae18df-b77c-4be3-94cb-0de8ff9e14b5,39927848.09,2027-01-23,41.9,term_sheet_signed,0,86.6
7ce36711-2f08-4cc0-a498-11c1c7a8f93c,35987940.31,2027-02-08,66.3,term_sheet_signed,0,67.8
d590cc93-0128-4bd6-af0c-afaa5c7a0528,43233403.88,2027-02-16,25.3,due_diligence_completed,1,58.5
cf42f197-2a1b-4537-adef-c03e42a178b2,17599654.75,2026-12-09,21.3,term_sheet_signed,1,64.9
3b55bc7e-4ae1-4fff-b7a9-23314c632f71,41774791.59,2026-08-30,46.3,term_sheet_signed,0,87.4
0264dfcb-eb1e-4dc2-a445-0abef4678ccd,21208163.33,2026-11-15,51.0,due_diligence_completed,0,31.2
83aa941f-8647-4ed7-a053-fdccdf674810,89531585.42,2026-12-07,100.0,board_approved,1,13.7
1c2d395f-5076-4749-b17a-92c331362b7c,85984337.34,2026-12-05,33.6,revoked,0,181.3
614ced6d-1471-4620-b791-f3cd72370b09,19075946.6,2027-02-10,38.8,due_diligence_completed,1,37.3
7f74194e-119c-40c9-b085-1a8f1d33a560,54483917.72,2026-09-14,44.4,board_approved,1,19.8
70465cdd-ab85-465e-99bb-90fc32eca877,33701325.91,2026-11-16,57.2,due_diligence_completed,0,50.3
647f27d9-9710-4c11-9293-821e05235424,24913636.5,2026-11-28,61.6,term_sheet_signed,1,83.2
97e531f5-31a2-45c1-8f19-bf4ecbcb7b5c,47134350.79,2026-11-02,69.1,term_sheet_signed,0,78.0
154e396c-8baf-4de6-a76f-65e578c63518,37488067.88,2027-01-30,78.2,board_approved,1,17.6
d1a49b0e-a982-4b17-88f4-61a781b992a5,46186773.38,2026-10-01,65.6,due_diligence_completed,1,47.9
241aa75a-13b8-4499-a54b-53384aab2d3c,41557843.3,2026-11-13,52.5,board_approved,1,17.3
f5b532c7-34c5-4736-bf1d-603f441bdb04,29965333.34,2026-10-14,46.5,board_approved,1,16.5
a102a3e3-e348-4eb9-b096-fdf685ac47af,213643294.28,2026-11-29,72.6,due_diligence_completed,1,22.7
7384b8ba-e94f-4a66-bb61-90c660eefffd,86842627.42,2026-10-12,45.5,term_sheet_signed,1,64.9
94203ad2-ab8c-42e3-9fd5-acb4e205e108,34745048.18,2026-09-14,75.2,term_sheet_signed,0,60.5
1f1190cd-475d-4d42-9ae0-dfe6941a3b88,13632456.89,2026-09-10,67.9,board_approved,1,21.2
67d637a5-5c1b-4b09-8741-c0820fa46ede,38300465.05,2026-10-21,71.8,term_sheet_signed,0,80.3
c3721cd6-155c-4d67-8fd2-3e06eecabc8a,62473569.21,2026-12-15,78.6,board_approved,1,11.0
123ff4a0-a9fc-464e-9254-2d9a5f8e4eac,76613449.07,2026-12-08,70.9,term_sheet_signed,0,50.7
030c5bbb-e022-4797-94e0-42d2ad8251be,12845999.96,2027-02-04,58.6,due_diligence_completed,1,22.9
20c54829-aee2-4020-9d1c-11a84d1dacdc,119034914.91,2026-10-05,87.0,term_sheet_signed,0,53.5
a428d81c-d773-439a-8a36-cac3cc179c65,29629428.49,2027-02-16,95.6,term_sheet_signed,1,75.6
111ce4e4-5b80-4c00-9e39-8928547fe80c,16415133.16,2026-12-14,74.4,revoked,0,197.1
509b9373-a7a7-4549-81b1-0c382bcbdad8,65891553.06,2027-01-21,38.9,revoked,0,196.3
f619e0cd-eb08-4905-9697-f357dc845429,47710778.77,2026-12-01,55.6,board_approved,0,6.6
fef862e2-6f39-4d4b-b713-e52a4c2c3333,37531161.92,2027-02-28,63.2,term_sheet_signed,1,73.7
8576097b-1776-402e-9977-b0f14679d322,34370153.2,2027-03-15,49.5,board_approved,1,17.9
9deaadd9-56ac-43e9-8edf-f6b915610b1d,44455770.36,2027-02-25,58.7,board_approved,1,17.5
bbfa6535-291a-468a-aa95-2d25e905c600,38330153.46,2027-02-04,84.6,due_diligence_completed,1,32.7
4d298509-11c0-4ea7-a0e3-1d4bd7cf8f5f,45745591.59,2026-09-18,77.1,due_diligence_completed,1,27.1
760b6ff0-fad0-4185-a771-1191e28ca8b1,35794491.29,2026-09-02,100.0,board_approved,1,19.0
b91ed155-f079-4604-8b69-407253424a55,36659081.84,2027-02-01,71.6,due_diligence_completed,0,37.5
3c2c5c3b-af4e-417e-b86b-f0a85e678d21,47565575.14,2026-12-21,58.2,due_diligence_completed,1,43.7
145c5ce3-015a-407e-b1fb-4b9ebbe95260,206065055.41,2026-11-23,58.1,term_sheet_signed,1,56.9
da3c98eb-aeb3-4b7f-96d7-ce4978309665,17675949.5,2026-08-28,45.2,term_sheet_signed,1,78.9
99be3ada-0568-430e-8139-ae2cfff297da,40072518.69,2026-09-22,37.0,term_sheet_signed,1,88.8
c8efe222-713b-4463-a358-f36e846553ff,19574623.03,2026-11-14,74.3,revoked,0,97.6
2d95084a-503c-4305-8f67-823519f79b56,108097045.48,2026-08-26,68.3,revoked,0,203.0
63a469c7-fdc7-4f43-b808-6cc820ebe790,29678011.95,2026-11-30,39.5,term_sheet_signed,0,54.2
e97a967f-91dc-4805-8136-295c61185517,20299223.88,2026-09-02,51.9,due_diligence_completed,1,30.0
548c0d41-1764-410d-a20d-d0e58a753f3b,92615708.2,2026-10-25,50.2,term_sheet_signed,1,98.0
a075cc19-f42d-4f18-9927-365aa56aae9d,22105736.55,2027-02-16,61.1,term_sheet_signed,0,65.4
f4d1e7c4-2174-486b-b0d4-978ac6e2c3bb,17053902.24,2027-03-07,35.7,due_diligence_completed,1,36.0
e789cd26-d143-483e-a731-82c0c90791e6,17524777.46,2027-02-05,28.0,term_sheet_signed,0,71.4
f4d76954-24ca-4d2c-abf3-1b30453c44f8,59264182.59,2026-12-04,72.8,due_diligence_completed,1,36.6
cd323004-8798-4266-ab66-65523c4b5c06,15295585.9,2026-10-27,100.0,term_sheet_signed,1,38.8
f574c029-b83e-4fdd-b944-a51eb623a8fb,170367553.53,2027-02-03,87.1,due_diligence_completed,1,23.4
fc7c5ff4-b929-4326-a0d2-5c9e38722cc0,32939422.35,2027-02-24,55.1,due_diligence_completed,1,46.0
9a24b687-1398-4513-a8cb-01cb8a5f4e06,32944176.86,2026-09-22,66.5,term_sheet_signed,0,78.8
8fb6c0b9-dd7a-466d-b60d-332a65eb9c2b,63977711.94,2027-02-16,77.8,term_sheet_signed,0,40.1
02047865-03ed-403d-b168-40b27cc73d40,62654813.35,2026-12-31,38.9,term_sheet_signed,0,102.0
705417b9-33c6-4fbb-bba1-04a93b4d73e9,81804095.55,2027-01-23,64.2,board_approved,1,18.6
f0a9a6f2-e9a8-4a66-95f2-efbc6a52db40,33177936.08,2026-12-25,62.3,due_diligence_completed,1,43.7
8e4d156d-adf3-4fe3-b5c2-3060231c37ee,38634165.48,2026-12-20,84.7,term_sheet_signed,0,30.1
9b9b9b8f-871b-46a5-a474-d5625d7c395e,25746348.69,2026-09-27,59.2,board_approved,1,18.6
ee74aa32-0158-4b01-a4e5-3c8e8dabf8aa,11974761.17,2026-10-19,60.5,term_sheet_signed,0,87.5
c162aafa-e9f2-4958-8fa8-e813df1a7b38,87374617.59,2026-12-24,43.4,due_diligence_completed,0,52.8
83bb8d05-b5b3-4fbc-a83e-403aed89c6c8,24581631.21,2027-01-24,55.2,revoked,0,143.2
0e798f88-a265-48ff-a747-dbd785cdd2ac,15584336.99,2027-02-26,39.3,term_sheet_signed,0,84.5
f71c7257-97b0-49a9-9068-ec16e8a857e9,47567501.94,2026-12-07,46.6,board_approved,1,19.1
216c4d2a-c488-47b1-b8e6-b470ca415530,48469566.16,2027-01-20,75.5,due_diligence_completed,1,34.7
16f40dfe-fd20-4e8e-9227-42db2833de81,27420335.99,2026-09-01,43.9,due_diligence_completed,1,51.8
6ea39789-62ea-4b00-8bc3-ece27954c642,47207572.0,2027-02-10,41.8,board_approved,0,19.4
1062c7ec-630e-44e2-a754-28360c95e978,26501902.89,2026-09-21,72.0,due_diligence_completed,1,36.7
574fb63a-8513-433d-b02d-0b19a41774bf,46358847.03,2026-12-18,34.9,board_approved,1,23.3
3f0ebc12-eb42-4aa0-ad84-01f77aaa82e7,33114550.67,2026-11-24,88.6,due_diligence_completed,1,38.6
05422653-6421-49a5-85c2-66685d815918,49474122.5,2026-12-21,83.3,due_diligence_completed,1,42.2
5ea58540-36c4-43e2-aeeb-c3db96725270,37213262.61,2026-10-02,63.4,board_approved,1,22.8
0a4a3651-581e-46ac-8033-9bf92a3b2214,44778046.76,2027-01-21,60.1,board_approved,1,12.4
aecc7bc3-83e6-4897-bfe1-14f5a2e02fa9,22323643.79,2027-03-05,42.3,board_approved,0,24.3
56f5f973-acbd-4e63-a836-0d5ebf029b30,19104184.52,2026-08-18,63.9,board_approved,1,21.0
c284d37c-206a-4662-8fbb-dbb821579b51,43881239.12,2027-02-13,45.5,due_diligence_completed,0,46.0
c9526218-9138-4ca4-8506-8c2e3951f217,42089390.7,2027-01-25,56.5,due_diligence_completed,1,42.9
50419019-d0b9-4223-aefd-203e0f8276f5,36411632.57,2026-09-08,40.7,board_approved,1,18.1
58d989d8-d8eb-4a51-81bd-c1dee3b9eda2,67906890.94,2026-10-29,61.2,term_sheet_signed,1,76.9
de1c8987-ae06-48dd-9823-c86c437095e6,49895340.45,2027-03-07,71.4,board_approved,1,15.7
7c01dba8-6d88-476f-82b7-5f7068d273b0,56697539.56,2027-01-05,74.3,due_diligence_completed,1,40.8
883a9d83-f39a-402f-a14e-37c5bee337c1,27315239.63,2027-02-27,47.0,term_sheet_signed,0,84.3
4ccfe687-99aa-45f1-a61b-fbb6de0abc86,37640860.56,2027-02-05,58.5,board_approved,1,17.9
86396192-164d-4d40-a8ac-fd300d966e46,93133878.04,2026-09-07,56.8,due_diligence_completed,0,34.3
26fc761c-588b-43eb-91b9-dcc64aefcad9,31409277.45,2026-11-05,50.4,revoked,0,254.8
ee6874bd-a62d-48fd-8c05-71fd3dd3004f,31884551.39,2026-11-29,61.6,revoked,0,185.2
f49c3c93-d14a-44fa-aa3f-ee57bf9b3d1a,30560268.36,2026-10-07,25.7,board_approved,0,36.0
cb6d560f-edb1-4bd4-a904-e15919e47f95,19560462.65,2026-12-07,44.7,term_sheet_signed,1,43.2
0acb8118-9a99-4098-9a99-d28419b800f0,51741342.01,2027-02-04,76.4,due_diligence_completed,1,43.2
07852a9c-38fe-4912-a477-79427d365456,120872568.22,2027-02-22,44.4,board_approved,1,24.7
ad4c8835-0189-4409-a938-4eba4aa393aa,96134445.8,2026-10-04,85.5,term_sheet_signed,0,67.3
12394d6f-7ab0-49fe-970d-e357ce29019b,55299442.4,2026-08-29,47.1,term_sheet_signed,0,64.7
bd20cb96-e8c6-4c52-b725-8b558c225716,26066843.45,2026-11-18,79.5,due_diligence_completed,1,31.1
8c846405-1596-4ab1-a9e3-b91f7d49c729,49329240.83,2026-10-18,40.0,term_sheet_signed,1,77.7
5f4a6524-b8be-4426-a3ca-ca85eba0b84b,35028992.7,2026-12-16,53.9,term_sheet_signed,0,91.9
3e670ca5-6fdb-4a94-8900-cc77c5e7797c,38156640.36,2026-08-23,67.0,term_sheet_signed,0,57.1
04821dd9-12b7-46b1-8545-0f74018bb963,21736638.29,2027-01-23,64.0,board_approved,1,17.6
912b27f3-f3f6-40bc-9b64-90e812a1df93,47255249.43,2026-09-23,55.8,board_approved,1,26.2
91fa458b-d1d9-45f2-bfd4-97bf72d033a8,131781670.11,2026-11-13,61.9,due_diligence_completed,1,23.7
2f6fdb7f-562b-4756-aa5b-358ea49fbbe6,49905499.14,2026-10-01,89.1,term_sheet_signed,1,47.6
06d11daf-49bb-4869-aa3d-dfbbed9cce44,88890664.15,2027-02-13,67.2,term_sheet_signed,1,74.9
ea5462f2-d589-4f17-86c2-4b87bf206b11,54841140.69,2026-10-02,33.4,due_diligence_completed,0,46.7
0e2c6abe-156f-4051-aa09-b6f2f439efda,21540438.77,2026-10-16,37.2,term_sheet_signed,0,90.9
3f2b59d7-509e-4bb8-a2ce-2576b98fee9f,41624269.52,2027-02-27,72.1,board_approved,0,13.5
46a216dc-172f-4f94-9182-c9af0bb1f827,29311009.29,2026-12-09,38.6,board_approved,1,23.2
691bebc4-8667-4bf3-beae-3c69143eb91b,82038936.75,2027-03-03,44.3,board_approved,1,13.4
1e7c8f9e-50ad-4964-9305-1ccf0d092b5d,50153575.98,2026-12-02,59.4,due_diligence_completed,1,38.6
6c9647ad-1013-4b7a-a398-f9bc7c2321ba,72705204.0,2027-01-26,100.0,term_sheet_signed,1,60.1
1a78ef55-6f14-44b8-99e4-59d0b3b4c7c3,24013348.12,2027-02-21,85.6,term_sheet_signed,1,34.8
bdb8ccfe-8e84-48d3-9b18-db1a0e502949,24508742.28,2027-02-17,66.4,due_diligence_completed,1,46.1
a53144bb-91ec-4760-b1ea-7fedaabccd3e,34127336.19,2026-11-20,87.8,revoked,0,189.0
e669b292-de34-49f3-b351-e17de162b5e1,40649887.62,2027-02-11,53.1,term_sheet_signed,0,83.8
c4641a1e-1bb8-4c7a-bffc-4c60488d8eda,91139275.81,2026-10-13,57.6,term_sheet_signed,0,80.1
e72491f2-9256-46ed-93a5-e17c1eb4ea34,105453859.99,2027-01-13,52.3,board_approved,1,35.9
2a02c96b-8335-4d08-9ff1-695c88de48ed,51201464.69,2026-10-31,46.2,term_sheet_signed,1,114.1
12cee984-0b51-4a86-846e-3cfe3b4ee5ca,79995248.95,2027-03-03,78.1,board_approved,1,12.6
315649b4-4935-4733-8cd4-00d0dfc1e500,57067806.81,2026-10-10,84.6,due_diligence_completed,1,37.7
4226a950-3d9d-4009-ab93-04e1f27af75d,40575740.11,2026-09-14,72.8,due_diligence_completed,1,28.0
8ea93343-fea0-42af-9b57-1b5b8d1aad94,25362398.16,2026-12-03,39.0,term_sheet_signed,0,79.4
98260111-ef28-4bdc-b19e-6b0da17f3c0f,27333058.03,2027-01-26,70.0,due_diligence_completed,1,36.9
9502a48d-eb39-46a8-9bdf-66a27722fd90,13231274.67,2026-12-27,69.6,term_sheet_signed,0,82.4
1daee052-d5b4-496a-8eee-087f3b61db5b,98609872.35,2027-03-03,82.4,due_diligence_completed,1,38.9
bd65bd98-8386-408d-be3f-ec4876b47a82,67030970.2,2026-11-29,50.7,revoked,0,175.4
482e5ace-f672-4fca-bd95-1d0f69730df4,79779842.6,2026-08-18,66.9,due_diligence_completed,1,27.6
6da9b7ef-495f-49f5-bc93-1598a2f3643e,120416827.94,2026-12-05,67.9,due_diligence_completed,1,36.3
84da7165-c666-48b9-aa6d-99087f9f854e,31738114.59,2026-12-11,55.2,term_sheet_signed,1,98.2
1f1775bd-a793-43a8-9fbd-1d59570f8a8a,30151735.37,2027-02-24,76.0,board_approved,1,24.0
9fe1c1bc-53c2-4869-8a3c-5a00b3c36333,36827796.46,2026-10-14,46.4,due_diligence_completed,1,40.9
fdbe0c2c-d538-4da6-b5f2-d475dea42d3e,85909099.6,2027-02-07,42.7,due_diligence_completed,0,52.3
14902d6b-e872-4dd5-b15e-0eec8c58c8ad,108965477.51,2027-03-15,46.8,board_approved,1,18.1
419bd071-7102-48d1-bd6b-f0857eb96668,27872848.3,2027-02-22,45.6,due_diligence_completed,1,46.2
1ad18876-ccf6-47b2-ae4b-21c1c6f67163,48727248.44,2026-12-30,100.0,term_sheet_signed,0,56.8
c8fd9930-54e7-4e8a-9c77-4d35c7da6820,46157424.6,2026-12-25,60.9,term_sheet_signed,1,69.2
be86355e-0974-46ee-8a58-21528e558bf5,22553215.29,2027-01-11,49.2,term_sheet_signed,1,61.9
1cdddc04-c4b3-4a3d-befc-863cf12a73cd,42707326.7,2027-02-10,30.1,due_diligence_completed,1,44.8
83dfd049-0608-484d-925f-84e8c8bcee79,56010275.04,2026-12-20,69.4,term_sheet_signed,1,96.7
23322d69-cfa1-448c-8321-69cfa27c855d,73509581.75,2026-10-30,90.6,due_diligence_completed,1,26.8
2b870bba-9038-4c83-a877-512b03f4584c,40524761.6,2026-11-18,50.6,term_sheet_signed,0,36.6
204ad556-50c4-4781-8231-cea45b69c4bc,29773216.15,2027-01-13,58.4,due_diligence_completed,1,46.6
636f896b-83a8-40dc-bc65-9a698d6dea33,50844264.52,2026-11-16,14.9,board_approved,0,23.0
19ccc1b6-c276-4722-aeb8-937025a6f67e,16539807.0,2027-01-24,61.8,term_sheet_signed,1,56.6
c417a3fe-3b2a-4159-ae31-1690397044e1,30440367.17,2026-09-03,52.7,due_diligence_completed,0,48.2
dee8f5af-52f6-465f-976e-9a51b4b3a7ea,27845362.67,2026-12-19,52.6,term_sheet_signed,0,91.7
4c0812d8-73c8-46b9-9ca8-73daab7bc18e,36677130.77,2027-02-17,56.4,revoked,0,117.6
067e5f10-eebd-4b2f-9283-6f85042302e7,115283580.63,2027-01-13,37.3,board_approved,0,9.7
b84fedff-63ce-48b6-8e51-3b3b50688325,29994838.44,2027-01-14,57.4,due_diligence_completed,1,63.9
f6ec3fb4-34a4-45b8-aa76-c90d1d806c54,26292414.42,2026-10-16,69.5,term_sheet_signed,1,59.9
b20737db-88d6-45d3-9ad5-4113e7e0b9fd,14985617.43,2027-02-26,72.2,due_diligence_completed,1,40.8
2c55be79-75ef-4e55-931c-0c9c579261bb,22887487.59,2026-09-01,38.5,due_diligence_completed,0,51.1
4924d3df-253d-4ed4-9c70-f7064818d496,21672581.28,2026-10-06,50.7,term_sheet_signed,0,73.8
bd4865c8-1bdf-49e1-86b7-af3ec727c2ca,100760169.5,2027-03-01,46.3,due_diligence_completed,0,60.6
8c718438-4eeb-477d-9536-679ff4e5f196,38521010.98,2026-12-24,64.9,due_diligence_completed,1,55.6
4e28e05f-606b-4b50-9db4-5748af2c9f23,25362512.77,2026-09-25,74.9,term_sheet_signed,0,50.0
b26aef78-cad7-47a2-a72c-7952f2880ce5,49636257.17,2027-02-04,66.2,term_sheet_signed,0,87.3
52b40de1-0f61-4c4c-a7f6-bb9bbbff7971,26234673.98,2026-09-25,31.6,due_diligence_completed,1,59.1
7acccd4c-4686-4612-acbd-b24321aa757f,35560764.68,2027-03-10,32.2,board_approved,1,21.8
bd6c8709-1c9c-42ee-b33d-42739518e384,49962214.9,2027-02-11,70.6,term_sheet_signed,1,79.7
481481ad-7403-4019-8746-3820ac804723,17216894.04,2026-08-23,76.4,term_sheet_signed,1,68.4
c922b842-eeb3-4f61-b51d-7d2165605c0f,21592185.5,2026-10-12,59.3,revoked,0,138.0
de9c6daf-597a-4b0e-a8b3-98b165daabb4,92269070.9,2027-01-24,60.4,board_approved,1,15.1
dee3fb99-472e-4132-944f-86d71904df99,50813994.29,2026-10-16,33.1,board_approved,1,35.6
cae2bb78-656a-46a9-a792-d0f8f87863c1,28191889.42,2026-09-16,54.6,term_sheet_signed,1,79.9
8b1bae8b-8e0c-459f-97b5-60b3e69ba18c,27503182.9,2027-02-16,81.7,board_approved,1,18.4
7b465abe-0cc3-457a-ac67-01cad104624d,170799456.16,2026-11-28,53.7,board_approved,1,21.0
d14afe94-5b18-4932-8a32-a1ffee717623,67801562.43,2026-12-27,95.7,board_approved,1,16.4
c8fb5fa2-4a1f-403a-ab7b-a562aac966e0,62764396.15,2027-01-19,49.7,board_approved,1,21.1
dcef6023-d297-477f-81d4-b00381aa0234,45701084.98,2026-09-18,68.6,due_diligence_completed,0,33.6
f859836b-69f6-4995-a3df-5cd8244126a4,51473709.05,2026-12-23,39.0,due_diligence_completed,1,69.1
9bdb8d53-c133-4d91-9471-d3851868ff77,22255709.98,2027-03-13,45.3,due_diligence_completed,1,30.4
3c48cd73-d258-4efa-a9fb-6b664b9b17d7,46004639.7,2027-01-12,17.0,revoked,0,150.5
8ae12599-1e00-4132-bc29-9d3091e92a64,64241900.66,2026-12-18,33.8,board_approved,0,30.7
ae9a019c-23e7-4e76-8496-4f0a47489909,22971169.07,2027-02-23,39.8,term_sheet_signed,0,74.4
87d99cab-5159-4014-80ae-5652b0826202,25413387.9,2026-08-31,85.4,term_sheet_signed,0,73.1
a188dfff-08e7-464d-9ac3-5d17251edc65,33486618.58,2026-09-13,56.8,revoked,0,141.2
a1db9206-e226-4dc3-a22f-ee6bbfa4e514,41656011.39,2026-11-17,57.2,term_sheet_signed,0,50.4
1ec80aae-b8c5-4c43-b920-025f1dac88b5,26101518.15,2026-12-07,63.8,term_sheet_signed,1,84.4
f4804a79-408f-4e22-b9a7-da665d4193b2,16202284.88,2026-11-14,95.9,term_sheet_signed,1,59.3
7b9978d0-7d62-4563-8f7e-75c299b8fdd9,20502358.86,2026-09-22,66.0,term_sheet_signed,0,85.7
6aec0533-2bda-4f09-873c-d6d30c1d5577,22296134.65,2027-02-02,22.9,term_sheet_signed,0,87.6
1f0b6239-ef8b-4104-8906-1af8a9974ab3,83947170.0,2026-09-25,53.9,term_sheet_signed,0,58.2
310c3343-dafc-4c01-8897-a08fb5e52738,26348679.81,2026-09-26,46.4,due_diligence_completed,0,66.4
e9141f7c-3566-4553-927f-1efc47cb039e,52558184.78,2027-02-06,67.2,term_sheet_signed,0,46.1
398aa728-482c-440f-b9f1-224066cf37c8,58614285.36,2026-10-21,53.9,board_approved,1,21.1
25fd3352-5ccc-415d-9264-ef774ee2d9a1,42749244.43,2026-12-12,70.0,term_sheet_signed,1,68.9
1633e44e-e17b-4878-ab7a-8619d551ffaf,37447422.19,2026-08-29,68.9,term_sheet_signed,0,71.7
e6e402da-bb77-4a06-809f-dfa9d4069651,49503592.46,2026-09-04,80.9,due_diligence_completed,1,14.3
993a7350-bcb8-4c02-9554-d2b3d23cf364,32221426.26,2026-12-21,75.2,board_approved,1,17.6
58ceb94c-79fb-4c62-ac4b-c955ba70c1b3,52723345.07,2026-09-08,54.1,due_diligence_completed,0,60.4
a3740ca1-55b2-4ea0-9a19-0c6099ed5249,66260842.06,2026-12-09,50.8,term_sheet_signed,1,79.1
b90b4cef-3390-4811-ba02-414fc9762acd,67068269.42,2027-01-04,75.1,term_sheet_signed,0,68.9
0c32c532-ef39-4c3c-a079-bb4de3af75c7,62181182.24,2027-01-10,97.8,term_sheet_signed,1,52.8
95682fe4-dea4-4de1-bbea-ac41eef0d2ea,44624085.26,2027-02-01,57.7,due_diligence_completed,1,56.8
959c0d3f-0faa-4cb1-a5f9-d0a194edcae8,42226390.74,2026-10-13,51.4,term_sheet_signed,0,66.5
399538d5-0371-49a4-87eb-e1ef01984a94,107751509.98,2026-11-20,49.0,term_sheet_signed,1,56.5
06f15508-be69-43de-ad60-b0741af1b638,20509710.82,2027-03-12,71.8,board_approved,1,17.7
81d54d17-c7f2-4ce7-998f-c58665d216cc,50280657.02,2027-01-25,96.8,term_sheet_signed,1,64.6
740f3560-c53e-41fd-b3d4-fca0ce162162,13853586.04,2026-10-26,39.3,term_sheet_signed,0,61.9
38270696-16df-492b-9fdf-f581372cda0c,19391762.19,2026-10-23,66.3,term_sheet_signed,0,50.0
965f2dbf-d0be-4ef5-a611-7df03b753eb7,99107413.78,2026-10-24,47.9,due_diligence_completed,1,55.6
38cbacf3-8bab-459e-9631-e1579f6b7d57,24125304.5,2026-09-17,59.2,due_diligence_completed,1,34.4
089c5b33-a7d9-4fe6-8dc1-db974471e683,22594639.37,2027-01-13,55.3,term_sheet_signed,1,80.4
e682cbeb-5312-40ee-8ea9-099ccf9de5d9,37871389.37,2026-11-19,62.9,due_diligence_completed,1,42.2
037bbd31-1a5f-4709-a233-23295eae60e2,15041740.61,2027-02-27,41.1,term_sheet_signed,1,90.2
776a7d9c-ebfa-4379-a3f4-0e7e92ede507,67755174.57,2026-10-12,100.0,term_sheet_signed,0,62.9
8608e3d8-5751-4eca-af73-f9e2bea4028e,8568108.62,2026-11-16,44.3,board_approved,1,23.6
b5b02a69-6bbc-4d04-9989-a859799149b6,87973483.36,2027-02-13,65.5,term_sheet_signed,1,81.6
011a1a0c-7cc0-4550-b23a-934c90e80db3,104894784.55,2026-11-24,38.1,term_sheet_signed,0,67.8
29ca7914-67f4-4327-8222-b2d31fcfb86a,26026468.24,2027-02-12,47.0,term_sheet_signed,0,47.7
022c0909-d2b5-41d1-8254-f5fd86647e30,77384384.79,2026-11-25,48.1,due_diligence_completed,1,48.5
cf8d12f8-1170-4db6-bcff-24754424a4e2,49456332.29,2026-08-21,57.6,board_approved,1,18.6
bf5b6886-0f8f-4a20-ba26-99a18380cfc6,64084191.63,2027-02-14,60.2,term_sheet_signed,0,38.5
4667e83b-93f0-448e-ac29-81e0ac3614de,56243914.08,2026-12-07,74.5,term_sheet_signed,1,58.4
1fe2cd36-0589-4e4d-ad0a-fb517477c39d,51437006.89,2026-10-18,71.0,term_sheet_signed,0,83.7
f6c60b61-ce74-45b5-abc5-d1032cad6e97,106308428.23,2026-09-15,48.3,term_sheet_signed,1,69.0
8312a332-28e6-4b3a-99b7-d12e58c645ed,7668500.72,2027-02-05,63.1,term_sheet_signed,1,68.2
ae941285-9c62-4756-94f0-2606664fc666,78427829.29,2026-12-30,64.9,due_diligence_completed,1,30.1
cff5de8f-090a-48c6-ad0a-30d82b12e193,36264936.64,2026-12-12,53.5,term_sheet_signed,0,114.6
38ed70e8-4f10-4d03-9c55-3488016360c0,39736733.09,2027-01-29,52.2,board_approved,1,24.2
01d81160-f3fc-4b44-894d-b9e38d890d7f,33854948.88,2026-11-23,59.0,due_diligence_completed,1,41.4
86696bd3-3a69-4e51-8a7d-2e565805e24d,46337845.79,2027-02-11,56.2,board_approved,1,13.3
3e1c1744-3bb9-49fa-ac5c-fe9a5f146b27,66975567.07,2026-12-13,25.0,term_sheet_signed,0,97.1
f7709fab-c58e-4992-83cc-7f79cee64474,27637647.89,2026-11-03,95.7,term_sheet_signed,0,66.1
e5c97600-d6f2-4c63-a36d-71555c938f74,44344669.36,2027-01-14,49.1,term_sheet_signed,0,81.1
0f6fe919-9d21-489f-a6dd-3c28cd385e79,49664751.89,2027-02-21,84.1,due_diligence_completed,0,45.3
8fe4a1f0-de26-4923-8baa-4274463368aa,44902462.03,2026-09-28,92.0,term_sheet_signed,0,81.9
d5ca61cd-0f53-49a4-ad3e-f568a1e22271,34545424.78,2026-11-18,73.1,term_sheet_signed,0,50.9
271ce7f3-932b-401b-8a2f-44c95a5c1de4,40586229.83,2027-01-13,58.6,term_sheet_signed,0,93.0
bcc301d1-5c69-4a87-b365-87a20c61de64,41482490.59,2027-01-04,66.3,term_sheet_signed,0,45.4
eb37ed4f-8f1e-412a-aedb-7adebe975804,56376439.35,2026-12-10,99.6,board_approved,1,3.1
5f762409-007e-4fae-90d9-069e3c2195d1,78984294.09,2026-12-10,58.1,due_diligence_completed,1,46.6
542f15e8-da49-405f-9b54-0b93b8413a6c,30447724.4,2026-08-26,69.0,board_approved,1,17.8
a8ff0184-4822-4889-a004-7db2c6067718,71442093.8,2027-01-18,59.7,term_sheet_signed,1,47.2
bacbd1ee-b767-4642-b246-d2f65bee2b65,28315920.03,2026-12-02,47.9,due_diligence_completed,0,46.3
1acdd7a7-acf9-418e-bc01-5f04da628946,38885915.01,2026-08-21,59.7,board_approved,1,7.7
3fe76a9c-65ad-4f3a-9048-b47962e5f42a,56422217.81,2026-09-06,57.1,board_approved,1,16.9
8cf8ade8-6f9e-4dd4-843e-60545115fc28,28022318.39,2027-02-26,89.4,due_diligence_completed,1,28.8
a308c248-e02d-4c4b-9260-7d1834c3b593,86038641.76,2026-12-07,55.1,board_approved,1,13.0
7ab0dfc1-9b16-47bf-b634-bd3ee6488d2b,24471995.22,2026-11-15,38.2,term_sheet_signed,1,65.6
10c977d5-0024-497d-bb67-b343cef4bf9d,81837999.88,2027-01-01,39.6,term_sheet_signed,1,83.4
54612ddf-24c3-4299-b320-eb7cad135ce2,20105548.0,2026-11-11,29.3,due_diligence_completed,1,61.6
e7ea5a56-b907-4058-aeb6-2619204c987d,25583697.28,2026-10-30,72.6,term_sheet_signed,0,59.6
a4f45d6e-862a-43e5-b6c6-aedf3ee03cf4,13836213.2,2026-11-23,100.0,term_sheet_signed,1,68.4
435f6433-42d0-40ca-a0ae-c07aaa179a6d,28993345.66,2026-10-10,47.1,term_sheet_signed,0,45.9
d10ce51a-fda0-440c-8cbe-66ad261f95ef,54028659.49,2026-09-24,73.3,term_sheet_signed,1,65.9
029fb442-7e14-44ae-ba74-249a6aa12a58,144976288.05,2026-09-02,53.3,term_sheet_signed,1,51.7
c1489f1d-5e51-4226-8fe2-09fbeeab793b,19396317.07,2026-12-15,33.0,board_approved,1,19.6
4b1fde02-e3a2-4099-a41f-df5f3acb0cfa,54504683.78,2027-02-05,71.6,due_diligence_completed,1,33.9
e7575fc6-93f7-492c-b095-efb4a8e31e85,33699047.67,2026-08-30,47.4,board_approved,1,18.5
b68b6dad-df05-4299-afb2-35e8b0b22461,35922870.81,2027-01-06,91.9,board_approved,1,17.1
77f1b46a-7831-4639-b7c0-065c7e2efc88,24151147.93,2026-10-08,38.0,term_sheet_signed,1,78.6
fef976bb-4c18-41e6-a3cc-182bc169790f,47913365.53,2026-09-22,85.1,due_diligence_completed,0,17.0
ef3cb7b6-9090-4795-9186-4a3dc28f2333,44444743.31,2026-12-10,60.5,board_approved,1,24.5
0c0f1d5e-e184-4466-93aa-34c6f59b83c5,29273790.47,2026-12-22,40.8,term_sheet_signed,1,63.8
9768f246-513a-439f-9f87-0f06a2321c1d,20728400.53,2027-01-26,67.1,term_sheet_signed,1,69.0
b70b3ef0-6c10-4293-a07d-9381d5f6b799,47144309.65,2026-10-25,59.0,term_sheet_signed,1,65.0
a8ae5848-1402-4dce-993d-5a1d2e2c9d97,18091761.64,2026-11-03,63.7,term_sheet_signed,0,88.1
aacf50f6-8f28-4172-87e9-4344a5af4249,97701164.17,2026-10-08,66.5,board_approved,1,21.1
86f49bc6-c88d-400a-8312-2a3de996d964,54941572.44,2027-03-15,94.6,due_diligence_completed,1,27.4
bb2affee-e9c2-4e95-8cc5-abc20dea1a82,60599909.96,2027-01-07,26.6,due_diligence_completed,1,56.1
8b0cd6dc-b48f-4aae-a5d1-937620c4a90f,25288342.49,2027-03-12,54.7,term_sheet_signed,0,107.3
caa101ec-0ccb-430d-baef-674cf22f269e,39224944.46,2027-02-28,67.1,due_diligence_completed,1,51.8
db58a97d-0dd8-4449-b526-796ceba21572,13347305.17,2026-12-01,58.5,due_diligence_completed,1,64.8
8ba3dfde-b2c9-4a2c-a0d9-3d6c2493c228,57387341.75,2026-10-20,17.5,term_sheet_signed,1,74.8
211ae2d5-fd91-4cd6-9e68-10c6100f2644,29714174.17,2026-11-25,65.1,due_diligence_completed,1,42.2
64b0bb85-02fe-4173-a088-f58ff6852c5b,32620846.04,2027-02-21,37.8,due_diligence_completed,1,46.1
e6574409-ec79-40c0-b349-12d8833848be,7699863.33,2026-12-10,79.8,term_sheet_signed,0,52.0
b3272d17-7e42-4e0b-a8a0-7849c9904972,78300056.69,2026-12-27,71.2,due_diligence_completed,1,45.0
44e2f9b8-9d81-4596-b3ed-dea740347832,124563247.04,2026-10-01,25.8,term_sheet_signed,0,94.9
f5c75190-66b8-4cab-b48e-362a2720e85e,29599080.98,2027-02-15,65.5,term_sheet_signed,1,41.5
db8ab163-e005-4335-b52e-8eaa3eaa38af,26525609.88,2026-09-16,48.7,board_approved,0,25.6
0552e535-e2da-48a0-9db4-789ee4b937dd,41031244.66,2026-10-11,75.6,board_approved,1,15.8
68366a9b-1ccb-4ced-953c-f75afcd53ba1,51499865.67,2026-11-13,46.1,due_diligence_completed,1,27.7
d32bc47e-31fd-40b2-a56b-12d19395e5b9,24417927.22,2027-01-19,68.5,term_sheet_signed,1,79.7
dda4f3d5-adb2-43db-9618-313b9f86c6fb,108760525.5,2027-01-07,31.8,term_sheet_signed,1,74.5
fd540069-7f87-487f-a66a-14ccc9405d9b,19494766.41,2026-09-22,49.8,term_sheet_signed,0,60.5
e11e7dd8-edfa-4cb6-860d-a5039c0d741a,21295149.67,2027-01-18,52.0,revoked,0,68.0
b48fa9be-4640-49cf-80bb-f9e854826d49,65322405.25,2026-08-23,56.6,board_approved,1,24.8
3788dc57-5946-40e0-8933-40fdfc356adf,38584730.54,2026-11-28,85.0,term_sheet_signed,1,37.4
8f4c68b4-380a-4b9f-b092-2d2a27bfe89f,14785520.28,2027-03-14,44.6,due_diligence_completed,0,46.5
de4b443f-aab3-4f79-a445-e4e48c08be8f,13457639.12,2026-10-04,67.5,due_diligence_completed,1,54.1
bf044d0c-0ac4-4bc1-9280-1a3686af4328,21219304.15,2027-02-10,39.8,term_sheet_signed,0,99.9
d430beee-9cf8-4d4d-9242-abb76f176a97,76828978.32,2027-01-08,63.0,term_sheet_signed,1,69.7
3052ece6-3d36-43cd-83aa-829be7d8489d,31519491.59,2026-11-27,54.5,due_diligence_completed,1,44.1
d85a302b-8bbf-49c5-ac6b-dc716547b6ee,22168188.65,2027-01-12,76.0,board_approved,1,15.6
2418efda-b4fa-47ea-9862-0c3770fda852,67967886.14,2027-01-09,17.6,board_approved,0,31.2
e4b8e5c1-06d7-444f-83e9-4709a131f7d5,125557154.1,2026-09-29,59.0,board_approved,1,24.8
c1b346b8-5269-460d-919e-6641f04fef29,41532015.83,2026-11-16,68.3,board_approved,1,14.8
b6f0432e-f6ac-4acf-a602-4248966513fa,42280063.71,2027-02-17,47.2,due_diligence_completed,1,53.9
f3af35e0-72d7-4716-83b2-adb2c66b9709,25639141.97,2026-08-27,40.5,term_sheet_signed,1,119.5
58e6b6af-6558-4a7e-8901-5516d7b7d2cf,17820766.08,2026-12-23,69.6,revoked,0,199.0
1a226a99-b5d3-4ee2-a18b-9730fb07b5a5,159427315.7,2026-11-11,81.5,term_sheet_signed,0,45.3
4ae2d94a-88b9-4ea3-a9c3-99f765e4a208,74433241.19,2026-09-11,92.1,term_sheet_signed,1,56.6
2e634036-1d1b-45c6-9e51-551003133702,31707344.68,2027-02-14,77.8,term_sheet_signed,0,72.0
b45ab694-bdac-4cd1-a8c3-a4497a4837f0,40078280.95,2026-12-13,55.3,due_diligence_completed,1,61.5
300d4705-f370-4d9e-9cd7-9f80468a8641,35324508.15,2027-01-23,76.1,due_diligence_completed,1,44.2
f0647322-0f56-4e9e-8e4d-c659be9ae164,32708914.91,2026-10-02,31.5,term_sheet_signed,0,72.7
cb2b8bdf-1ed4-4eff-8659-32a547636a3f,90775950.92,2026-10-11,69.6,term_sheet_signed,1,67.5
2488769b-2139-4c84-ac3c-bcbe7719bdff,40137931.0,2026-09-04,60.2,board_approved,1,16.2
0e1be4b9-c135-4757-aabf-1e9fc4d8c5e9,52525539.04,2026-09-01,68.3,due_diligence_completed,1,44.8
64100419-0e19-44fe-bf7e-a235a214c441,29774973.43,2026-12-14,2.6,board_approved,1,14.9
4e820175-5605-4920-a389-30da6fa5c5ac,25232218.01,2027-02-25,91.7,revoked,0,101.1
bbb95f40-1000-4b7a-be95-22eaf6f7c2be,40954657.81,2026-10-02,58.3,board_approved,1,22.1
7eb5ae47-d037-43a7-b75a-0f2b8d812707,53594595.07,2026-09-24,47.1,term_sheet_signed,1,35.9
d237e0d9-8b40-48ed-a31d-8f7683cc0e1a,105031309.79,2026-11-17,30.4,due_diligence_completed,0,38.9
c733a6ee-1f9f-4948-b2c1-45cf59b52a26,20590139.78,2027-03-14,22.2,term_sheet_signed,0,136.3
2116f2c8-6ceb-4325-8e54-8a7eac427bff,30732287.64,2026-10-09,58.2,board_approved,0,28.8
b46ccef5-e66f-4ac1-9cff-6066ba20e061,91890821.34,2027-01-15,100.0,term_sheet_signed,0,43.8
5e4d3439-6393-4759-81be-25c24ed92097,38409348.87,2027-02-10,58.4,term_sheet_signed,0,78.1
3c1176af-6971-4cdc-bce1-05c1c8c80956,57650221.42,2027-01-09,64.6,term_sheet_signed,1,81.3
ff86b7f6-2900-4b6e-8899-536bc29ad918,42452302.81,2027-03-15,39.1,due_diligence_completed,1,51.9
f146a58a-cf02-4ff6-b151-494b8f071aa3,69872305.37,2027-01-27,88.3,due_diligence_completed,1,24.5
9cbf4e9c-9efd-4f08-b5ed-0c121190bb9d,46334968.76,2026-10-17,55.6,term_sheet_signed,0,55.5
8b3b1e14-183f-47c6-a061-910a8d7ab77d,34588422.62,2027-01-26,27.0,due_diligence_completed,0,38.4
a4c4ba55-a902-439a-8275-083e22c444a9,50015890.01,2026-09-25,33.3,term_sheet_signed,0,71.2
09924d33-e55b-44e4-98e7-7418f1b169a4,25947944.17,2027-02-24,70.7,board_approved,1,22.7
76daeb9f-ee06-4c19-af6c-94e74b902c57,69399260.71,2027-01-23,72.0,due_diligence_completed,1,52.3
130244b6-58b4-4051-9328-0c1da0ed8168,50238743.38,2026-12-04,80.2,board_approved,1,15.2
d4604cf7-8b34-4e41-ab98-caa1ad7f4739,67035015.49,2026-08-30,53.8,board_approved,1,16.9
214a3904-bc5c-4c90-a1ed-043a77e39d20,34511037.77,2027-01-08,47.5,due_diligence_completed,1,49.5
7df25513-28af-4333-84b4-32cc375de80b,66274775.43,2026-11-10,56.3,revoked,0,230.4
db69c717-68a8-4769-bd84-6ce58e14a790,43328648.27,2027-02-06,81.1,board_approved,0,15.3
90670cf1-687d-43bf-b429-159a7827d648,23545501.75,2027-02-06,66.5,due_diligence_completed,1,55.0
9604a568-50e7-4279-a89b-af0b87b658db,63790535.06,2026-11-17,89.6,term_sheet_signed,0,64.2
69cff14e-2d4e-4be9-abf2-36dd43223fee,45969799.71,2027-01-05,30.3,term_sheet_signed,1,102.8
e254ad8f-08c4-48dd-8184-10cb9ae96fc4,22058497.26,2026-09-25,70.6,due_diligence_completed,1,24.6
d3eb97ca-d22e-4102-9373-45bd389256f0,25345844.86,2027-01-07,74.8,due_diligence_completed,1,48.9
d4cf9ebc-600d-4485-a8f6-e6829f18357e,26783751.19,2027-01-04,71.8,board_approved,1,17.9
5b313f4f-dcb3-42f7-82e2-541bd820dbe5,130281215.82,2026-09-10,51.2,term_sheet_signed,0,81.6
a27e9d5d-2707-425d-ac5e-bc47b984859d,47634066.3,2027-01-19,78.2,term_sheet_signed,0,47.6
485b720c-6290-44de-8fa7-9a9f31c63513,115234372.38,2026-12-03,78.5,term_sheet_signed,1,48.2
0687192c-c8d4-4268-a359-8be0feb8fbc6,42348928.87,2026-10-30,100.0,term_sheet_signed,1,42.8
0bbc0146-de0a-4a35-b906-a143c286ddb3,50546132.14,2026-10-04,72.4,term_sheet_signed,0,51.8
30861c36-0903-48e6-bbf5-9f0620090dad,98669469.95,2027-02-10,83.8,revoked,0,164.8
33dcb568-422f-4fa7-bdeb-94708c5d5fd5,61088950.76,2026-09-22,87.0,due_diligence_completed,0,26.0
2e6f5567-8019-46eb-9343-f22f504a7740,39198225.16,2026-11-08,56.5,revoked,0,228.7
f4db3a98-0832-453b-986f-6e95eb8ea696,46364227.01,2026-08-26,21.4,board_approved,0,14.5
1f67c4fa-a172-40f4-9800-1fc95ca8fc8a,40346649.07,2026-09-06,43.2,due_diligence_completed,0,70.5
47ab9a9d-2f8c-437a-a651-dd3603cccd87,55688193.21,2026-12-25,70.5,term_sheet_signed,1,72.3
c8a96e3d-0df7-48cc-bee4-f619c55ac94a,77166802.93,2026-11-20,93.8,term_sheet_signed,1,66.3
1a21de90-8a33-457b-a398-a627091defe5,78519269.37,2026-10-05,66.3,board_approved,1,18.9
b284d193-092a-49a0-9fb6-43297ad36aca,37949275.23,2026-11-05,19.6,due_diligence_completed,1,37.4
144b28a4-38fb-4630-b355-3613b001052e,39118315.85,2026-09-13,70.1,term_sheet_signed,1,70.8
84145138-5734-40ab-8ea8-a2190557362c,39709578.02,2026-11-06,43.5,due_diligence_completed,1,24.1
722cfd42-a98c-4b5a-9b30-e04c61a75588,36751958.89,2026-11-09,51.4,board_approved,1,20.5
27838855-6adf-4d4b-a554-d50b9b47eec4,47442385.95,2026-11-16,53.5,board_approved,1,16.9
9df77376-33e0-4b23-83d3-5a7c2bf75ba1,116004290.51,2026-12-23,60.1,board_approved,1,20.2
a3a79013-8565-4725-9b09-f3a77a21a5dc,41677623.25,2026-10-14,47.5,term_sheet_signed,1,75.9
891e3c79-e5a7-499c-8769-eaffea572b6b,32934335.94,2026-08-19,87.8,board_approved,1,19.3
64b8044b-0493-47b5-9d2e-95385e0a9940,26664596.92,2026-12-03,46.7,due_diligence_completed,1,63.4
65a17ce0-1cc5-4dac-a81f-d25eefdea570,33989235.11,2026-10-13,35.0,term_sheet_signed,1,76.3
5176c0fa-e9a4-48fe-9137-62cf24f0933e,15076997.92,2026-10-07,31.5,due_diligence_completed,0,53.6
cafcea8d-a29c-4e64-8bb0-720766f24d45,80632410.49,2027-03-15,68.7,revoked,0,230.2
63a9dda7-4e63-4981-8404-05233bc35405,18001123.74,2026-11-23,74.6,due_diligence_completed,0,40.6
57dd0541-3360-49b3-b75d-7f90782bf7a9,40566433.81,2026-10-24,28.3,due_diligence_completed,0,57.3
a378d86e-87f2-4b1c-80fd-c7faad3a99e3,28889314.01,2026-09-29,85.7,due_diligence_completed,1,47.4
fca76075-b0d1-4149-aed2-37abc363a692,70781395.75,2026-08-28,72.2,due_diligence_completed,1,27.2
ff79dcf2-0542-4241-9b85-b0d7867b306b,35783202.57,2026-10-08,36.0,due_diligence_completed,0,57.5
f1d5f4c1-ea91-4cc2-8279-7f405acf2dd1,42259903.52,2026-08-23,46.3,term_sheet_signed,0,120.5
5d847951-fe77-4908-9fbf-1edfe3d9c81e,20750460.23,2027-01-04,66.3,term_sheet_signed,1,51.8
97f1be08-00d1-4287-b7da-dc60c6821dad,38045015.57,2026-11-18,48.2,term_sheet_signed,1,85.0
b45e1f56-fbaf-438f-a815-11d9d8329dfd,61630762.2,2026-12-21,33.4,due_diligence_completed,1,63.9
96a1d984-e4a1-4af8-b59c-22a117d65f3c,39019980.69,2026-08-24,28.0,board_approved,0,23.6
46c712b6-2729-4f06-b8fc-e6fac79c0866,114336896.42,2026-10-24,42.6,term_sheet_signed,0,64.1
c17f27e6-b5d6-4db0-bc66-db9d65fac4d5,85562220.91,2026-11-29,22.9,term_sheet_signed,0,106.8
8066542c-dc22-4ef1-a338-e2a431eefba2,21043678.7,2026-09-07,56.8,due_diligence_completed,1,32.6
31bd50d5-de2e-4fcd-8271-03fb212e90e0,96599601.96,2026-10-06,76.1,due_diligence_completed,1,46.7
902262b9-0da7-4cfa-8d3e-a2023ae648c0,52915302.89,2027-01-28,50.4,board_approved,1,21.3
b786d3ee-2564-4bc3-9365-3639f96a731a,58307750.29,2027-03-10,42.4,due_diligence_completed,1,35.5
755e0a65-c293-4519-9feb-c5254233920d,40221132.75,2026-10-01,49.3,term_sheet_signed,1,90.5
3418cea5-c8bb-4ef8-aeda-fd9b9c38f117,26105912.92,2026-09-11,98.2,board_approved,1,11.7
25916fe6-a1d4-47ac-a0e6-43e19e586b40,35164339.97,2027-02-18,12.9,due_diligence_completed,0,65.8
52cd5d1f-c862-4cbe-ae95-fc1c8d69fa18,56739235.14,2027-02-08,48.0,board_approved,1,16.4
e644eb9c-c5c4-4704-af89-b62e945934f2,20699166.99,2027-01-05,15.5,due_diligence_completed,0,55.3
ae0c4f07-8ec7-42cf-b904-75b591095e77,19092413.04,2027-03-05,49.7,board_approved,1,22.2
ebafa5e2-c91e-4292-95e8-5aa56e008c7a,15797404.34,2026-09-29,60.2,board_approved,1,16.9
a29c854e-c72a-4796-9195-7e3067fd0dbf,93673400.12,2027-02-09,61.5,term_sheet_signed,0,52.6
dd199ad5-d62b-4ef8-87a2-337a62e30bf1,24553366.13,2027-03-01,72.8,term_sheet_signed,0,62.1
9290fdf9-f260-4506-a0dd-9216b7744bd7,45361627.4,2026-11-12,69.1,board_approved,1,17.5
0872a595-d873-449c-b058-c26b625fd45d,38799954.01,2026-09-03,72.2,term_sheet_signed,0,70.8
6970c298-786d-4fd8-99af-3f0dd8a2d711,10575317.69,2027-03-08,42.1,board_approved,1,14.6
5e67ee5f-2baa-4c19-ad38-47fa7d5da60d,57162674.71,2026-12-13,67.4,due_diligence_completed,1,39.6
264f1129-c269-45a1-9dad-8c94277b5801,72015638.62,2027-02-11,94.3,due_diligence_completed,1,24.7
84677c8f-45bf-44d9-8a55-6f055242c82d,55746041.72,2026-08-30,56.8,due_diligence_completed,1,41.3
519a4af2-3334-454b-91d3-f42ace3f1bd4,53555744.82,2026-09-10,64.9,board_approved,1,12.1
4566f804-8590-48b2-87c2-7952741f49a5,177335238.4,2027-02-20,68.2,board_approved,1,11.9
23e74833-d79d-43b6-94be-44b3a30aa86e,89046509.25,2027-01-20,70.2,term_sheet_signed,1,63.9
1e942f43-edf3-46e1-86b3-906105959bfa,32405520.22,2027-01-30,77.3,due_diligence_completed,0,43.5
0df9f89b-2d0e-4f68-9901-46fba89fd564,50786648.58,2026-09-28,58.3,due_diligence_completed,0,33.7
a323b5d4-a925-438f-b6ba-6238a12bdab4,53448073.92,2027-02-24,67.7,term_sheet_signed,0,49.3
d5b06a8a-8f7d-4b08-adbb-b2b801526991,28386154.24,2027-02-06,63.2,term_sheet_signed,1,65.8
cf0f80f2-4fa0-4409-b7bb-8e8c1229ac74,44110273.06,2026-09-15,61.3,board_approved,1,20.5
b759199e-42ad-4518-b94b-ca198911dd27,35571897.47,2026-09-18,66.4,term_sheet_signed,0,72.5
9702479e-b43b-49fb-b1bd-30420b02662e,89103518.13,2026-12-21,93.8,term_sheet_signed,0,60.5
5ea9fd36-ddad-4f52-a9d3-a918819fcf8f,34980337.15,2026-10-14,34.8,due_diligence_completed,0,51.9
ddbc29c8-37af-450c-98f7-66f46796cd77,26290219.79,2026-09-12,78.4,board_approved,1,22.6
82119a85-5016-45d0-8ae5-11c993043269,37343644.66,2026-10-06,52.2,revoked,0,198.9
e3a8a368-9420-47db-ba50-ac189529d7c0,44627192.87,2026-12-02,100.0,term_sheet_signed,1,30.4
5c70036d-1929-44f0-a62d-6c56203acb6d,50697605.31,2026-12-22,84.6,term_sheet_signed,0,73.9
d73d2122-832e-47a1-807c-1c58ba4d93d7,125887427.97,2027-01-12,73.5,due_diligence_completed,1,53.3
3c02d05e-a913-4fd6-abbf-54f2b2512a4f,39618661.86,2027-03-12,78.8,board_approved,1,18.4
473101ab-a8bc-42bb-a272-07d4882730ed,56564751.39,2026-12-10,67.3,term_sheet_signed,0,35.9
32d09177-0f38-4085-9754-814f80dae7f5,78432466.45,2027-02-10,95.0,term_sheet_signed,1,34.0
21293e47-bf1f-4e1a-ae89-84ef4ff86c06,40894819.55,2027-03-02,28.1,term_sheet_signed,0,54.5
1cf26602-10f9-44af-aa5b-1ed1d5605c2a,28662623.79,2027-02-01,72.0,due_diligence_completed,1,20.0
8f594405-2a35-4bb3-87da-c3cc577a26d4,44068180.84,2026-09-25,60.1,board_approved,1,19.9
2a738a31-545f-4813-ba62-1dc846547755,72654013.88,2026-10-01,65.7,due_diligence_completed,0,44.0
7a1389a6-3483-4691-bd7e-60c3c0eaf7c1,54500901.47,2026-11-09,47.1,due_diligence_completed,0,50.2
a846f6bf-1da9-4fcd-b05c-24778dd2c9af,32707478.2,2027-02-01,53.9,board_approved,1,11.5
0d5de9a1-aaaa-401d-89af-dae73951fab3,66306742.81,2027-02-09,64.6,due_diligence_completed,1,60.5
f446594e-6fbe-4cf7-9535-fb027f67a207,21939276.77,2026-11-14,42.5,due_diligence_completed,0,65.0
cbcfeb66-6bf8-4e73-9c31-c1fae61cfbdb,23262349.62,2027-01-25,72.0,due_diligence_completed,1,35.6
9b555ce1-d6f3-4936-a2ad-dc54b0862d5e,59135758.53,2026-12-27,88.7,board_approved,1,16.3
a9fd13cd-33b0-4773-9d16-da740e27a55b,13148290.31,2027-02-10,47.8,due_diligence_completed,1,58.7
ed5c4bd0-d05b-4f3a-8185-8a10d297849a,21922834.74,2027-01-19,60.4,term_sheet_signed,1,88.1
cbc3cd44-37b1-481e-bf74-b9a7e6f777bf,24687939.62,2027-01-26,63.3,due_diligence_completed,1,9.0
8c05d0e7-d270-4640-b1c1-74a57dffd3e4,16110406.18,2026-09-23,100.0,board_approved,1,14.0
77ec23f2-cf95-4dd8-9a4c-a1fdf3b870af,52876555.25,2026-12-17,80.7,term_sheet_signed,0,73.4
a2882cac-af3d-4c9f-ac7e-d70dd4f2351f,43610484.96,2027-01-30,100.0,term_sheet_signed,0,30.1
6ef74574-3c1e-4252-8723-934cb950e4bb,17871644.16,2026-12-17,82.9,board_approved,1,16.2
9730fd7f-148f-41bd-978d-1ea2ca936eae,32551214.52,2026-11-24,60.8,term_sheet_signed,1,78.0
02c87de8-320f-472c-bdbf-4aaa7c880923,78665832.4,2027-01-10,24.4,term_sheet_signed,1,111.0
530d6203-ad65-4ac3-a25c-3b42951b2522,54430354.28,2026-10-16,73.1,term_sheet_signed,0,35.2
e4d41dbd-35b9-49d1-9252-4f57ce278530,36840483.63,2027-02-18,45.3,due_diligence_completed,1,50.0
36560703-6abd-42ef-8b50-73243cc2ce70,23595555.71,2026-09-13,83.0,term_sheet_signed,0,47.4
27debaaa-e89a-42bf-ac1c-a9c2e2bc7ff8,5151367.41,2026-09-22,66.4,term_sheet_signed,0,77.2
b813ea1d-cb8a-4891-b587-ac9f171331ab,32331136.36,2026-09-20,98.5,term_sheet_signed,1,46.7
9586df1f-1317-4515-b501-af9c2b2143c6,43561768.76,2026-09-23,57.9,due_diligence_completed,1,49.1
63a98520-0728-4739-bc66-e44b1b0e135c,182651392.98,2027-02-01,82.2,term_sheet_signed,0,62.3
70ef5722-b5f2-4201-8772-dc6de785c5b5,27798186.95,2026-09-24,86.2,term_sheet_signed,0,36.1
c797c745-0815-417a-af94-933cbadcd3b3,38510358.06,2027-01-09,49.6,term_sheet_signed,0,85.2
724e03fc-7360-4d3f-bed7-0d2ae54b1fb2,90861707.42,2026-10-07,45.4,due_diligence_completed,0,46.6
024ce7ff-5267-4613-9c4a-898e95ed6351,21943987.1,2026-09-10,82.5,term_sheet_signed,1,94.7
45342f5c-20e3-4e83-85cc-0d50a89f33c4,50943168.27,2026-12-24,44.5,due_diligence_completed,0,30.3
a4c45ebc-5827-4144-8d14-49afa6d57951,33047484.08,2026-10-04,82.4,board_approved,1,12.2
c0c82bcd-9f0d-4dee-aaf4-de539e7b0875,21712102.63,2027-01-24,48.8,term_sheet_signed,0,84.4
7b6a5e8a-3b72-484f-bc70-f362f063e07d,63251014.82,2027-01-02,77.7,term_sheet_signed,1,66.8
ab5cbaaf-f00d-4086-8299-9fc243c8e1fb,48886631.45,2027-01-29,68.8,due_diligence_completed,1,26.7
1b19ed58-f3cb-44f4-9822-40c256393a10,12810512.12,2026-09-06,55.9,term_sheet_signed,1,89.8
1f6e95f5-49cf-4a44-bf01-1eb0c1bb6504,28825554.54,2026-12-07,52.2,term_sheet_signed,0,77.9
37300303-b6c2-46b6-bf96-89671b19c9a4,35856738.49,2026-12-17,43.8,due_diligence_completed,0,57.5
3fb55eb8-5994-4c21-b573-07142ee84eea,16919611.44,2027-01-01,59.3,term_sheet_signed,1,65.9
e9fec2e3-0ca9-487b-8615-69a7050d9a1f,94437146.06,2026-09-27,69.6,due_diligence_completed,1,49.3
1a77be13-a9ae-4bc0-bdf7-bf063f258279,38957259.1,2027-03-03,71.4,due_diligence_completed,0,49.7
af37d91e-4c84-4984-a53e-200ae3f69832,24037457.68,2026-11-08,30.9,term_sheet_signed,0,99.9
926b76c3-6144-47fd-9f91-f47073c5739b,87674528.6,2026-10-17,82.7,due_diligence_completed,0,47.1
9031bcee-3c93-4417-a777-58ccfa7cd7c9,27659576.56,2027-02-21,69.7,due_diligence_completed,1,36.8
2fd140f5-2c4c-4b66-870b-131ddae47036,133643400.85,2026-11-13,69.2,board_approved,1,28.5
f0b98738-fab8-4c0b-8e81-523b45d9538b,18483073.91,2026-09-29,60.4,term_sheet_signed,1,61.5
ee745fb3-04de-48ba-8aea-eb6e48dc1c1e,79791983.6,2026-12-31,85.6,board_approved,1,14.3
425f9224-4c7f-45c4-8576-73ca888d92b1,63688266.77,2027-01-07,58.8,term_sheet_signed,0,77.6
449ec819-d3a6-4fe6-97ca-181ef533e26a,34591562.9,2026-10-01,77.9,term_sheet_signed,1,89.0
2de427e6-36eb-4488-8575-75584192b731,81176374.37,2026-12-04,55.0,term_sheet_signed,0,68.8
df2a559d-da5c-46aa-be06-016817b8e65f,51663467.93,2026-11-13,93.5,term_sheet_signed,1,56.1
f9cad05b-b56e-4758-9a64-30d2eddc3dd2,43195876.24,2027-01-31,56.8,board_approved,1,18.0
2f91cdd6-901d-4c82-a3ca-130fac61b6f3,61219641.77,2026-08-28,42.7,due_diligence_completed,0,66.0
86d47b17-e035-4ecd-8025-b59c85c98831,36319662.04,2026-11-29,71.5,term_sheet_signed,0,70.5
6dd78392-a954-4467-93bf-3be7202bb62b,52229256.75,2026-08-29,62.8,board_approved,1,17.3
85394096-50a8-458c-bfce-63cde57ad55a,19334078.67,2026-10-27,100.0,term_sheet_signed,1,39.9
d46caffc-e6bb-411f-bd50-e8dd3a7ed366,56783239.74,2026-12-02,77.9,term_sheet_signed,1,70.7
e9b4da83-0ba1-49b6-9026-bc890adb9903,39347510.72,2026-12-15,55.1,board_approved,1,13.8
ab05b593-059b-469c-8cc6-dd3c192d4b5c,46141022.4,2026-12-27,75.3,board_approved,1,9.2
7d4dcb23-87c8-4b72-832c-1312481840ed,7517906.12,2027-01-01,73.3,term_sheet_signed,1,35.1
d1155999-2964-4aed-aaee-9a3c32647421,74726267.57,2026-08-20,42.2,board_approved,1,9.0
05888c92-f9ca-41f6-8024-16369e2b2049,51446930.23,2026-10-27,23.8,revoked,0,238.9
df85d4a1-0a2c-424b-9f0f-3141f89b9d14,16701102.57,2026-10-12,75.6,due_diligence_completed,0,34.2
edb90490-e904-431a-bcbc-174e1a47fc12,38247716.16,2027-01-20,91.9,revoked,0,195.4
f8562c69-0310-4e43-b42b-d9cdc3e95588,42824578.67,2026-09-14,58.3,term_sheet_signed,0,79.1
ccdfb18e-4543-440e-8674-89fd42f870aa,38634869.38,2026-10-12,56.0,board_approved,1,19.3
a369c1a8-a92c-43fd-8b69-dee9f4eaee58,28566375.65,2026-08-29,48.7,term_sheet_signed,1,61.4
565116ec-defd-4347-af2e-28c57ac9a111,60772442.82,2026-09-22,55.9,term_sheet_signed,1,82.6
a394d672-28a4-4b74-bf9c-63e527f8bd2a,44392272.72,2027-03-12,50.4,due_diligence_completed,1,21.1
9a62a036-16bb-4419-923e-4aa20a3b02ef,32987343.88,2026-11-09,64.9,revoked,0,115.2
d61840fd-972c-4c83-93ad-8551a8e5c2f9,44987709.4,2027-01-11,92.3,term_sheet_signed,0,59.1
310b7522-0719-4eac-9cc2-c7a5728974f4,57313107.43,2027-01-28,77.3,board_approved,1,19.0
aee0da8c-af4c-4406-8861-55f3b59707dd,35566543.11,2027-02-10,31.6,board_approved,1,13.1
68612c40-cd54-4e39-9909-13db6d1989d0,40963243.3,2026-12-28,75.3,due_diligence_completed,0,28.8
7b050054-7b0c-492a-ba63-2686835986c9,75427484.05,2026-10-18,29.8,due_diligence_completed,0,49.3
6189b841-c38f-4858-8b05-8d1d6efd6c03,57549229.78,2027-01-08,57.1,due_diligence_completed,0,48.5
3d0f5a26-058c-4afd-8d1d-2de517950e78,66506074.8,2026-12-17,47.1,due_diligence_completed,0,49.7
d24a6cbd-8cf9-4f55-bad8-92e3194d40be,50318533.8,2026-12-21,88.8,due_diligence_completed,1,29.0
fac247cd-8c4c-4d4b-8ca6-95dbfa68d7ab,24536042.5,2026-09-19,70.9,board_approved,1,26.8
6eb52dd4-187d-4c72-bf19-bfa691e0e3ff,17772327.17,2026-09-07,33.1,term_sheet_signed,0,81.4
0a3a42c5-7381-4742-8f0f-fb6d1d982180,65553301.2,2026-10-17,49.3,term_sheet_signed,0,61.5
477c1c36-26d8-4f3b-8bd0-537ba86121c7,131381483.25,2026-10-18,36.1,term_sheet_signed,0,94.4
8b21a023-e21b-4f61-871d-ba62f674599f,34610639.52,2026-09-06,39.0,term_sheet_signed,1,69.6
9172fc8e-4b8f-48c7-88d5-d47e7e4c385e,53726319.5,2026-09-18,63.1,board_approved,1,20.1
c1afca27-e200-4e23-8a90-a5612379f694,19939051.84,2026-12-01,74.4,due_diligence_completed,1,28.0
ae25ffef-0d5d-46a8-a440-0952ce42d254,47395130.77,2027-02-06,75.9,term_sheet_signed,0,22.3
125161a0-e801-410f-8bc9-ee40759a502d,136398001.78,2027-01-29,42.1,due_diligence_completed,1,37.6
1c8982a4-e71c-405c-8535-4978e61de809,20567976.96,2027-02-22,67.2,due_diligence_completed,1,26.5
e409e24c-37be-44e8-b8e5-24d84dfda46b,118121029.99,2027-02-05,74.2,due_diligence_completed,1,40.6
4c0502d8-a38c-4198-8714-8b9d526a9240,29171209.71,2027-01-25,53.3,term_sheet_signed,1,92.2
56755808-6298-431e-9013-0dff0c9f5719,72498812.67,2026-12-02,43.1,revoked,0,191.3
6a5e317d-6445-43d7-a998-237de700ae62,113281712.78,2026-11-09,48.8,term_sheet_signed,0,78.8
3c83ce73-98ab-4608-a184-154fb3b681a1,87138232.35,2027-03-04,100.0,board_approved,1,13.0
11929cb9-cdff-4916-bd56-b29d829d4011,26147506.87,2026-10-01,62.9,term_sheet_signed,0,94.3
e7d02cc9-509f-4246-9766-3f647657b716,29802560.39,2026-12-30,37.4,term_sheet_signed,1,120.9
716099a5-8f56-4bce-9fd2-03be3987fc10,33983327.13,2027-01-31,78.9,term_sheet_signed,1,39.5
eb376286-bcfc-4c58-b8da-75437594f113,86149818.9,2026-09-30,69.8,term_sheet_signed,0,63.7
b4028477-6ad7-43ec-ae22-b04251176ac8,16483503.1,2026-12-06,77.8,due_diligence_completed,1,37.3
19ca9a11-51a9-4173-9b1b-030f1f0b8619,36693705.02,2027-02-22,18.3,revoked,0,337.7
100a15fd-3305-49d2-8006-879d7ddf4483,38811818.17,2027-03-10,99.2,revoked,0,125.0
1dbdc713-e8c4-4dfc-9ed9-75e7a2b89ca7,11567183.42,2026-12-15,46.4,due_diligence_completed,1,38.6
85882ba9-b05d-4100-ba09-fd69ee90e173,35229147.01,2026-09-04,36.4,board_approved,0,33.0
41d07ba5-faf7-4fae-ac24-131d4cc4db23,21410357.07,2026-11-11,52.9,board_approved,0,21.1
5712a01d-71c3-4f48-a62c-83b85a0b98ec,29905376.17,2027-01-18,61.5,board_approved,1,21.2
8e5b1a07-274d-4877-abbc-9e4da9da145b,38260431.22,2026-09-08,6.7,due_diligence_completed,0,75.5
7fb0f6c8-45b9-439e-83ea-d6f0c7f62a73,19367138.97,2026-08-20,53.7,due_diligence_completed,1,46.7
524b6d7f-3fc9-420f-ab45-540eacca6b58,25123712.12,2026-11-05,66.8,term_sheet_signed,0,23.5
cbee76c8-ca5a-4ca6-bb20-a4fe41331ded,66148000.48,2026-12-13,60.7,board_approved,1,16.9
d1e49686-9ff1-409f-a297-d509b5206c99,45695468.84,2026-11-08,31.0,board_approved,0,31.8
01705d46-330c-4a0a-ae80-88e78a29e37c,66517514.83,2026-10-10,56.6,term_sheet_signed,0,68.1
42051444-685a-4ae7-90bd-57c3780ddebd,66256482.65,2026-11-25,57.2,revoked,0,155.5
86cbd58d-30af-49f0-b790-c4174cd0f0c2,24183486.46,2026-12-08,89.8,due_diligence_completed,1,32.6
4ce45239-f1ff-47b1-a05c-7951c0ae63f2,92846459.4,2026-12-23,27.4,term_sheet_signed,0,107.0
bb69eabb-3a47-4c5e-8607-e7ad86735b31,82464128.47,2026-10-03,47.5,due_diligence_completed,0,48.1
4987f6a9-fe85-448b-a029-e17d119e0860,39625342.09,2026-08-21,54.2,term_sheet_signed,1,89.6
d717de6c-2f80-48fc-919d-de181a797ba0,32949923.56,2027-02-27,89.7,board_approved,1,18.1
4f7706b1-0661-4743-98b6-68d02078bc39,39113801.07,2027-02-01,54.0,board_approved,0,16.3
e8732944-3353-416e-88c0-ee010320beaf,66902782.58,2026-10-25,60.2,term_sheet_signed,1,102.2
cbb4e174-e8c7-466c-980d-a79c57756847,35940693.21,2026-10-07,55.2,board_approved,1,14.3
2d646d24-6d37-453f-938f-5a30c4f4b2f6,39041055.85,2027-01-12,82.7,term_sheet_signed,0,78.8
1b65adb6-7daa-41d4-8684-7293cd8c67ff,23870310.39,2027-03-12,85.1,board_approved,1,22.9
8c270d81-7a65-45ac-b6e6-8e2532deccbb,61282738.87,2026-11-15,54.6,term_sheet_signed,0,62.5
5a379475-216e-4cd3-806f-348458134bc3,19852246.1,2027-02-28,78.5,term_sheet_signed,0,44.8
704adf30-8487-4ba2-b88d-17cbfa42becf,53024876.15,2027-01-02,48.7,term_sheet_signed,0,63.3
752456a8-4357-4e1c-8942-b294b7028ba6,51509763.53,2026-09-14,37.1,term_sheet_signed,0,79.2
2ca5adc1-a8b8-42cc-9e6e-2b0d05a8ea61,11791840.28,2027-01-19,67.5,due_diligence_completed,0,71.5
914518ae-9ef8-426a-a0ac-88b9517781a6,62218578.33,2026-09-03,57.6,due_diligence_completed,0,53.4
0cc48c31-056f-47f0-ae14-a8b7b2b3fe73,186353895.36,2027-02-03,71.3,due_diligence_completed,0,27.9
a3b251c4-a36e-47ca-8870-61413e1f210f,83443658.5,2026-08-25,34.4,term_sheet_signed,0,83.5
0c7cbfb2-e803-4f3e-ba53-8fd82791dc94,97142583.24,2027-02-12,49.1,term_sheet_signed,1,64.9
1281c940-73cd-482a-8d8e-4965c46af503,18797446.98,2026-09-17,22.6,board_approved,1,29.0
a2064b5e-6f98-435f-95d1-7fd58658f4b4,25893427.93,2026-12-17,91.4,term_sheet_signed,1,41.2
2c0f4cc0-2720-4f16-995c-23da60fde6a7,13837734.79,2027-01-31,100.0,board_approved,1,18.4
c6a9523c-4af4-435d-849a-571f0da05b0c,82878258.18,2027-01-22,71.3,revoked,0,187.3
c6422785-d5c4-4a29-a517-61287fd5c1e6,128194081.14,2027-01-27,95.2,due_diligence_completed,1,28.4
c40ce730-1872-4a31-b1f2-cb677fecc635,17486411.74,2026-12-08,79.5,board_approved,1,16.9
01466132-e373-40cc-a468-fe98d931077e,185526445.09,2026-10-01,65.6,board_approved,1,16.2
3d87e9c3-847c-4bf3-b164-af262faf6a4b,94451918.38,2027-01-22,64.8,board_approved,1,17.1
35266ee7-da3e-4f82-88c4-a261eeb443fc,13237718.64,2026-08-26,27.6,due_diligence_completed,0,33.7
fe78f7d9-86ee-4a29-b000-392550dd0eb1,34397273.09,2026-12-22,60.6,due_diligence_completed,1,48.7
775dfe41-b102-4a8d-92c3-400fa4456ccb,81247446.61,2026-10-23,40.3,term_sheet_signed,0,74.7
11e1003c-5ed1-4787-ad72-70402f17b87e,50113845.76,2027-02-12,60.2,term_sheet_signed,0,106.9
007fcad4-dfea-497b-8664-546c6b2d3e48,35558105.48,2027-01-05,91.1,board_approved,1,17.8
8406550a-3507-48f4-8063-c4b856968810,75934466.3,2026-09-21,43.2,term_sheet_signed,0,84.8
df1d963e-2062-4db0-8e59-93e16fcdaa01,29090784.98,2027-02-03,60.7,term_sheet_signed,1,100.2
4d1d1054-3283-40a2-8296-ee9a908e53f1,104692764.02,2026-09-28,41.2,board_approved,1,32.2
57b24263-a026-481a-aca4-c6e2a20fe7a5,26791462.57,2026-11-20,62.5,due_diligence_completed,0,23.2
601c9173-06d9-45ec-80a0-32300af1320d,38472998.0,2027-02-03,66.5,revoked,0,139.9
d3601cab-5509-4397-abd2-0d6aa4e4dc90,54142907.67,2027-01-20,36.6,due_diligence_completed,0,66.7
1654a132-fb79-4882-924d-ccb29c57ddec,51283029.39,2027-03-09,49.3,board_approved,1,13.1
19431625-a451-44bf-bd98-892ee1a51824,125597793.62,2026-09-17,59.8,term_sheet_signed,0,91.2
f580bf0b-39c2-4245-9ce3-cdfb55cf0594,61404714.64,2027-01-18,39.4,term_sheet_signed,0,60.7
59722e12-a759-4960-814b-d770f2cfd9e9,35721671.39,2026-12-16,32.4,due_diligence_completed,0,44.3
3f35b51b-c11c-45cf-b00e-00706a7d7526,26990215.03,2026-12-27,37.4,due_diligence_completed,0,59.3
e5f40bc5-03f8-4410-baf9-0b13aff17849,32970930.26,2026-11-12,40.0,board_approved,0,15.8
32950b4e-52e0-4936-9f57-cc74e7351f67,123832215.4,2026-12-25,57.2,board_approved,1,19.0
fcacfcf0-c3a4-4c29-a42f-51ec438d7156,45035588.66,2026-10-22,6.5,revoked,0,345.8
40b884b2-0c79-4960-b0c7-70cb9c6e6c31,83912334.18,2026-09-16,37.3,due_diligence_completed,1,37.5
57830f1e-4af7-467f-a9f1-23ba4e225b76,100240132.3,2027-03-04,55.9,due_diligence_completed,1,45.6
3cbf8e25-8ca1-4a4a-b6d2-21ea1f46dfdc,63729814.5,2026-10-01,81.9,board_approved,1,18.6
44dda489-57bc-4456-9539-ed38818800e0,37710997.32,2027-03-12,84.8,term_sheet_signed,0,84.9
95fadbaa-5d74-4cba-9234-e64f1e62e9c9,30336708.95,2027-03-04,59.8,revoked,0,225.9
becb4930-9921-41f2-85ef-5bcc6f6b6aa2,48594355.84,2026-11-01,53.6,term_sheet_signed,1,61.2
f88d0c1e-306a-4dbc-ada5-b632eca345a9,31793199.09,2026-12-31,65.3,term_sheet_signed,0,90.1
2b5144e5-c12a-4757-a43c-26c0edf55f0e,62676234.74,2027-01-01,54.5,board_approved,1,13.5
7de36c7a-a29a-4768-ac1f-488a79c6c2d5,188786782.49,2026-10-14,62.9,board_approved,1,21.7
69b57b23-24ed-4924-9431-a67547a0e457,21807976.55,2026-11-17,63.3,due_diligence_completed,1,32.4
c7a9ed7f-7be9-4985-ad5a-5bae1c5c2b30,28728692.63,2026-09-26,17.9,due_diligence_completed,1,50.8
498e5d9a-b988-45a0-8999-64fda84f4cf1,112036615.16,2026-10-13,53.2,term_sheet_signed,0,63.3
9663f239-0c28-4958-b590-c010c781d981,25121302.26,2026-11-25,59.4,due_diligence_completed,0,53.2
7bf302eb-2ba0-4c86-b75b-c8dfc52dfed0,38807178.24,2026-11-02,38.1,due_diligence_completed,1,24.4
d74c15b5-de83-4227-9298-c99e4d872812,52207547.54,2026-10-24,77.4,term_sheet_signed,0,82.3
29aaaeb0-dbec-433c-a455-21df64d81a27,62764096.56,2026-10-16,100.0,board_approved,1,17.4
df2b2f6b-31d1-493a-9824-a7a22d4bc500,27000431.74,2026-09-16,62.2,board_approved,1,15.5
2ead35d7-a9a8-4b4d-9be6-245a725b62e9,36666465.02,2026-10-25,68.3,due_diligence_completed,1,25.5
082042da-8c4c-478c-ba3a-9ca710d49e02,51067252.46,2027-02-25,42.3,term_sheet_signed,0,99.3
caa00dc7-6ba8-48dd-a29b-0b7ae672c04c,57370323.47,2027-02-14,81.4,due_diligence_completed,0,46.5
9da2fbbe-a324-4aeb-9932-fa055609dceb,85381765.95,2027-02-08,67.5,due_diligence_completed,1,37.3
06d570f0-ac88-40dc-a458-0087fc971a03,102240352.69,2026-12-21,83.1,due_diligence_completed,0,48.8
21392a7f-e65f-4dcc-8520-bfae769c8f71,34602226.19,2026-12-18,37.2,due_diligence_completed,0,29.6
1ab2aa2e-862a-4f8b-8377-ac0f92e88ba1,74956983.81,2026-10-15,73.6,term_sheet_signed,1,63.7
5a6755fe-5008-4c34-bfde-653e779b5fef,7271354.39,2027-02-04,93.8,due_diligence_completed,1,33.2
d0b248ea-0dee-4c34-8786-5480b4559ff6,36923349.19,2026-09-13,54.8,due_diligence_completed,1,44.4
cda9c104-4986-47d9-ac20-da3e0b20ff66,30343204.91,2027-02-16,55.3,due_diligence_completed,1,43.5
cc186547-5f45-4d1f-992b-512326ed99bd,30383165.98,2027-02-05,69.2,due_diligence_completed,0,45.7
021057f3-829e-49f2-b7d1-d041931f87d6,31869755.52,2026-12-13,39.8,term_sheet_signed,0,65.6
8dd69310-32b7-4d22-82db-36c42f1bb487,19997543.98,2026-12-02,89.7,term_sheet_signed,1,56.0
701e9777-4188-4aa2-9fb6-f8f325310de0,15221203.05,2026-09-08,24.8,term_sheet_signed,0,44.3
36d52f2b-24f5-4753-95fa-ff14f395cd12,51105341.6,2027-01-01,63.2,board_approved,1,16.7
9f8d454c-e3d2-4877-95fb-7cdfc5fd6274,27011952.92,2027-03-03,65.7,due_diligence_completed,0,44.7
d50e4c1b-dcaa-4f59-852f-d5f254d40da5,82535091.6,2026-09-15,75.7,term_sheet_signed,0,55.1
f588fbfc-8751-4019-acc2-c3d4adc9a3eb,21751320.48,2026-12-16,57.1,term_sheet_signed,0,87.6
128b53a7-87dc-4bc8-8aa0-1a8f99a15386,45523512.0,2027-02-13,72.8,due_diligence_completed,1,25.8
9a142d21-e0ef-476e-8475-1f550a26abd1,57897528.72,2027-02-09,58.8,due_diligence_completed,1,16.0
8cf98637-203d-4949-8bc9-5c1cb66258aa,41380922.99,2026-09-01,58.8,board_approved,1,21.7
03f0bdf2-a052-4639-b64c-694815c92bc4,77246335.0,2026-09-09,59.4,board_approved,1,18.2
650fe1f4-3886-4396-930c-341e996836b5,50399880.51,2027-01-08,88.4,board_approved,1,15.0
17eacb30-5bf9-4acc-bfa8-3f801243f1db,28899002.21,2026-12-07,55.0,due_diligence_completed,1,47.4
12b8f53d-5644-4e5a-a284-205b8717ec13,17865158.96,2026-09-16,50.9,due_diligence_completed,1,42.7
078f2c7a-7ae6-4371-9c8b-654330b1f57b,62382875.07,2026-09-22,64.0,board_approved,1,20.9
d934b2f8-8961-4e39-88c5-cf1c66010a0a,21287925.99,2027-03-02,48.7,term_sheet_signed,1,76.0
acad1727-c0f2-414a-a2d4-438bed36c7ae,22314025.69,2027-01-14,61.9,term_sheet_signed,1,83.9
1d968467-4222-4388-9003-12bb383d36f9,20659621.79,2027-02-13,43.3,board_approved,1,28.0
c42a33f1-aecd-4219-a341-eade420a5fa8,75752280.23,2026-09-02,55.7,due_diligence_completed,1,64.8
9a1698ac-b2f3-4e42-b0c1-c3e2a5e8e9a0,37561797.3,2027-02-08,5.9,due_diligence_completed,0,53.1
f2662918-932b-42a4-b445-0605aeb54e8b,37223768.59,2026-10-30,76.2,term_sheet_signed,0,60.5
574e380f-e6e9-42ad-91a9-8237a7404d22,14831439.66,2026-12-20,36.3,board_approved,1,18.2
93061eb1-e761-439b-876a-67e282cc9cfb,31368750.76,2027-02-18,100.0,term_sheet_signed,1,75.8
af81d3e4-bf7d-4113-a355-0a42f1a9b550,17357338.51,2027-02-28,29.6,revoked,0,209.4
c662a642-1515-4e7c-8eec-5d901c721d89,20753130.59,2026-10-15,76.4,term_sheet_signed,1,91.9
50d0af31-5167-4a94-b73c-3904f85b8a98,19016767.86,2026-09-11,68.8,term_sheet_signed,1,58.3
74e1eeba-f27a-4d0c-9353-5d72fd06ae8f,30115519.5,2027-02-08,54.2,due_diligence_completed,0,54.3
f135fa56-3320-4ff2-be3d-c32bb48ffdc4,17983481.86,2026-09-27,94.7,board_approved,1,10.9
da4669c7-55b0-4ad1-a90b-1d25c9d12431,32403039.79,2026-12-29,50.2,due_diligence_completed,0,61.8
f1c2680a-3d8f-4117-acab-4f45eb2f428c,44480130.13,2026-09-19,51.9,term_sheet_signed,0,55.8
7b95150f-f9cf-46e6-a56a-aeea567f29a1,46258851.09,2027-03-01,51.2,revoked,0,196.2
8926e1d8-f0ec-4cad-a287-1ffdb28f9ba0,28032904.93,2026-10-24,82.4,due_diligence_completed,1,40.4
42d07471-9ffa-43d5-898e-35277a594d66,35034628.82,2026-09-02,82.2,term_sheet_signed,0,34.4
3179b205-811d-496e-8e91-f6c159ba859b,32650465.83,2026-11-22,58.0,due_diligence_completed,1,49.2
7a918546-9088-4548-ab54-2632a5885847,72916838.98,2027-02-04,95.7,board_approved,0,10.9
eaf6ed57-0044-4cee-8847-f6d944e4f914,24967746.99,2027-02-04,89.5,board_approved,1,17.3
521d7bfd-75b2-4193-afa2-498e93d56b9f,59198321.58,2027-03-09,53.9,board_approved,1,17.7
625fb799-5416-4c43-971b-d9855df330d9,24667549.02,2027-03-09,57.1,due_diligence_completed,1,42.4
722eeccd-b425-443c-bb5b-7b2ad3e1d2e4,19279004.6,2026-10-18,50.9,revoked,0,275.8
a4fd296f-dba1-485e-bc25-c41b6c56a1e4,33258110.37,2027-01-06,52.2,due_diligence_completed,0,40.5
bd523771-dd88-4adc-b733-ac810f54a5ec,38701673.15,2027-01-09,97.4,due_diligence_completed,1,20.9
54ca8480-52ab-4518-ad21-15a89b55281f,40542057.37,2026-12-05,100.0,due_diligence_completed,1,22.3
d7682951-1938-4778-8fb6-28e5c7ab9427,37622576.4,2027-01-15,44.6,board_approved,1,28.7
e8eec06e-c892-4e8f-bb6b-c87d03ab7b9b,19925495.26,2027-01-23,59.4,term_sheet_signed,0,64.3
19875b9c-3529-470e-8ed4-362a3f0a4d90,27028999.98,2026-12-27,24.8,due_diligence_completed,1,43.7
306f87f8-d1e6-4ea1-8a15-39306ca9a6c5,49299082.55,2026-09-07,52.5,due_diligence_completed,1,45.0
3e29df71-e7bb-42cb-b7ca-541beda384fe,50156449.21,2026-12-25,53.0,due_diligence_completed,1,61.0
3e4ade1c-6507-4fae-9440-d645eccd5709,36987546.12,2026-09-12,81.0,revoked,0,190.1
2bc4e331-2ab0-4064-b9de-e78e874f3c36,25256878.23,2026-12-24,81.8,board_approved,1,14.6
cd119986-b292-43fa-8b03-9762bf6e0158,41037038.09,2026-09-23,50.8,board_approved,1,21.1
aa34c9c2-cd01-48e2-aeba-c732c5e4a412,38531367.98,2027-01-15,49.2,term_sheet_signed,1,63.7
f79feb34-e1c1-49f8-a937-9086f8aba82c,162703457.6,2026-12-06,39.9,due_diligence_completed,0,51.0
73ef149f-a55a-4299-bcd5-25cd0b20f0be,8583842.0,2026-11-23,20.4,board_approved,0,15.4
8e750232-acc5-41e6-9651-75a48e959145,69181822.05,2026-10-15,64.1,due_diligence_completed,0,45.3
f2e24e84-a904-4866-a4dd-28c46c2b481e,29154995.54,2026-12-25,67.0,term_sheet_signed,0,65.6
fe12fe01-f585-4895-89c5-7738a290153c,62189479.53,2026-09-18,44.2,board_approved,1,19.0
22ed3a45-e706-4bb3-9a44-20322be249e3,8063197.9,2026-10-11,54.0,term_sheet_signed,0,96.5
dd673cbd-fb0d-44a6-b159-67046a68ed90,39408143.91,2026-12-31,97.7,due_diligence_completed,1,28.7
087d7f7d-37d5-4c5e-b3b1-6dad380e281b,107086216.94,2026-12-16,39.9,term_sheet_signed,1,89.1
10f87b7d-f5bf-4a6a-9df1-1f0f2b96fc15,100720542.88,2027-01-17,34.1,due_diligence_completed,0,45.7
eef26bb5-6b85-44b2-996c-fbdb4ea1f5fb,43493632.41,2026-10-07,48.3,board_approved,0,25.7
83ac15da-d931-4310-9081-347e6190a5bb,35297344.53,2026-09-19,83.2,due_diligence_completed,1,25.1
ae501b38-29dc-4cdc-aa62-a456aec1f067,29744255.42,2026-12-16,42.5,term_sheet_signed,1,80.8
1796cf31-40a3-4185-9098-a998dd726872,64175888.6,2027-01-11,55.4,board_approved,1,18.3
0769d0ae-5508-4393-9c5e-3ea395bc4a63,21459772.6,2026-12-23,57.5,term_sheet_signed,0,89.4
796ca11a-8d74-42a7-b42b-df690375bf47,17383311.69,2026-10-06,52.5,board_approved,1,19.2
ae936617-47bc-4738-9e87-52aa5994fe11,19342975.17,2027-03-10,61.8,term_sheet_signed,0,44.2
e0f9bd54-7b15-4820-9f89-197087b54c66,25651920.53,2026-09-23,87.1,revoked,0,122.9
4ee4f829-bdb0-4548-8def-0db4625c6224,40773248.76,2027-01-29,39.5,board_approved,1,33.6
90a9931f-24b5-4bcc-8d94-e89f19a3c949,60070496.86,2027-03-03,48.1,term_sheet_signed,0,44.9
5f3c66b4-42ef-4e45-bbfb-183949bc680c,31007729.3,2027-01-05,55.3,board_approved,1,13.1
dcaedff6-04a1-43e9-94d4-62940bf092d2,35316905.42,2026-08-25,31.5,term_sheet_signed,0,82.7
71ea9cb4-51d1-4c53-bcd8-84a6ea48d574,34691334.32,2027-01-05,33.0,due_diligence_completed,1,52.1
cf793b2a-1ea9-4535-836b-768dcbc048a8,42683787.14,2026-12-15,76.3,due_diligence_completed,0,51.6
14f71a89-7e01-4fae-becf-9b708fd8a07d,28669426.18,2026-10-27,45.5,board_approved,0,20.1
bce38ec8-76e3-4c11-b240-69a319f156e3,28443852.08,2026-11-09,19.5,board_approved,1,24.5
a1865af7-e94b-4ae7-b4d1-bfcebb150dbf,62808455.42,2026-12-28,99.1,revoked,0,168.1
8b1336c0-fd1c-4fad-be2a-077812b9684f,70470102.69,2027-02-22,97.0,due_diligence_completed,1,30.6
d7efb8e7-48cd-4788-a7c5-94adfb0e0c81,57814546.21,2026-10-31,53.2,term_sheet_signed,0,70.0
de259ae5-20cf-499a-8247-2facfdc5684f,34890154.82,2026-11-13,94.5,term_sheet_signed,1,75.0
59d54725-c869-45f1-a93d-eb37f60c0ab3,18905384.1,2026-10-10,88.9,board_approved,1,19.5
48f25c58-b7c9-4b7f-9472-f80ea82045bc,19753061.86,2026-10-17,88.5,board_approved,1,20.9
c1fb9234-6ff2-41fb-bc4a-998f80a17d43,54805751.23,2026-09-16,71.2,revoked,0,105.5
a537baa6-9689-440a-a864-74942f1ce4a5,30456022.75,2026-12-10,48.8,revoked,0,146.6
8624e1c2-2d14-41eb-8b8c-7f44c6e601ca,62094662.94,2026-09-26,37.8,due_diligence_completed,1,33.7
967d418b-d6eb-43be-ac02-459c30b44a5d,33719539.78,2027-03-03,66.7,term_sheet_signed,0,79.2
673988c1-7d86-4454-b255-d097e1127998,21284013.11,2027-03-15,53.8,board_approved,1,21.8
84fd44b4-8b08-40d2-a75b-7bc43cec08e4,25867240.03,2027-03-10,42.2,revoked,0,169.5
322cde0b-1ffd-4e65-8c15-407b613e394a,15435317.44,2026-09-01,27.9,board_approved,1,21.7
afe52f01-c79a-445f-9fef-238d88312f14,31307671.13,2026-12-26,47.9,term_sheet_signed,0,78.8
660247c9-41fb-42d9-b751-384983f66cda,53378723.27,2026-10-07,89.6,due_diligence_completed,0,35.1
ed6bba32-01b3-461d-ae96-532f0ebe88bc,27778434.57,2027-01-11,84.3,board_approved,1,9.9
8ee685ef-a075-400f-8701-39522d8701e2,86403165.56,2026-10-16,89.8,term_sheet_signed,1,53.3
cc508634-9452-4ef5-a16f-a339832ad5bb,109144610.59,2026-10-20,56.4,term_sheet_signed,0,64.8
b20f9d36-a63d-4b87-842d-5f2ed3a8eba9,55613441.12,2026-10-27,35.7,board_approved,1,27.7
8f8cf8e6-45bf-4844-872e-4a540c7e4aef,79409951.74,2026-10-21,62.5,board_approved,1,27.8
7708b763-631a-45bd-bd6e-648cb8179a63,56112520.94,2027-02-03,62.8,due_diligence_completed,1,44.4
6215ca03-6bd1-4f43-9adf-db1035d3ebd4,114550769.45,2026-09-03,70.4,term_sheet_signed,1,98.2
0a9403bc-5216-4118-948c-07ab3998899b,190785745.87,2027-01-24,23.9,term_sheet_signed,0,119.2
0f927e85-d46c-4765-b196-dcd16df66bfd,26348256.23,2027-01-06,81.2,due_diligence_completed,1,34.3
eafc9641-9c23-4922-8518-19ff19810668,69829393.18,2026-11-18,68.8,board_approved,0,17.4
e04fcd8c-6831-4403-9bba-0be12c3852a6,70893855.84,2027-02-06,64.5,term_sheet_signed,0,69.3
31d16278-29fc-4a0b-af19-31b87063415a,56718460.69,2026-12-06,14.4,board_approved,1,18.7
79ac16b9-9281-43f4-ae60-7c81fd2a98f6,74289954.52,2027-02-08,84.5,revoked,0,193.3
bfed7b00-190a-4e1a-8e11-bacf7aec1fa8,26275609.43,2026-11-16,58.3,due_diligence_completed,1,51.7
39401e34-9b70-4e02-a1c8-10e69174d71e,14491637.24,2027-03-13,39.1,due_diligence_completed,0,41.4
6dd3296c-2784-4e0c-8ca3-c340a6dbc301,18158427.1,2026-11-18,84.8,term_sheet_signed,0,56.8
019733c5-096e-4a0b-99a2-be2cd54e206c,17936152.22,2026-12-16,84.8,board_approved,1,19.9
28c7dd3b-4555-4761-a0db-d662e6e79ea8,51190760.84,2027-02-16,57.3,term_sheet_signed,0,82.2
d84e4b7a-764c-423c-9026-785451970a41,72142933.65,2026-11-01,40.4,term_sheet_signed,0,83.0
2b5247af-de02-4e91-8076-1907dcce4a13,44751858.21,2027-01-07,57.7,board_approved,0,17.4
76e526f5-6d8a-4b90-9fcc-ff411f08df68,43994412.23,2027-02-05,72.1,term_sheet_signed,0,70.7
b7497475-afa2-4000-8cba-a38a22bbfad4,31486849.48,2027-02-13,70.3,board_approved,1,14.2
fc4fec7f-4fe9-452e-9e01-d6af5ea63efb,43521911.39,2026-12-05,60.4,board_approved,1,16.8
3ea43985-cb5b-43d8-a93c-0a4c49b8dc1e,25079589.58,2027-01-13,100.0,due_diligence_completed,1,57.4
0b92ce83-80c6-491e-bd0c-76136b95ecfb,66029510.07,2027-03-01,32.4,revoked,0,271.4
7322bd68-0b0f-4103-991a-f63421042226,104583774.84,2027-03-10,51.2,due_diligence_completed,1,55.5
a17fb811-d2f0-488c-8fcc-ca66999a6067,57472242.62,2027-01-27,51.1,due_diligence_completed,1,46.2
9887b759-bb5b-4f84-9890-f2a02cb625b3,45226308.86,2026-10-19,77.0,due_diligence_completed,0,39.0
467123f4-3e92-4a10-8bba-ac46f90ff097,45476755.77,2026-11-03,58.2,due_diligence_completed,1,46.4
6b86323f-3669-43be-a020-dafc719fc4f1,59285032.47,2026-10-10,75.5,board_approved,1,11.2
675f42ea-a079-436b-9d56-24fc9a0e70db,37938163.95,2026-11-23,57.2,due_diligence_completed,1,37.8
fbedf0b5-e157-49da-8d57-f66c5a285971,51993852.17,2026-09-07,87.7,revoked,0,178.7
01b5bfb8-6d9e-405d-93af-e488a6d13811,48781590.36,2027-02-20,56.2,term_sheet_signed,0,76.8
e0d68a53-156e-4dcc-8c00-ae597eb5341c,27467603.83,2027-01-09,72.1,board_approved,1,13.4
b0789066-abde-438c-85a3-d93f6c47c692,20931566.5,2026-09-26,49.4,board_approved,1,15.2
a51d0e0a-e81d-4fde-a918-6d09f8985821,28279575.23,2027-03-06,85.1,due_diligence_completed,1,26.5
d450c704-e896-4690-8472-d95c61e2fe92,62044817.36,2026-10-05,76.9,revoked,0,170.8
bc97a2c4-1846-4d14-b52a-742e6fe656d1,86352068.41,2026-12-06,43.7,revoked,0,171.6
67ef46d1-9362-4da4-ade5-e634e498baf1,20238020.1,2026-09-19,54.0,term_sheet_signed,1,65.6
fe66ea4c-fabf-4bd0-983c-7ea70642314b,15583417.09,2026-10-19,30.4,term_sheet_signed,0,82.0
f9907187-d620-498f-bcfa-81d9821ce69e,38288956.67,2026-12-01,73.0,term_sheet_signed,1,61.7
1fa633c0-2836-4c61-ba8c-d6f56ba57dcf,18669379.74,2027-02-08,62.3,due_diligence_completed,1,31.9
6d7e70d2-c4df-42f8-a554-003ef6f9b1dd,75339875.66,2027-03-05,53.2,term_sheet_signed,1,61.1
f2216975-e976-42e7-8c2e-be2138797822,108251236.24,2026-10-14,83.4,board_approved,1,23.3
5ca33ff4-6fda-40c7-a517-f70310f1cab8,22627836.32,2027-02-03,82.0,term_sheet_signed,1,25.1
7ef800ba-1ec5-4bcc-8474-ea069fc72f4a,18120178.12,2026-09-22,69.3,board_approved,1,21.7
6e8c815a-8165-4441-a890-d1ea77e74dc0,29963425.04,2026-11-12,40.6,revoked,0,205.9
cddada07-6574-42a1-af67-e628c1233fb4,108755798.29,2027-02-09,53.9,term_sheet_signed,1,98.7
1715751f-50af-43d3-b240-da9b51eb12c2,80992186.51,2026-12-31,61.5,revoked,0,166.7
4469435a-4426-4fb3-b831-ae56573a1f50,28804336.1,2026-08-28,68.4,term_sheet_signed,1,56.7
02043de2-e429-4311-b56a-96c5aa5e2473,52852755.08,2027-01-26,97.2,due_diligence_completed,1,37.7
a461a5cb-78d1-441c-9de5-82d9ea9c8367,21637624.99,2026-09-07,69.2,revoked,0,272.6
b9914611-a028-465c-91f4-8885391983c7,79522419.59,2027-01-18,45.2,board_approved,1,18.3
f3131fcb-d449-4125-b3f9-dd88a219c4f8,15604061.22,2027-02-28,60.9,revoked,0,168.4
aad4eedf-8bf1-4390-9336-858b574385b1,74830460.37,2027-01-10,47.9,due_diligence_completed,1,35.9
118f8dd1-d851-4e2b-a247-43bd070b1602,23809436.42,2026-11-17,67.8,due_diligence_completed,1,37.9
91d2ae9e-3f4f-413f-b42e-0608a9eb7d18,41564576.22,2027-01-14,61.0,revoked,0,158.9
933f5f0b-da4a-4005-a1cf-aebf3bf6f0da,38769538.86,2026-09-18,57.6,board_approved,1,20.6
8b384fb8-4184-4090-a540-f947dde386ba,33667492.12,2027-01-10,45.4,revoked,0,289.2
3eadf55c-8de6-4742-8abf-4acec980a9a1,29801270.21,2026-11-13,63.5,due_diligence_completed,1,28.8
fcdd06b7-0c35-4abc-a4f5-ed0e847c2a92,33718521.68,2026-08-28,41.3,term_sheet_signed,0,56.7
1dfe32a9-b264-45ca-be88-52387f9aecbf,87874797.31,2026-12-19,76.6,board_approved,1,19.6
59ba460c-d372-4db6-82b1-c039e83eada2,79244357.01,2026-09-25,39.3,term_sheet_signed,0,129.6
4e9703b9-97ef-4e83-8d9d-0639a12f7113,36249093.27,2026-12-26,99.5,board_approved,1,20.0
e7da5fd8-dd9f-4f50-8830-0b87907479a3,21428073.47,2026-10-13,50.3,due_diligence_completed,1,52.4
a68e6d64-880b-49d5-84ef-837c40ab5459,55602764.6,2026-10-10,61.0,board_approved,1,24.7
8272d6fc-f13c-467c-b6cd-b411c35b0428,57795859.93,2026-09-01,70.6,due_diligence_completed,0,38.4
7cadb4b1-37f4-4667-b3ce-8b004c15d28c,44921366.8,2026-12-07,61.1,board_approved,0,19.4
ab7c1a26-bd15-4242-9424-b7a4868e1be9,59583600.63,2027-02-17,33.1,due_diligence_completed,1,44.5
7f06a12e-5f35-4271-98f6-e2a365912f2b,38859001.35,2026-10-10,84.7,term_sheet_signed,0,52.8
445757bd-4a18-418c-8e51-49a87f28544a,58744993.51,2027-02-16,87.0,term_sheet_signed,0,67.2
138adc97-7544-480f-ac80-aa5e38c59106,35215876.08,2027-02-08,42.5,term_sheet_signed,0,57.5
5c4218e7-416b-488d-bfbc-d5b244d40d9b,34143564.07,2026-08-20,33.1,term_sheet_signed,0,66.2
4e2b03fb-1cd0-4efa-bd5c-8104276e68f2,76618119.4,2026-09-17,51.3,due_diligence_completed,0,52.4
62f98dcf-9885-4726-84b5-c5a7f2a9df02,37716382.03,2026-08-25,32.0,term_sheet_signed,0,80.9
d33eed4e-5e84-47c0-b2fa-ab221ddb600c,17797835.34,2026-11-25,67.6,term_sheet_signed,1,26.1
dc82096c-1641-48ca-8f04-e30512cfec7e,25178457.99,2026-11-09,78.2,term_sheet_signed,1,65.2
7407180b-e879-44ad-8f4d-a1b9e1f2a2a8,23053737.76,2026-10-15,30.4,revoked,0,208.3
fa7944ca-1841-4c5e-9291-63fc7826c675,7562225.38,2027-03-10,48.3,board_approved,0,24.3
52f6e30a-0b19-4ed1-b08b-88feb2e56ddb,69316428.06,2027-01-29,50.6,board_approved,0,13.3
477cd846-52a0-4cb9-92a5-3745667bf18d,33387090.17,2026-09-30,45.0,due_diligence_completed,0,48.8
10526d82-9941-4a6e-b2cf-f4a29fa680a6,44913083.41,2026-12-07,71.0,term_sheet_signed,0,41.9
5b6ea6c1-af8a-4f9c-830f-cdae66b1defe,36036433.11,2026-11-18,53.4,board_approved,1,16.1
606b00c8-d778-4e82-81b5-662a123848a5,62562127.59,2026-12-12,88.9,board_approved,1,7.0
0663c7f6-8bcd-4072-bdc0-5f7d4ec8e3a2,25466680.73,2026-10-04,62.2,term_sheet_signed,1,54.5
94296269-fb82-41d4-a7d2-ef0940f499ed,20416180.39,2026-09-05,70.5,revoked,0,223.2
59622b23-347f-4b5c-b2d1-1d98af051bd3,78621944.83,2026-11-18,84.9,board_approved,1,6.6
c9363845-f8c4-44ba-9157-b2d7d4ade784,15710646.28,2027-01-28,75.3,revoked,0,184.0
56d2b27b-658e-43a6-8aaa-7611d82ea8da,27069207.21,2027-02-11,48.5,term_sheet_signed,1,82.3
59630721-761a-4102-bb25-e3e85d333275,24655577.49,2026-09-11,81.0,due_diligence_completed,0,22.0
8ae76992-13d4-4590-abda-cda1b3360810,65911662.86,2026-09-30,52.0,due_diligence_completed,0,53.2
760db54f-ad15-4e3c-81a1-eae850145d0a,27250023.62,2027-02-28,67.5,board_approved,1,23.4
76bdf107-f76c-4b5f-a147-fdb09a880b27,44389701.61,2027-03-14,39.5,board_approved,1,18.2
5f026d23-53f5-4d0f-938d-08004795f8dd,42744350.89,2026-08-24,57.5,due_diligence_completed,0,38.8
b5b6a3db-fb8e-4161-b634-264da67cf8fb,70944853.84,2027-03-06,69.3,revoked,0,169.5
1410177e-d972-4d95-8cc6-065c055fe86d,18681699.43,2026-11-19,55.9,revoked,0,140.6
62f759d6-218d-45bf-9a51-c0f366e33f78,45441049.01,2026-10-12,54.6,due_diligence_completed,0,24.2
fc5a8026-f3ae-4c2c-bb61-8fde98439de1,28548769.52,2026-12-09,16.6,board_approved,1,20.4
8f2c122e-97f1-47e0-9db5-e79286b97fc5,13219758.31,2027-01-31,45.5,due_diligence_completed,0,37.6
569f26db-edab-4a78-9605-58eec82e7f59,19227235.22,2026-08-18,79.4,board_approved,1,17.1
170f2c7c-70be-48da-b8ac-a05f05c0214b,64018238.69,2027-01-02,57.3,due_diligence_completed,1,47.7
7bedf7ef-61fc-4828-822f-19c8a3994464,49949752.7,2026-11-19,7.2,due_diligence_completed,0,63.3
db20cd37-20fd-4def-aed1-497eae13c86e,30221776.86,2027-01-26,89.8,due_diligence_completed,1,39.3
91e73d44-9f78-4e4c-84b5-8a59dbb02b79,26912038.07,2026-10-29,53.7,board_approved,1,27.2
27583c72-a5ed-48be-8004-f4ef550c27a0,258400830.74,2026-09-20,69.1,term_sheet_signed,1,44.8
7a2605c3-5435-4011-83e4-f82f2eb1ccdb,31405040.49,2027-03-09,40.5,term_sheet_signed,0,67.6
88115efe-e3c8-460a-98b8-e49932c9f383,47645980.35,2027-01-05,91.9,term_sheet_signed,1,66.8
f2e2e2cf-cb62-4767-bd59-cc3154889494,60068662.67,2026-09-13,65.5,due_diligence_completed,1,47.6
e2c49c58-a75a-4728-8a31-10f02cc1a150,34891831.45,2027-03-10,63.3,board_approved,1,16.2
0caa2552-dbaf-4ea1-bc4b-b15d77572c59,27625927.41,2027-03-03,68.3,due_diligence_completed,0,36.5
ab99f3d8-b493-45d5-bcf2-3d0da37f3fd0,26939467.17,2027-03-03,30.8,revoked,0,293.6
102e492a-2872-4b15-8323-11ac1816b216,58514329.38,2026-08-25,8.0,term_sheet_signed,0,104.5
2a26043c-f7ca-4257-85ae-c92898a78d79,37455291.88,2027-01-16,56.1,term_sheet_signed,1,96.5
469ebd94-4f18-4aa0-9712-88e49c635e2c,69995640.5,2027-02-16,81.7,due_diligence_completed,1,20.2
f28c15a5-9ec8-4add-b515-e4a49f2e1863,61186453.11,2026-09-03,50.8,term_sheet_signed,0,52.5
d493a453-ad37-4d3f-b762-729fbf1745a8,79214029.67,2027-01-15,40.9,board_approved,1,18.9
17b44345-7a15-48c8-898d-e46b2aa75be7,39497477.7,2027-01-09,34.0,due_diligence_completed,0,44.4
0c33a8f4-c2e7-4754-86c7-b488a8a9c0b4,16365691.19,2026-11-24,65.1,board_approved,1,18.2
8f7a1cb7-b9a9-478a-b073-e0cf27756edf,36023277.97,2026-08-24,74.9,term_sheet_signed,0,93.2
79dddebd-8659-442a-9185-8ce48d121a5b,31231473.08,2027-01-03,58.4,board_approved,1,16.5
009c99a1-96f4-41d9-b395-bd151c83344d,88283586.09,2026-09-13,46.4,due_diligence_completed,0,43.0
510dedee-196c-43af-8ba5-0df36c9d1237,33938016.74,2026-12-29,75.0,term_sheet_signed,1,69.0
6ac741a0-6d5f-4f45-ac3e-a7a251c2067f,47923091.27,2026-11-19,60.1,board_approved,1,17.9
45de7787-455f-4bfb-bf6b-62a8abbc4a35,13168021.09,2026-09-27,80.6,board_approved,1,14.4
02787011-714b-4f2b-a1b4-eb9148cebaf1,116996758.52,2026-12-25,59.1,term_sheet_signed,1,63.6
d42ee73e-412c-4b78-807f-9da9ecdbb00c,66694807.17,2026-10-08,52.9,term_sheet_signed,0,58.5
c1f69839-5f9e-4350-9bc2-23c4d12478cc,10626047.35,2026-09-04,84.5,term_sheet_signed,1,57.4
25b2e1ac-8b67-4611-9037-658362d60aa7,15908567.53,2027-01-01,0.0,board_approved,0,25.6
eca76e80-9e05-4e4f-abc7-4a96df46a445,20484430.59,2026-12-27,49.0,term_sheet_signed,1,76.1
0157249a-b0a1-46d6-847e-680b9e5b554a,68398949.22,2026-10-24,44.2,term_sheet_signed,0,60.7
6bdf141a-fe0e-47a7-913e-bf1469e6905e,36774753.75,2027-02-14,81.5,due_diligence_completed,0,44.9
9b22318a-fd43-41c8-8813-a0314be3ec69,83495682.05,2027-02-19,64.2,term_sheet_signed,0,58.2
f0584107-90b0-4856-9ad2-568b0775fa5a,35216829.61,2026-10-27,34.3,term_sheet_signed,1,73.8
cd30d3d2-e715-4c83-96b4-dfb637cd34db,54807610.05,2026-10-09,54.3,board_approved,1,10.4
9897242a-5a80-4e72-bc48-f58886334a33,46105192.43,2026-09-11,29.6,due_diligence_completed,0,53.7
fdcb0a75-f3bc-4da9-a815-2d8254db62fa,30036727.67,2027-02-11,64.9,revoked,0,215.8
0856db60-cc4a-443a-a98f-54e35bda26de,27645978.71,2026-09-01,79.0,term_sheet_signed,1,54.3
245c5696-784e-4a17-b4f6-67c36d28fed6,34816804.0,2026-12-09,49.8,board_approved,1,18.5
f3d57bf5-4fed-4bc3-b786-b391fc59f60e,114228666.16,2026-11-04,51.8,due_diligence_completed,1,38.2
77312612-ca77-4e77-9d7b-d9a0ef8de9a2,73946161.4,2026-09-04,48.7,term_sheet_signed,0,62.3
757cd9bc-5484-4887-bb97-4d441d5927db,87204913.25,2026-11-03,36.9,revoked,0,210.1
1851e6fa-e2b7-4571-80c4-4e950b7e1eff,44117966.9,2026-09-03,33.9,due_diligence_completed,1,23.9
ef660706-cb87-4883-b45a-c34bffb0dcae,34952287.53,2026-12-18,92.4,revoked,0,173.4
c2c625b2-2436-47d3-8a84-be658a315205,36865379.99,2026-12-16,54.1,due_diligence_completed,0,33.2
c8a9feb2-ba23-4fa0-9c78-d89db53759d3,76062174.24,2027-03-06,40.5,board_approved,1,21.0
707f8312-857c-42c3-bd0c-767f56f18d2f,55993299.41,2027-01-19,48.0,board_approved,1,22.5
bfeb43e7-b91b-4a0f-87df-10db73ebc254,66488914.41,2027-02-17,55.5,due_diligence_completed,1,29.4
62c19b4a-2803-4f8a-a1bb-63d3f5427917,44532486.63,2026-11-24,46.2,due_diligence_completed,0,45.9
cc5a4a30-3f63-4f3a-aac8-6d51a7e5c164,54580791.83,2026-09-01,54.3,revoked,0,168.4
5da928f2-86f3-40d7-af59-7d29b394ca55,22480409.09,2026-10-31,62.7,due_diligence_completed,0,46.6
54d95732-34e6-4e16-a7d6-b649e63de5ef,55530273.69,2026-12-07,59.2,due_diligence_completed,0,45.1
9eb90d78-60d9-470e-b0b7-92a7cdbb22ea,28795362.69,2027-01-03,84.6,term_sheet_signed,1,75.2
f7581c60-460a-4a3d-8291-870e7910eec9,184098217.51,2026-09-05,37.8,due_diligence_completed,1,47.5
571cce49-cc8c-4329-8754-73d1773fb7b4,35539445.47,2026-12-24,65.4,term_sheet_signed,0,64.1
09673298-5215-43fe-ad10-01a4ad690b5d,34900281.37,2026-12-02,100.0,board_approved,1,12.8
096b04f5-ea21-4514-9f12-ed7bdc66adc2,15714470.4,2026-10-05,50.9,board_approved,1,17.9
0a350bd3-2d19-4aad-a380-da066f5c21fb,28168409.95,2027-01-07,36.1,revoked,0,250.5
1b6e0d46-73f4-4e2f-8048-9353caeaf8b4,23637734.98,2027-02-03,88.9,revoked,0,190.6
bd26f6e9-28a2-4f0b-a4fe-9a031643ff7c,17566560.56,2027-01-20,32.5,term_sheet_signed,0,56.8
ec3ffc46-4cef-40a6-8110-21b80082db29,49937335.66,2027-02-04,62.3,board_approved,1,14.2
23c6f4aa-0dee-46a1-ab32-5b82d62e2db4,27299890.08,2027-01-15,74.3,due_diligence_completed,1,44.7
3c7770a0-4f52-46a9-9db7-ba334e9e515f,91852364.25,2026-12-27,69.3,board_approved,1,22.1
c359ecbb-34de-4cb1-b11d-892f2e4073a5,21056834.29,2026-10-29,91.7,board_approved,1,17.5
66bb6ec5-dfd4-40ca-9738-7ffe58c252e8,30730809.51,2027-02-26,83.0,term_sheet_signed,1,92.0
581a8dca-05b1-4f1a-b531-ad7baa89b307,81409526.83,2027-02-27,71.1,due_diligence_completed,1,26.4
f4b38b0a-42d1-4bb4-ad91-736b27e534ca,34764136.48,2027-01-07,65.5,due_diligence_completed,1,16.5
db017855-ae1a-4714-a083-a53057abccaf,69084640.19,2027-03-07,44.9,due_diligence_completed,0,53.1
ba7d58a3-349b-41cf-97ef-61c73e300af4,56762465.58,2026-11-29,30.1,due_diligence_completed,0,66.1
413249a8-e3ef-4245-8984-488aa11968c0,31544629.31,2026-09-19,26.1,board_approved,0,23.8
75ec77c1-0a91-47ae-aabd-0dd0790c1345,73777371.02,2027-01-29,55.3,board_approved,0,14.3
04411797-88f9-451a-99c0-b28524ae3b4a,19055110.1,2026-09-17,52.8,due_diligence_completed,0,42.4
60237c67-2d4f-47ab-bec0-663c1aedfeda,38428106.23,2027-02-01,77.5,term_sheet_signed,0,59.6
de6fc91a-73a2-435c-a78b-27cb43685aa0,39656763.66,2026-10-27,48.7,term_sheet_signed,0,67.8
fe9370d6-72fa-4071-98b4-a2c2f4b55d35,62797783.69,2026-12-10,43.7,due_diligence_completed,0,56.6
87de4727-2eb1-470a-ae4d-ee80a13235c4,19926466.17,2026-12-20,90.4,term_sheet_signed,0,48.1
d634d009-02d1-4c36-8997-2672cc8b781d,57824924.26,2026-09-26,32.3,due_diligence_completed,1,43.8
89337c7e-3c88-4e18-9ee0-d4f14797f512,107201575.22,2026-09-18,48.1,revoked,0,135.5
e30ec9a0-7e18-4e90-8d4d-a4208bdb2458,135335063.5,2026-12-23,55.7,term_sheet_signed,1,87.8
1bb3fc1b-6577-45d9-9b8e-e8edbf945a58,25501492.54,2026-12-10,49.6,term_sheet_signed,0,86.0
1bdf55b4-9bcf-4bec-9a3f-6633ffe864ca,8693985.28,2026-12-15,37.4,term_sheet_signed,0,75.4
7cc6fe58-541c-487e-a86b-d65c922ec4f9,20606942.43,2027-02-07,26.2,term_sheet_signed,0,71.3
0bad1a81-fdc8-4f3e-81ef-2f40e4e95e80,155439561.43,2027-01-30,71.7,term_sheet_signed,1,83.4
4d75bd4a-59a2-4cd2-8e63-aa7a5893332f,32236793.45,2026-10-21,26.5,due_diligence_completed,0,51.5
69696f8a-8d20-4f65-9bee-bbf9869a27ca,112855081.33,2027-02-06,20.9,due_diligence_completed,0,31.2
a080bc30-2e14-4a5f-a902-b7bf573f2bfb,76599386.09,2027-01-01,45.4,due_diligence_completed,1,40.0
7e4dd964-0730-407a-8f4a-57bd8d77c8c6,63154220.81,2027-02-07,71.9,revoked,0,196.7
89e9ae50-2768-47be-9389-90af913a8291,36557800.16,2026-09-03,64.0,due_diligence_completed,1,47.4
3f72f855-ee87-4a55-816a-9417e6c24f8f,85725408.21,2027-01-01,51.7,term_sheet_signed,0,104.7
4522b458-38bf-437f-9108-d9ab1e001652,31420576.26,2027-02-02,66.4,term_sheet_signed,1,65.3
e1c90b7c-394b-44f2-a183-6b46649dbe75,35363121.9,2026-12-02,73.5,due_diligence_completed,1,23.8
ff6dc03b-6256-4026-8d2f-d5e58ff75249,93758199.0,2026-09-09,38.1,board_approved,1,20.4
051ec903-e14b-4a30-a494-301ee3bac824,103525558.42,2026-09-16,43.6,due_diligence_completed,1,52.1
ba873b05-54ca-4b53-9a92-5e881b7a24cc,102695170.03,2027-01-22,73.2,board_approved,1,24.7
6b0d14c3-5d2e-4441-9147-e0aa2b4009b3,53407866.28,2027-01-06,75.3,board_approved,1,17.9
c947be50-6197-469a-868d-cbdbb0f0554f,49367430.37,2027-03-05,42.9,due_diligence_completed,1,46.1
f5699a6e-f23d-4aa8-89c2-4dc8d9854235,31940336.22,2026-10-19,58.2,board_approved,1,16.0
8a02b8b7-1760-44f4-85ea-6d6f77a313ef,17096768.94,2026-08-30,66.3,due_diligence_completed,0,35.5
20a41f29-a198-4214-be97-ace8f6cac8de,51420803.13,2026-10-12,33.6,board_approved,0,23.8
f63eb372-98e9-4364-aff4-70f67e39454f,82598131.39,2027-02-04,55.3,due_diligence_completed,1,45.7
df6c4152-c34d-44a9-8161-7d702d6722bc,24731946.42,2026-08-31,62.0,revoked,0,107.4
f381c00c-78fb-4b0f-a07e-1837e2b0a74a,43530428.8,2026-10-06,26.1,due_diligence_completed,0,40.5
1260a01e-35b9-4a52-b1c4-9abf25567923,79361338.15,2026-09-13,71.8,revoked,0,140.3
416880ff-f384-488c-8270-1a7c28408ca9,62311727.02,2026-11-17,30.7,board_approved,0,17.1
c42a44ad-1246-453c-bc63-28bfc1a5e8a0,68968541.06,2027-01-07,78.9,board_approved,1,17.1
1aa648d4-f511-4c76-8870-7833ad78242c,55108443.6,2027-01-05,66.1,board_approved,1,21.9
b8cf823a-11ba-482c-b8fe-f80357a751b7,17360222.84,2027-01-13,57.4,term_sheet_signed,0,101.1
3038dc70-c86b-48b2-b50c-9be4650d5a18,62701255.48,2026-08-30,62.5,revoked,0,160.8
0cdf702c-61f2-4eac-88b7-bef989d6ee35,22162559.28,2026-10-16,2.1,revoked,0,322.1
6f905358-ea53-4bf8-b37c-2eb274a8c69a,45311097.6,2027-02-08,77.6,term_sheet_signed,1,57.6
2b58e74b-341e-471c-a3f9-82a306a201d9,84993896.54,2027-01-09,47.4,term_sheet_signed,0,102.5
26e054b0-9526-4d85-90d2-7d63778afe1a,85684645.04,2027-01-09,40.9,board_approved,1,22.8
6c904a23-06ac-4d23-bbcc-df9c11980353,20766115.72,2027-02-06,68.5,revoked,0,239.1
265a05b4-8586-4cd5-83a9-baa98093bc7a,17379242.12,2026-09-16,74.2,board_approved,1,26.2
376e538b-d597-4724-bc52-459b917c253d,93000424.08,2026-10-10,58.8,board_approved,1,30.7
e738988a-8526-4ab7-bfe9-ef96a00d29d7,83010300.59,2027-03-11,40.2,revoked,0,201.3
9ccf3386-304d-4af9-909b-a5e697472bd7,57572799.36,2027-01-07,80.7,due_diligence_completed,1,33.0
338c51fe-d165-43f5-80d1-4a4e315243a4,60295574.0,2027-01-19,100.0,term_sheet_signed,1,35.5
c4a07196-a95c-448b-9ddc-05eb52589f6d,28896754.79,2026-12-18,55.7,due_diligence_completed,1,62.8
aad30928-ea3c-4676-9f08-81301dda7216,19288739.41,2026-12-04,56.8,board_approved,1,18.9
fad7c22e-6ddd-476d-8f0d-a25d31ef06cf,73692531.13,2026-11-22,74.2,term_sheet_signed,1,50.9
778681b7-99c3-4ab0-8863-f58eb0ddf96f,29225496.36,2026-10-01,74.7,board_approved,1,20.1
72375b1f-a1ac-4487-baea-c8794c85a9bd,20441763.72,2026-08-28,70.8,due_diligence_completed,1,46.8
a06077a0-078e-4839-855f-fd8f0bac880c,28931577.38,2026-10-29,78.4,term_sheet_signed,0,83.4
a3b733ba-54f4-4c97-9484-ba052f2f9a11,87952092.83,2027-02-27,85.0,term_sheet_signed,0,49.1
2ed8813a-4a54-48b2-9ed4-c46c55c01c0a,18310334.66,2027-03-07,55.8,term_sheet_signed,0,84.1
5bd6ad15-3ef8-4b62-b431-633ffd40c8f2,59749606.39,2027-01-15,39.0,board_approved,1,29.4
131cefd9-92a8-4d66-a30b-59ecd1bb4304,53023541.63,2026-10-02,81.2,term_sheet_signed,1,41.4
83905e17-9aba-4bd9-bd48-847d55ff34c1,34406292.66,2026-11-27,59.2,due_diligence_completed,1,49.3
3c2ae3f1-1f71-4146-ab66-807cd8c8075f,25611754.19,2026-11-27,56.5,revoked,0,209.1
814f8bfe-e82f-4955-9ac4-03e9ce6fd2cf,13992334.38,2027-02-07,56.1,board_approved,1,21.7
5e6deed7-953d-4d0a-872e-c999a0c5e2ed,103053632.43,2026-11-09,48.5,term_sheet_signed,0,89.0
80de9282-521e-4d37-9bfa-cb2b20e7acdd,39078254.95,2026-12-06,81.5,revoked,0,106.9
52e38a71-da2c-40c2-a348-0cfd5f6ecf7a,25861653.11,2027-02-24,46.3,due_diligence_completed,1,44.8
7e6724df-d82c-47d9-b123-2c852b26c512,26447011.48,2026-11-03,35.2,due_diligence_completed,1,46.6
0082c8d2-6d31-46a2-bbea-61af433f57e7,15124796.58,2026-10-04,64.6,due_diligence_completed,1,46.6
5b4f4204-f40a-4af7-977e-fda5786079fb,114356671.23,2026-10-09,35.7,due_diligence_completed,1,56.9
311798d4-f0e4-44a4-90e9-b3c9fc0b083d,110897261.05,2026-09-15,72.0,board_approved,1,14.9
3a894876-399a-40d3-909d-9461d2a13b7d,43931176.94,2027-02-09,47.4,due_diligence_completed,0,33.9
394eb58b-18ad-4c38-82ac-a4e97d7d4957,14340032.02,2026-10-24,67.4,due_diligence_completed,0,32.1
a72b863f-612a-46d8-a0de-bcd95e4d2d92,20293813.39,2027-02-06,53.0,board_approved,0,15.1
497d5d92-4489-4549-ac5a-1911d8ba77d4,36360516.27,2026-09-21,60.0,board_approved,1,14.1
8de43ad7-6b5b-4e74-b4d9-b52edef00af5,20587560.15,2026-12-20,68.2,board_approved,1,21.5
c4308e11-f4ab-4dea-99c2-261dc9e2fdf1,27467618.9,2026-12-30,34.9,term_sheet_signed,0,118.1
5977c56c-6e47-41d0-b986-50ae22f35330,56272516.57,2026-09-12,51.6,due_diligence_completed,0,37.1
1512746e-424f-4121-a8d7-f816595d23dd,37562791.28,2026-12-08,69.0,term_sheet_signed,0,67.7
acd864ed-21f7-4220-88c8-3a11415b09dc,30837470.29,2026-12-12,54.1,board_approved,0,21.5
d495ecd5-3aea-473a-b151-c70a8cf2a9c7,21870369.53,2026-10-18,36.4,board_approved,1,29.6
574bcfec-fdd6-424a-97e1-fff82e29f124,45562896.65,2026-10-24,51.8,term_sheet_signed,1,56.7
3ca8f2e6-3a78-45a2-9720-27a803b2f99c,44542595.28,2027-01-05,86.2,revoked,0,150.1
c16d77e2-be66-415d-b67f-8c4f83d6f10e,35273973.18,2027-03-03,86.2,term_sheet_signed,0,67.1
8c3a0694-54f4-461c-a30f-747a582dc1fb,46953172.9,2026-11-13,63.9,revoked,0,194.9
51eaff01-5fe5-4083-91c5-09b50aecb02d,40685317.18,2026-10-04,62.6,due_diligence_completed,1,55.5
7e85c37c-d655-4f3f-b175-81180d39cabb,59409884.57,2026-11-04,53.2,due_diligence_completed,1,49.2
9a163081-7c8f-4cea-bd44-8511cb8ff1b0,78496349.44,2026-10-10,72.3,term_sheet_signed,1,48.8
875d02cd-0f7b-4a36-a873-f770f46621ad,50835053.95,2026-11-17,74.2,term_sheet_signed,0,60.7
66c649e8-afd0-4cd0-be7f-5fc194f7f8c2,61508459.13,2027-02-25,56.4,board_approved,1,14.4
a43fce0e-4e51-4e70-8790-9a8198028f1b,52764701.4,2026-08-28,47.0,term_sheet_signed,0,106.2
407e380a-9712-498a-b1b8-92af8803aaa3,57308292.65,2027-01-05,63.6,due_diligence_completed,1,40.6
fa8db719-1dd9-4bf0-a0fb-0b242588c36f,30589464.16,2027-01-08,49.7,term_sheet_signed,0,63.9
8dc78bb7-b563-44e8-b21f-61e991e43e94,17223958.88,2027-02-15,66.3,term_sheet_signed,0,43.8
5374698f-04b6-4eea-abfc-fe90589d66d2,40025221.54,2026-10-07,49.9,term_sheet_signed,0,77.4
0d597f86-ab44-40b7-a996-6ab8e804efa1,27665584.12,2026-09-20,43.9,due_diligence_completed,1,52.3
5f16f710-c75f-4692-8b45-7eba55f30bc6,54686754.51,2026-09-12,100.0,due_diligence_completed,1,30.4
a1fcdcfa-a37d-496c-9d92-1fd3e9d0fcb1,28371258.98,2026-12-16,73.5,board_approved,1,16.2
fbad0dde-db83-4afa-89cd-ea85f2d14b64,25015399.45,2027-01-19,64.8,due_diligence_completed,0,28.8
d7e74b82-9319-4ded-abf6-2992d65a1aab,106071054.32,2027-02-19,100.0,term_sheet_signed,1,51.4
7d577bc2-b7b2-4818-ab31-1d4ee6da979a,15679888.7,2027-03-10,58.1,term_sheet_signed,0,91.5
3e1c827a-c425-44ff-b815-fae357ecd32c,28015811.19,2027-01-24,35.5,due_diligence_completed,0,60.5
bbe6dd45-ed05-4908-ac94-e76473e74f3d,24005271.05,2027-01-24,65.7,due_diligence_completed,0,43.2
021115c6-3333-4ba6-8788-1cf87c52759d,18614228.86,2026-09-15,76.8,term_sheet_signed,1,25.4
bba509e8-f072-4908-8af6-5fdace37857e,139024251.41,2026-10-05,96.0,term_sheet_signed,1,43.1
1f9885c2-7543-4210-b433-638fb6aec46d,29249311.36,2026-12-19,77.5,board_approved,1,16.7
d50e7f5e-460c-478f-9727-9061a4ab7bbc,47488233.52,2026-09-15,49.5,revoked,0,223.3
5af40732-8ac3-4380-ba29-4e7aece7dd84,91365411.95,2027-02-08,62.5,term_sheet_signed,1,85.3
de8544c4-3425-46d1-9dad-aa708edc77f5,40491926.75,2027-02-14,50.6,due_diligence_completed,0,22.9
e83dfac9-1b17-49bb-86eb-bab889f4e131,24865398.01,2027-03-06,89.1,term_sheet_signed,0,62.1
8b5b9c42-2351-4cc1-96b5-e2ff0536038f,52121301.76,2026-12-29,91.3,term_sheet_signed,1,51.3
8e5064a8-7e8f-494c-9743-443b837871f7,19866354.77,2026-10-06,55.5,board_approved,1,17.5
8c49eee3-d3e2-494c-99f4-95896b66d900,20050617.98,2026-10-27,70.0,term_sheet_signed,0,58.1
77d6e8fb-8396-49a5-b64a-e8ad2acda3c9,58185445.26,2026-10-07,52.1,term_sheet_signed,1,87.8
4b65428c-f910-49e8-b8a6-f8672645b94a,72949364.65,2027-02-02,26.7,due_diligence_completed,0,61.4
4ae80d95-66f6-4f73-b632-337193396ea0,23002713.77,2027-03-01,44.5,board_approved,0,19.1
e8b7c438-61c7-4808-9e65-7f514e4be3e1,73591925.25,2026-09-08,56.4,term_sheet_signed,1,77.3
af315b8e-7a4f-4dab-8ab6-c03b55d55e64,81467247.72,2026-10-05,64.6,revoked,0,206.6
0638ad85-fad8-41ab-bd7d-f65e164c0a63,112004146.87,2027-03-07,62.5,term_sheet_signed,0,70.8
88a7673e-d55f-471c-aa98-c6e6530dec4b,35898894.97,2026-10-16,46.0,due_diligence_completed,1,55.9
302eda52-64c7-4095-88aa-ab705569b402,71570221.06,2026-12-14,37.8,term_sheet_signed,0,60.6
20bb466d-eb3f-4325-84b4-72746bc151b4,46653018.55,2026-10-20,89.3,term_sheet_signed,1,68.3
a6a9d0eb-8530-4fe6-89df-15233d423adc,17955140.91,2026-10-19,74.6,revoked,0,216.0
6e5f5d60-3cd7-4845-83a1-e7487a698ffa,53913316.15,2026-12-21,39.4,due_diligence_completed,1,51.8
709988b2-4e14-43f4-b7dc-097fef569d19,20385515.95,2026-11-13,48.7,revoked,0,174.7
8dd71674-22a8-445a-9164-0afcf37e5737,34232647.96,2026-12-30,33.1,board_approved,1,25.4
f69d503b-ae20-41f5-bdcf-732f1cd376c5,40203242.67,2027-03-07,36.6,revoked,0,237.9
bd0bcef5-a256-4ba2-a7b6-7e6424e9625b,98091696.99,2026-12-06,66.0,board_approved,1,10.7
4781c029-1695-4f6c-8727-3a7ac721e5e4,18394559.73,2026-09-17,100.0,board_approved,1,13.2
36741ca3-e4fa-4b6f-9e56-4044b3c70e71,78922995.27,2026-11-23,63.9,term_sheet_signed,0,90.7
1a08b100-a29e-4b62-896f-2f32bd4414f1,26655077.35,2026-11-02,53.0,term_sheet_signed,0,78.7
2896e728-d60b-48d2-8cca-3ed9e13c17f3,60131741.96,2026-12-02,69.2,due_diligence_completed,1,37.4
42b0f817-a9c7-4902-a758-dcce2ef16e1e,97247395.78,2026-10-05,100.0,term_sheet_signed,1,53.0
2e2c7399-ef66-45e7-9f9d-a835e7af65ed,16703009.78,2026-12-13,44.9,term_sheet_signed,0,78.2
20226a8c-ded2-4512-bce5-c2e34c74226f,38942858.87,2027-03-13,30.6,board_approved,1,15.8
b029440d-f57e-444c-a0cc-9d11a68d5ef0,27508833.14,2026-09-23,53.6,term_sheet_signed,0,38.5
a128865b-fa2e-4bdd-9e1b-bd466f5e9a66,42189262.93,2027-03-01,60.1,board_approved,1,16.3
1ca6b518-c389-4750-816b-24caf9841ebe,30555434.57,2026-10-22,59.9,due_diligence_completed,1,38.9
574f25c5-91ab-4611-b176-85368f9d5df5,35432635.63,2026-10-16,100.0,due_diligence_completed,1,36.6
37a8870f-55b4-4b13-a193-cd4ae25d7192,44736687.69,2026-10-23,65.8,term_sheet_signed,1,58.1
e424edfd-271f-4dd1-af51-736c16fba599,82343423.03,2026-12-27,100.0,term_sheet_signed,1,63.7
93b8936c-b753-4360-9b84-6aa863b86747,70330063.17,2026-09-02,54.8,board_approved,1,15.7
08f0e4f7-796d-4c1f-9373-497bb0649cf1,42192656.61,2026-08-29,100.0,board_approved,1,14.7
9ad9d1d4-4d9d-4293-9d69-cedcd55afcd2,70106991.63,2026-09-18,53.9,term_sheet_signed,0,54.3
f3bdd6e3-37cb-47c4-af70-10830080dada,36846486.18,2026-09-04,78.3,term_sheet_signed,1,78.0
9f026de4-482b-41d4-a5c2-f215daaae379,45236729.61,2026-11-28,51.0,revoked,0,154.3
65f335db-2b81-4fc3-881b-933697197527,22295030.07,2026-11-07,60.6,board_approved,1,13.7
f922254f-d138-4275-ad18-2d9ff08f572c,21705009.89,2027-01-26,20.6,board_approved,1,26.0
ae63ed61-bd33-4e52-a15b-c29bfccd1d94,106506269.45,2026-08-29,60.6,revoked,0,102.7
ee21ccdf-5770-45cb-9333-0b2e88bc4dd3,19464802.23,2027-02-27,40.2,board_approved,0,27.7
931d93df-ac6c-4e49-90aa-e7a858ffa8b1,60795139.33,2026-12-08,45.7,term_sheet_signed,0,62.5
f4ecfdb9-2dbe-4181-96f7-e06b02d8a4b7,35261533.38,2026-12-13,61.6,due_diligence_completed,1,40.0
eced2af2-022f-4ed3-b5d7-769317b8716f,43557768.03,2027-02-21,70.8,term_sheet_signed,0,72.2
5f8fa6c1-0aa4-48bb-a235-88de77bdf4a7,38430361.21,2026-11-21,48.9,board_approved,1,14.6
46f83c9c-89bd-419c-b66d-c1d12a0fbae0,32371249.74,2027-01-22,33.2,due_diligence_completed,1,76.6
62ebf4df-b31c-49fa-b68b-28686b3bcf0b,31881955.71,2026-12-11,50.0,board_approved,1,18.4
427a9f0d-8072-4f9c-ab5d-244a1e7a392a,41214302.48,2027-02-10,0.0,due_diligence_completed,0,73.7
2bdf0079-6bcf-4055-b68b-e93f0dd4ad58,64989576.21,2026-09-15,56.2,revoked,0,229.4
f6e86449-9741-4c31-9315-498603748b04,35628156.39,2026-09-10,36.3,term_sheet_signed,1,84.8
3d4890cb-ed69-43c0-be6d-e8bc99d5f64a,74679087.87,2026-10-18,45.0,board_approved,1,21.8
caa9ab21-e426-47c3-8842-0a3a9ea7e69f,46290363.79,2027-02-04,73.2,term_sheet_signed,0,78.8
14f81b5e-ef10-4e46-b380-76c772e38f0c,13241425.31,2027-01-26,48.3,due_diligence_completed,1,41.7
1ed7c37b-9332-40bf-a1e1-b59b470a6628,30285043.72,2027-02-22,71.1,term_sheet_signed,1,63.9
c08f9b7b-46a6-4636-a6d8-c745d1c7ec79,18974297.37,2027-02-14,60.6,revoked,0,193.8
6bf3648a-482e-451a-91cd-c767053f5e5f,58312182.66,2026-11-05,28.8,board_approved,1,20.5
b0a06f8b-6691-4e6f-a7f4-92dee23982fa,57164957.16,2026-12-28,63.8,due_diligence_completed,1,14.4
0ab60239-cd7c-4bce-82aa-20fd79753450,31131354.28,2026-10-12,70.4,board_approved,1,20.9
149727f2-b18d-4d10-a439-71fa6c498ea8,98419710.34,2026-12-17,34.0,term_sheet_signed,0,79.7
454b67cd-6700-49f7-ba34-95faedceea9c,32739690.67,2026-12-20,3.0,term_sheet_signed,0,101.5
ca8b0802-388f-4a43-82f9-92a1c38ada17,92064712.38,2026-12-30,73.9,term_sheet_signed,0,100.9
bd9d45a4-63ba-4594-afb1-180a0cf9873a,28424354.12,2027-01-19,33.8,due_diligence_completed,1,56.7
573a7ddf-03b6-401d-a12d-219846a5b7ef,36156808.59,2026-10-07,54.0,term_sheet_signed,0,88.0
bc58a13f-c285-4a8a-ac57-3d244afad31e,32650962.46,2027-01-08,83.3,revoked,0,105.4
7bfba89f-7c64-4236-a317-52e80669a107,40045506.01,2027-03-05,35.7,term_sheet_signed,0,69.2
b4169185-0a2a-4217-a32e-0aeb8d4c5908,56158964.21,2026-09-28,55.7,due_diligence_completed,1,37.7
deabce0a-1c78-4a6e-bd0b-59a347e68bbd,80718395.12,2026-12-19,48.6,board_approved,1,16.4
03759241-4b1c-4f21-abdd-729543da35a7,93359981.49,2026-11-19,48.3,due_diligence_completed,0,46.1
ed37e4d2-41db-440c-9f39-5766b02b96e7,50242188.18,2027-02-15,100.0,due_diligence_completed,1,39.0
4851d572-4390-40bd-a568-f9f9a8c30a6a,26764617.4,2026-10-04,86.2,board_approved,1,11.0
7de8eae5-4daa-4dd1-b1ea-106ccddb5305,47138731.85,2026-11-29,59.5,revoked,0,176.7
be3672c5-96e5-4498-8472-491e0dc42cf2,97349915.53,2027-02-08,75.8,board_approved,1,19.2
776c4d9c-df94-4a07-8ee1-d85915caf980,15935223.95,2026-11-22,60.2,term_sheet_signed,0,56.7
7d3d47ec-bed1-4b6c-99f4-6505a0abdc8c,49655610.22,2026-10-11,88.2,due_diligence_completed,1,15.7
6d22de4d-9b98-43a0-9295-a8db867e92ec,129902402.87,2026-09-24,60.0,term_sheet_signed,0,85.8
762cc174-9fe4-497c-a602-54073fda2182,82541380.66,2026-09-06,61.1,term_sheet_signed,0,57.9
173c830a-e327-4e67-a533-bbdd503158b0,76647155.65,2026-12-08,60.9,board_approved,1,25.3
cc5ef1c6-8c8e-4513-b8e8-5dc8c970447e,43097587.84,2027-01-14,68.7,term_sheet_signed,0,66.6
3ad04c11-8802-4ce4-879b-15ed0ebf1cdf,35256684.48,2027-01-27,79.2,due_diligence_completed,0,21.5
795314a2-02b9-44c2-a0bf-e4ecaaed6638,19957137.63,2026-11-22,72.4,board_approved,1,17.9
81d89e9a-efad-464e-a548-8afa5079b571,43792893.89,2026-10-19,68.8,board_approved,1,16.3
9f7c9eca-291e-4a24-81d3-deb159933557,109548131.74,2026-12-23,92.8,revoked,0,135.6
bc1d3504-a41b-48d2-a761-ae4db6dfb2b0,73127403.03,2026-12-17,90.4,board_approved,1,15.8
6cf263b9-22c7-4635-9676-3fe896d5c1fc,79783463.61,2026-10-30,84.2,board_approved,1,14.5
14132082-77cc-4cdd-ae25-a24ae5d26c01,35520392.22,2026-10-18,76.3,due_diligence_completed,1,48.6
155a33a6-5b62-48d0-9762-7b3f77794323,34003499.19,2027-02-27,45.0,board_approved,1,23.1
c4bc8252-8e5c-44b1-8681-e6dc8915e1c8,51302865.14,2027-03-05,97.7,term_sheet_signed,1,77.1
4ff75396-b48e-4700-8baa-b3563b16cec0,18774435.01,2027-02-15,58.2,due_diligence_completed,1,26.9
87b01534-0bdb-4519-a951-a6793e1e0297,33725285.17,2027-02-27,68.4,term_sheet_signed,0,79.4
9fa91480-ac92-410d-874d-2322acad0431,60593966.53,2026-12-15,64.1,term_sheet_signed,1,80.4
0ef6743f-54d6-46d1-86ff-b2fb2f1e7302,19815308.18,2027-02-27,57.6,term_sheet_signed,0,50.9
17c51291-7b24-4cca-a986-2a4c6613454e,31070774.6,2026-08-27,62.7,term_sheet_signed,0,78.4
d4b8b7c6-0f55-4db8-a9cb-70b2e9d39f3c,28201029.37,2026-09-21,39.3,term_sheet_signed,0,105.7
3ad73fc6-66ae-4aa6-be1f-bd6fa13c61ac,9282254.83,2027-01-17,56.9,revoked,0,262.1
bcaa8af6-c735-4fb3-978e-62e111f5f7b6,19507281.06,2027-03-02,69.3,board_approved,1,26.2
6702aec8-18e1-4ff6-9a85-064e6aca5c0d,70106840.6,2027-02-11,37.0,due_diligence_completed,0,34.2
45b16cca-4e11-403f-a0f4-3542a65b16a4,31671231.44,2026-11-19,69.2,term_sheet_signed,0,100.3
e34c935a-685b-44f7-975e-b8cdb1baad61,68079052.64,2026-11-09,87.9,term_sheet_signed,1,50.5
a041baa4-1b06-4586-80c8-9dd5d9e447fd,12914359.82,2027-01-02,89.3,due_diligence_completed,1,33.4
fc126896-f21b-4582-8527-6522e69aa53f,17720663.13,2026-09-05,65.2,term_sheet_signed,0,54.5
73068d3e-8eab-4253-b4f6-d766d88eaf16,21653117.62,2026-09-06,58.6,board_approved,1,21.3
17e6bfa8-9066-4b11-85cb-421bc3a75d0b,28651776.97,2026-12-05,56.8,due_diligence_completed,0,36.9
9750cee7-8093-4a35-8c6e-46642e163acb,18950948.01,2027-02-26,74.4,due_diligence_completed,1,44.0
16ca8b42-eacc-4941-ade2-33903bd4fc23,86875534.27,2027-02-16,77.8,term_sheet_signed,1,49.0
a3c4ae58-74e5-4b7f-a35b-3b395f8684a8,16921442.33,2026-12-06,29.5,due_diligence_completed,1,71.1
baf64733-3c12-4d60-9729-fc61f4da1b3f,12025240.38,2027-03-14,80.0,term_sheet_signed,0,32.7
3e009e6a-da43-4ec9-b281-8d316cee8f8c,18500506.95,2026-08-21,29.1,revoked,0,284.9
14c821fa-4fb5-4a10-9574-02bf166a78d3,54990604.43,2026-09-28,71.4,term_sheet_signed,0,47.5
8ca62494-e355-4bba-afc0-da3846bed722,68095020.08,2027-02-01,72.3,board_approved,1,12.3
4f0795ef-801f-48e1-91d3-19a643faa587,29810091.45,2026-10-09,60.0,due_diligence_completed,1,35.0
f02aef69-b2b9-47ee-bf4b-721a8ae1af5f,21941896.28,2026-11-28,31.6,revoked,0,311.6
adb97e15-5567-4c30-a588-2a9111c10ef7,89594836.98,2027-01-07,27.2,term_sheet_signed,1,60.2
0c65da30-eda2-4555-8450-cd4030f34e4b,78096409.89,2027-01-21,58.6,due_diligence_completed,1,33.4
274658df-6297-45f6-ab18-0661c61afb2e,31933610.43,2027-01-07,15.4,due_diligence_completed,0,70.0
739a4424-dd7f-4bc7-a965-190d753aa946,17710530.62,2026-09-04,79.1,board_approved,1,18.6
ba4d4c85-7a1f-4488-a1b2-10a15eb09ca5,74238509.84,2027-01-20,18.7,due_diligence_completed,1,36.3
537419ad-f6fa-4314-b730-36b3d122f09d,37893468.65,2026-09-06,67.3,term_sheet_signed,0,98.9
73adef68-8a90-4d9f-bfa2-eab6c2f2a68f,33362504.46,2026-11-01,53.3,due_diligence_completed,1,31.7
10919557-502e-4e84-9d04-f10c04f7811e,38174544.22,2027-01-05,33.4,due_diligence_completed,0,35.7
87141bdd-4d84-4699-9a79-f3d10b75504a,45102304.07,2026-12-08,61.2,due_diligence_completed,1,35.7
d86bb829-0a8d-4230-83de-39493489db2c,10936125.22,2026-09-15,63.9,due_diligence_completed,1,45.0
9dc0762e-24a0-41df-b780-df2505da7580,10373434.99,2027-01-15,46.9,term_sheet_signed,1,55.4
45ae2dc6-ce46-4995-a0d3-05f4e33242b8,30431418.13,2027-03-01,5.7,due_diligence_completed,0,57.1
ce3ea30a-1b25-41b6-8996-4f33882fd32b,15230435.08,2027-02-08,27.2,due_diligence_completed,0,52.5
f6216820-6f86-44bf-843e-c58bf6e5f3f0,42307250.56,2026-12-04,37.6,term_sheet_signed,0,104.5
f6f46079-76ce-450e-b2f4-dc3d30e7a020,27208287.4,2026-10-03,69.7,revoked,0,102.1
baff5c5e-5b9d-41a2-9c23-beddf3d7a5bc,31880307.93,2026-10-06,39.4,term_sheet_signed,0,109.3
24ad6d5c-a7e3-4199-a07c-ea091e27bcbe,41573463.17,2026-09-24,51.9,board_approved,1,16.9
fd147eb3-0ed3-42b5-8f86-9412efe6dff0,143086969.82,2027-01-17,63.7,due_diligence_completed,1,53.2
e3c813f2-907e-486f-837c-f90dbdf1bb68,25808415.84,2027-01-09,70.5,board_approved,1,20.6
02eed55f-20d8-464a-a79a-8f1999f5ced2,168828747.87,2026-12-27,60.7,term_sheet_signed,0,90.8
2fbdf263-9ec7-49d3-8c46-4b4c7e439950,16815614.07,2027-01-06,95.3,due_diligence_completed,1,24.7
1072a275-09f2-4ae7-b248-474dba253245,83464512.49,2026-10-13,71.2,board_approved,1,15.2
25aea6d6-6f71-44e2-aeb3-72ba8ddbdb7c,66480500.48,2026-11-03,56.3,revoked,0,212.6
d2b528c4-9373-4b79-b3bb-16d8247bc2b8,32764220.9,2027-03-03,34.1,board_approved,1,24.5
61a9a784-df44-4c08-8cc5-f32605ac9f0b,131034736.26,2027-01-20,50.7,board_approved,1,19.3
a2756fbb-755d-4320-9b81-99adddfe3f1f,85715644.19,2027-02-28,77.8,revoked,0,210.4
3b69a882-e582-46de-b744-c689aa41def4,68533791.63,2026-09-02,78.4,term_sheet_signed,0,36.3
486bdde4-fa07-423a-973a-db21bb307d1e,8114647.44,2026-09-04,76.5,due_diligence_completed,1,47.9
9448068a-d307-45c4-a762-43502f790f43,20905390.28,2026-09-02,51.4,due_diligence_completed,1,39.1
85857a17-6fb6-46d9-a36a-63d15b9f3251,33848225.35,2026-10-10,45.2,board_approved,1,30.2
fd65d3da-5127-46cf-966a-ec1f65f043f6,28172875.75,2026-12-25,66.9,revoked,0,103.2
42fea6dd-2551-4cd9-ac83-be659abab79b,44465230.33,2027-02-17,35.9,term_sheet_signed,0,45.0
5272ca78-0046-4667-b46e-65e491b8ff42,33985133.72,2027-03-07,32.7,revoked,0,196.1
523c3a8a-1daf-4cb7-b0c5-d024beba2faf,52416949.37,2027-02-11,89.1,term_sheet_signed,0,59.7
97e6c943-9625-46d4-a316-4baf0aa96da9,54254912.13,2026-10-14,68.4,term_sheet_signed,0,69.6
b51e8e47-9427-46be-9fa2-739ef0a25ae3,65581764.21,2027-03-06,70.9,term_sheet_signed,0,60.6
43398148-0568-4fbe-b885-a5025015c5b3,18032510.11,2026-10-11,42.5,term_sheet_signed,0,86.5
3237b94c-ed64-4942-854e-8aad30320138,50559058.47,2026-12-23,43.6,due_diligence_completed,0,39.2
f09fd9ec-65b5-4fcd-9dce-4042ab6c5bd9,50909191.72,2026-12-19,39.4,due_diligence_completed,1,47.5
36ff1b9c-64ea-45e1-a7ae-2ea3dba4e8a3,42097354.02,2026-10-20,79.1,board_approved,1,14.6
10a141b4-a3ce-43f7-902a-20ebe92a8b74,35789318.54,2027-01-17,39.6,board_approved,0,20.7
c86e8f34-fdfb-4f76-8aa8-0e405a9e67ce,54431063.53,2026-12-12,23.0,term_sheet_signed,0,48.1
d5f7d637-da33-4caf-a28f-169c3df190a8,56942163.09,2026-12-26,81.7,due_diligence_completed,1,27.9
2736bf3b-ece7-4b84-bcd4-ea0a9af9d3e9,42181171.51,2027-03-03,65.0,due_diligence_completed,1,29.9
ab8dec97-835c-44f4-a2a0-ff7a5a9113be,44924473.69,2027-03-03,69.4,board_approved,1,25.1
f0aafc62-ffee-4b13-b7f2-efb3d361695c,25637977.81,2027-03-12,85.6,board_approved,1,20.6
292adf75-7e9e-48e8-a676-df2613615b7c,52768318.07,2027-02-24,93.2,term_sheet_signed,1,50.4
1f376867-5b86-4417-8e32-517c24904877,21108276.21,2026-12-12,78.5,due_diligence_completed,1,39.2
70a541ef-ac46-4698-b3c5-54260ef3c095,45818488.47,2027-02-18,100.0,board_approved,1,18.2
7e0cd508-8610-4a9a-97fc-203a792439b4,14641354.21,2026-08-24,80.1,due_diligence_completed,1,46.5
6a0f9e6b-8f72-4f62-93db-ab6e971c1bc3,23349987.77,2027-01-08,44.5,board_approved,1,17.4
e8f9a0d4-a36f-49b4-8a44-bdd8c82573c4,28732478.36,2026-12-24,77.5,due_diligence_completed,1,25.3
c089928d-7121-4ea6-8dd0-d2cec342feb5,33321178.69,2026-09-29,22.7,term_sheet_signed,0,123.1
68695a41-0690-4381-9a6d-f4a012494def,46457812.84,2027-01-26,38.8,term_sheet_signed,0,73.8
cdad7531-601a-4f30-a64c-142cb3dc17c8,33544300.38,2026-12-15,50.7,revoked,0,256.3
40eb8cd0-84cb-4aad-9277-7588a50d194b,38743297.98,2026-08-28,51.1,due_diligence_completed,1,54.3
925fee19-8387-4a56-a352-83bf8df830f1,139851540.41,2027-02-18,31.8,board_approved,1,29.3
d859ac34-182f-4a59-b4ee-cd811d158916,31151714.51,2026-11-29,49.9,board_approved,1,21.1
e00c05e9-0d88-4898-940f-0c4591901fb9,25080377.02,2026-11-14,55.3,term_sheet_signed,0,57.8
4821df50-7f78-4bfa-b337-5e8bd2463b41,51623365.27,2026-09-06,51.6,board_approved,1,29.6
48498d88-a759-44f1-92a0-a13b755bfcfc,39978491.03,2027-02-20,69.4,term_sheet_signed,0,78.1
bd7cfa23-8152-4f5c-a53c-1151501d5b2f,25483926.35,2026-10-23,63.5,due_diligence_completed,1,21.9
2be2afaa-95ba-40f6-83d6-f6c85a0c5c90,29732841.8,2027-03-09,59.5,revoked,0,181.1
725cd6e5-9992-4d89-b527-45b663378417,82798664.87,2027-01-12,100.0,revoked,0,162.0
1c9f1f1e-fc09-4c8a-8dc7-ca229c076445,18690397.02,2026-10-14,41.5,term_sheet_signed,1,94.7
4422abab-2a13-4c11-8161-99b5d393660a,56153020.18,2026-11-20,45.6,due_diligence_completed,0,62.5
e012c462-665b-43ef-9aca-7ded2851566f,15826630.18,2026-08-30,100.0,board_approved,0,13.8
783d4597-5b36-4445-9551-ad8492259a9e,38101487.17,2026-09-29,59.2,board_approved,1,14.9
bc0d2bd3-3974-4fe2-a881-2b36c8e6dc97,77222306.88,2026-10-31,53.7,revoked,0,148.4
c7340386-87b7-4fdd-ac33-28452af01553,18596375.56,2026-08-25,56.6,term_sheet_signed,1,81.5
7326587b-59a0-4a33-add3-9eabe26d2cf2,43830033.23,2027-02-05,88.2,term_sheet_signed,0,42.8
3ce94533-fff8-4e4e-82ff-72dd93d0767c,26385944.32,2026-12-17,59.9,due_diligence_completed,1,24.5
26e792a8-ca63-4e67-8607-ee88533db4fb,49117029.25,2027-01-27,37.6,term_sheet_signed,1,101.7
5037483b-aeaa-4028-b717-c89ef7b10a94,37194730.97,2026-10-15,71.5,term_sheet_signed,1,71.6
6677da02-0b12-4a8e-85c8-8a13e4893d14,40841098.65,2027-01-25,47.4,term_sheet_signed,1,73.2
af3c3023-9121-48e5-b3f9-a88686015976,41651971.05,2026-11-05,33.9,term_sheet_signed,1,61.3
99531961-f3a8-44d2-84c0-1c9fcbe11817,44516394.93,2027-01-24,74.7,term_sheet_signed,0,54.8
e6a2c98b-c8f1-4d1c-9404-dd3aa8f69122,64258141.75,2027-02-28,12.1,revoked,0,158.6
d755e8a2-4fc6-4d7a-95b9-74d469a266b6,108955665.18,2027-02-17,100.0,term_sheet_signed,1,57.2
ea1f1e1f-00a6-4653-9eed-5ec7aac73979,28644359.02,2026-09-11,63.1,due_diligence_completed,0,43.1
7631c3a6-6d4c-44e6-af55-25274d994a40,12464898.59,2026-10-10,77.4,term_sheet_signed,0,48.9
92d50850-aae2-4354-a171-2928dc228961,20370845.26,2027-03-07,66.1,term_sheet_signed,0,64.2
5829469b-50cd-47c4-8b30-dfaca867d670,36297842.61,2026-11-06,50.6,board_approved,1,20.0
e2efc1d3-13e7-4bf7-8bd8-beeb4b6720d4,103378269.7,2026-12-22,47.8,board_approved,1,18.3
4a36ee0d-3d04-4071-aaff-07dcba36104d,30643681.1,2027-02-19,39.5,due_diligence_completed,1,32.9
730dd315-df42-47ee-91a1-a477c9b09d43,32175633.47,2027-03-10,49.9,term_sheet_signed,0,130.6
64d6a7bb-57cd-4287-82c1-8db380dfc3dd,15249249.05,2027-01-11,18.6,term_sheet_signed,1,118.9
d987c1a1-5178-400d-ad60-68634861462f,62143326.94,2026-12-17,85.6,board_approved,1,14.7
02972bf1-36c5-459f-a2ff-00bc4053f375,50545108.81,2026-10-24,77.5,term_sheet_signed,0,59.9
3d675b66-af00-4bf8-a343-6eb88a1b9b29,67093334.23,2027-02-12,65.0,due_diligence_completed,0,43.7
7a2d75d0-d659-43da-8088-67e2987541e2,61293560.18,2027-03-13,77.9,due_diligence_completed,1,31.0
efe544ff-2150-49b1-ad6d-9b209648081b,33100086.49,2026-12-28,58.7,revoked,0,116.7
90c12faa-aa0d-4ce9-9c15-35ff82078a11,43086371.29,2027-01-02,42.7,revoked,0,158.5
c1cae8eb-dd89-422c-93e7-13727b460132,23954573.54,2026-11-28,59.6,due_diligence_completed,0,36.7
0300560e-3f85-4d25-b305-d1e5f25e3839,13468997.2,2027-02-22,33.4,board_approved,0,13.4
fa0ba6a4-b4cf-4ea1-b208-c788a8c0ebd1,21367635.76,2026-10-31,29.4,term_sheet_signed,0,71.9
6c6e0990-b3ba-460f-9bb1-fae7943b30c8,21834890.24,2026-11-21,100.0,revoked,0,132.7
c2df386b-dbe5-4f45-957a-fb25d6a3afab,60987866.42,2026-12-04,81.2,due_diligence_completed,1,29.0
84f0ad42-ee30-4573-8c24-585e73712d78,62418714.42,2026-12-11,55.5,term_sheet_signed,0,109.1
ad383024-71b7-48f5-9fcb-50431cb2335c,19855792.5,2026-11-13,59.8,due_diligence_completed,1,33.1
8e5ceb7d-5168-4ca2-a353-c853f394bd2c,22133901.21,2026-12-11,51.7,board_approved,1,15.9
c51b5190-cb6a-49af-97d4-e414c7387358,72254367.09,2026-12-08,52.1,revoked,0,192.5
1e886bfe-ee4e-43d5-a30c-0af40d6514aa,18493946.79,2026-11-06,37.1,board_approved,0,24.4
4f6a0bf8-3d6e-4a08-832d-334cc8fc8da0,24271803.73,2027-02-23,48.7,board_approved,0,22.5
7c66d1b6-9dab-4ff4-ac9c-5c27d486c602,84327273.08,2026-12-19,100.0,due_diligence_completed,1,36.8
a74e885f-e0a2-4ccd-b62d-aca5dc4b906b,32303960.06,2027-02-20,72.0,due_diligence_completed,0,43.0
3fddb664-b80f-4a50-b6ff-38a63ece2b0d,113142637.16,2026-12-31,62.5,term_sheet_signed,0,101.2
785c63a8-8ab3-4ee0-bd65-52fe0ef58895,25359758.41,2026-12-02,31.9,term_sheet_signed,0,96.7
fefebe80-968c-4628-bf9a-79cee6d74b31,78650946.21,2026-12-07,63.4,due_diligence_completed,1,38.6
b5d7eaab-f05f-4084-af50-dba488ca8308,186588119.33,2026-10-04,52.2,term_sheet_signed,0,69.1
bc05a010-bb6b-4f43-84c5-4b6f73c5a3c0,43056787.9,2027-01-12,59.1,term_sheet_signed,0,80.3
40e05729-bae4-438d-83f0-83aae60db3a0,49729917.62,2027-01-18,40.8,due_diligence_completed,0,56.1
642943f7-1d56-4dae-bdfb-23c029bc50c6,42529115.73,2026-12-30,23.4,term_sheet_signed,1,102.0
563899c1-32e2-4d91-b49e-d472cb38c17e,75737782.83,2026-10-13,97.0,term_sheet_signed,1,26.6
f27e7940-31d0-4000-afa2-a5c55246cdbe,119096286.26,2026-12-08,35.6,due_diligence_completed,1,60.3
5dbe0197-9fe3-47ee-9bd7-ce1acbb9bf93,39052747.35,2026-09-03,56.4,revoked,0,207.3
c847bed8-9ed8-49b0-97e2-6cbef9a4e1ab,33408158.7,2026-12-07,92.5,term_sheet_signed,1,16.4
b34cc0b7-e3ba-42b6-8a3f-4f0359d4b02d,42285525.3,2026-09-17,62.0,board_approved,1,15.9
9a39157e-a787-4fee-9cc4-83d73710e228,58437634.34,2026-12-30,69.3,board_approved,1,21.9
7ac31f44-654b-4e11-8e91-3dfe9132ed34,44859652.69,2027-02-05,49.9,term_sheet_signed,1,79.4
a17c65c9-02ba-43fe-8795-5f09061ef6b5,11861224.07,2026-11-25,39.4,due_diligence_completed,1,67.1
d27aa9c7-cdea-446f-8de7-209f9905e181,163347164.66,2027-02-20,72.9,board_approved,1,14.0
6575cd1f-03c9-40aa-980e-b3eaa9b93868,27241802.63,2026-11-09,60.0,due_diligence_completed,0,52.7
19f1ffe4-efdb-41a6-bcb3-47b9d84d744b,24375724.3,2026-11-04,27.1,due_diligence_completed,0,58.9
e79ae229-9b9e-4c4d-924b-4c38214d3b79,30116869.53,2027-03-15,100.0,term_sheet_signed,0,60.2
d85e7ee8-d918-4f5d-bf75-c3d58323a537,31045894.48,2026-12-01,57.2,term_sheet_signed,1,74.0
e0e57284-e96b-483e-a945-217527f10f2e,39956193.3,2026-12-01,85.4,due_diligence_completed,1,33.1
891c8600-06d4-46b8-9fba-01aa96456d9f,58311132.26,2026-10-10,35.8,term_sheet_signed,1,100.2
756083e5-445c-439d-87a1-9de1d0649f7b,29939597.73,2026-09-29,55.2,due_diligence_completed,1,50.9
96736fa3-e650-4f16-88d6-38c71da415ff,31932911.18,2026-11-18,90.8,term_sheet_signed,0,41.8
7fc2f27b-0544-4282-ad64-a7d5ec3948a0,16145558.54,2026-11-20,75.1,board_approved,1,17.4
d748a9e4-a9a5-4d50-8bfc-e6ff172a9391,41186840.9,2026-09-06,58.8,term_sheet_signed,1,59.3
26a8728e-1490-45a1-b543-234de25f621e,39131069.06,2027-03-12,69.5,term_sheet_signed,1,64.9
9a14a4fa-f892-42e2-b8a9-375064257fd6,30002408.87,2026-11-13,51.1,board_approved,1,19.7
87c66b97-dc48-4a0e-be83-db579d3237aa,42496427.05,2026-11-16,76.7,term_sheet_signed,0,74.5
3cae2115-2335-440d-ad47-a52267fe3dd8,102153477.09,2026-09-07,79.7,board_approved,1,11.0
ba8c7bde-8ac2-4f59-b256-54affd20b5b1,102154531.15,2026-09-25,75.6,due_diligence_completed,1,56.6
71fdd1a1-4cff-46a6-ad9e-81faf294909b,17348387.62,2027-01-25,64.6,term_sheet_signed,0,59.0
e6ea7e13-0548-49e7-9ba9-81f7281c0087,52853799.15,2026-12-24,61.1,due_diligence_completed,1,51.8
a78cb1b6-ece1-4fec-a27c-d85cd29bcb69,81939675.31,2027-02-17,63.8,due_diligence_completed,1,48.8
e3ee26d6-7cb2-48f2-b55d-31c303fb686d,39893244.05,2026-09-26,63.4,due_diligence_completed,1,41.4
32ea9252-f585-4d07-ab1f-e1a410bbe93a,20433949.29,2026-10-10,49.7,term_sheet_signed,0,75.4
fb94e7dc-f285-4ad9-84f2-9260c45f3080,53921174.56,2026-08-20,48.7,board_approved,1,14.5
84b03fae-7211-4c85-a5d3-bb2644b41494,17451218.93,2026-10-18,79.1,due_diligence_completed,1,52.2
c6205cd0-7e14-4055-ba0f-0ca7793e877f,60933015.32,2027-01-23,74.8,term_sheet_signed,0,26.6
31fc9134-8f81-40e0-9934-4d36b9a67720,32528519.82,2027-02-18,77.0,board_approved,1,16.6
a6f68724-ae98-4963-a1b7-5f08e2563515,29107121.43,2027-02-19,54.5,term_sheet_signed,0,77.9
b4cd61c9-d123-46aa-9f02-5cd0515fce73,58934402.11,2026-11-03,79.1,board_approved,1,11.9
d7eea5a2-ff78-4d04-971a-7b141070caca,226732250.97,2026-12-07,59.9,board_approved,1,16.2
3d6ba8ce-bbc3-42f5-81f6-ae9c755cacc7,17521987.09,2026-12-20,74.6,board_approved,1,16.3
e4196432-1cb0-433b-9e42-494dea71ff1a,79139611.4,2026-12-06,60.5,board_approved,1,10.7
48833977-4b0f-4b99-b573-1d1fbc0bb130,33242437.08,2026-09-09,19.1,due_diligence_completed,1,61.1
013dbb75-52bb-4de1-8623-82baefab0d65,169133802.98,2026-09-21,72.4,due_diligence_completed,0,42.8
94a98522-e795-4c0c-9ba4-a1a9a175d2f4,38380308.03,2026-11-16,79.1,term_sheet_signed,1,53.7
1289fcf9-ab7c-4291-97e1-e4db1ade351b,39056636.11,2027-03-13,71.9,due_diligence_completed,1,41.7
86df021d-aba2-4248-b07a-ae80206380f1,26141820.17,2026-09-01,55.9,term_sheet_signed,0,41.9
7dbb41a5-1a53-41fa-a9da-9d4e43deb442,34949396.78,2026-10-24,35.3,board_approved,1,26.3
c4f413fa-e030-4612-a399-805e0b8a3deb,52474968.31,2027-01-27,58.2,term_sheet_signed,1,95.3
77f89343-b1b7-4a6e-a0f2-b3d69ec73cda,64759800.75,2026-10-25,19.0,board_approved,1,13.3
a49a9dd9-a1b6-44f7-8c74-cc1cbd155612,18662905.14,2026-09-01,84.6,term_sheet_signed,1,47.0
5ccf287a-1ff2-456f-a7f8-ebb994479aa9,40831573.86,2027-01-19,35.6,term_sheet_signed,1,51.1
53c37e7a-041c-4818-b117-d1876bc932e7,29601111.39,2027-02-26,50.1,due_diligence_completed,0,65.4
14c45048-25fa-468c-b8de-64e2b45d337c,45278615.08,2026-10-29,36.0,revoked,0,265.7
24ba04d0-94f1-4431-965e-8953f5b7c152,39748358.3,2026-12-08,43.9,board_approved,1,19.4
cbc3c8e2-66a5-42ef-86d2-b25ee0998321,58634560.62,2026-09-01,74.5,revoked,0,243.1
731ad5c5-be21-4d18-a02b-838bdd733065,133995534.69,2026-08-21,94.8,board_approved,1,18.4
65e61f0e-a1ba-4674-968c-91e6b172476e,77152873.67,2026-12-11,56.1,due_diligence_completed,1,30.1
ea8f74b8-a253-4e86-b091-173c5ec87a55,51023440.57,2026-09-28,9.3,term_sheet_signed,0,119.7
22baf45d-2195-4d8a-9e16-8b275d757230,54448483.64,2026-12-26,50.5,term_sheet_signed,1,79.3
c7ae4434-5505-4619-9ca2-1e34e5456d22,14876433.31,2026-12-06,72.4,revoked,0,167.8
fed40f8e-b506-4e0f-a636-93a6078c1d52,26971613.14,2027-02-10,65.4,term_sheet_signed,1,70.8
38f2dea5-7d1f-4007-b409-4c825460ed58,72692292.67,2027-03-09,63.9,board_approved,1,20.4
fcdbaf85-35c2-4e6d-9792-4a50bded1d74,13631466.75,2027-02-25,23.5,term_sheet_signed,1,82.6
48ef91e1-fa0f-4f6a-bf6d-caae68133e08,56464289.99,2026-10-09,60.4,term_sheet_signed,0,70.1
c4928af7-b97d-4bcc-ae06-f72d416e65a3,12903755.8,2027-03-01,67.7,board_approved,1,11.3
f3bcfd0e-6662-4a5f-ba92-157639a617e7,45646066.42,2027-02-15,77.9,due_diligence_completed,1,23.4
54f5baee-94cb-4cb0-bc2b-e393428c6e47,55738351.58,2026-12-01,62.4,due_diligence_completed,0,47.9
9977bc0b-e8d0-4bd4-afde-772542f455cc,20918791.0,2026-10-31,54.5,term_sheet_signed,0,48.9
04267ba5-82d7-4eb4-bd1d-440e0a2404cc,37107005.88,2026-09-30,61.8,term_sheet_signed,0,46.2
d546fdcd-09a4-4768-aa0d-fa49446f05c2,31557709.47,2026-12-24,31.5,board_approved,1,26.9
8c625c85-8a37-41d9-beae-7c1bd0cbb431,30762569.18,2026-10-20,56.2,revoked,0,161.2
50f45321-9ed1-4d84-bb3b-4d2284ecfb1c,55693186.49,2027-02-12,61.5,due_diligence_completed,0,39.3
9caa307b-b5b8-474a-9be7-033eec1118cd,26231230.63,2026-11-25,70.8,board_approved,1,23.3
2ac38d45-e588-4054-9e4f-058c1999efb2,39427765.42,2026-10-29,39.5,due_diligence_completed,0,44.1
0c2c837a-0156-40e9-9662-a7bc26d636b9,53679780.67,2026-08-23,71.3,board_approved,1,10.2
39661f2d-d969-4801-903b-f2da85fc121a,45290354.61,2026-12-26,44.7,board_approved,1,10.9
daa060d9-843d-454b-9f5e-713f4a2e6f3a,58368764.44,2026-12-10,70.3,board_approved,1,8.9
c0fe07b8-c3d9-47ac-ad2d-cf321b00d93b,19346235.34,2026-11-01,68.2,revoked,0,188.4
14fe1da6-f86e-4e3e-91eb-c4197d961dde,65353087.62,2026-10-25,50.2,term_sheet_signed,0,55.4
99bd59e3-6d7a-4f21-b2ca-968af077e2bb,98429027.23,2027-01-22,42.1,due_diligence_completed,0,49.9
1e4c9ed6-b194-4b10-b4b6-a506046c5b13,52904763.21,2027-01-31,55.6,due_diligence_completed,1,37.3
135cb2b4-b9a3-4840-8152-1e64ce43bf65,25408264.69,2027-03-06,39.1,term_sheet_signed,1,85.6
965a2cc3-529e-4af5-97f1-e1633905f1c5,57354606.46,2026-12-23,61.5,term_sheet_signed,1,67.6
51f1a590-b009-4232-ad97-06340d846755,28645315.65,2026-09-20,90.5,board_approved,1,16.1
8bc90889-1be0-4129-8ece-efbf9a45ad60,37572787.34,2027-01-20,67.2,term_sheet_signed,1,66.3
0d1c1890-b449-4ed4-9ff1-5769515bb873,34385712.29,2026-09-24,35.3,board_approved,1,18.0
e82f56a8-985c-42ed-a467-d906ac659315,51634269.26,2026-10-28,68.9,term_sheet_signed,0,39.1
dbe81732-73c0-4f5d-b092-a0d1b949a5aa,119998215.26,2026-10-11,49.9,board_approved,1,30.0
7198e62f-7713-468d-b572-0933f9024d79,67158866.36,2027-02-19,71.4,due_diligence_completed,0,35.8
36a684c4-ecf7-485a-8341-9f9b48d8af4c,43006579.56,2026-12-21,60.0,due_diligence_completed,1,49.1
13feb7cc-8ee8-4e3a-903a-e5f224547a7b,45858366.7,2026-11-22,69.3,revoked,0,174.8
bd0ef15c-96e3-4588-ad27-655807323c55,16632705.87,2026-08-20,56.0,term_sheet_signed,1,57.7
3a4a0393-7d84-44d3-ada5-25d06aa0d48e,47204483.13,2026-11-27,39.6,term_sheet_signed,0,37.2
a7735212-2e5d-4f9e-8894-81cb0a2cb154,30377798.82,2027-01-13,83.4,due_diligence_completed,1,45.4
411a4088-3e05-49e5-a643-ee9d4dd0b0ef,7545544.65,2026-11-17,80.4,due_diligence_completed,1,42.6
c5cd4356-24e8-4f63-bc6f-06f9b950b61f,13824177.87,2027-02-07,44.4,term_sheet_signed,1,72.2
e5cd6a27-3273-4d88-95d2-99a2e84c90d4,37792586.35,2026-11-29,81.5,term_sheet_signed,0,68.8
0d2e5c8e-29b1-4900-a00e-c72f418623b1,74200464.13,2026-12-24,53.2,board_approved,1,24.9
f5414e91-5c43-4d00-98af-a2ed89fc6989,36436309.46,2026-12-13,17.2,due_diligence_completed,1,52.1
59cd798d-9074-4c38-9df1-6560295e1670,21347274.31,2026-08-22,59.6,due_diligence_completed,0,55.4
d4fee6a0-ff2a-4043-9874-c25fb17737f6,70611876.31,2026-11-27,60.0,board_approved,1,22.5
a64ab17e-00bd-404e-9098-62d03f99d55c,90771224.23,2027-01-04,74.5,board_approved,1,9.2
4621da86-3e83-46ac-bf05-b7ad2cb96255,27336748.11,2026-11-17,73.9,board_approved,1,16.9
cd479508-226f-405f-916f-35aa7d49f835,35686751.15,2026-09-11,82.5,board_approved,1,19.7
93ec80ff-3a26-4613-8e0c-01389007294b,65495498.77,2026-10-02,54.3,due_diligence_completed,1,59.9
d53c6fd5-46d2-42af-aad4-548c4404917e,63199813.61,2027-02-14,26.2,term_sheet_signed,1,81.6
c00f6865-a01a-42c4-a82d-c78833fc8e2b,24438787.42,2026-12-15,74.9,term_sheet_signed,0,66.8
5cb8b361-51b6-40c5-8b7b-25d265902e06,35364937.49,2026-10-19,36.7,term_sheet_signed,0,89.5
a831f419-b2c1-4393-acdf-cece06d383b9,84236549.82,2027-01-22,49.1,due_diligence_completed,0,41.9
bd65467f-8aad-475e-be61-7ac34f6761e3,54278873.86,2027-03-01,45.7,term_sheet_signed,0,88.5
557c8d61-6cff-4216-946e-001232db0197,25426047.62,2026-12-16,100.0,board_approved,1,10.3
09c17b86-298b-4a78-b38a-4aa26be811ee,42126877.21,2026-10-02,40.5,due_diligence_completed,0,65.9
2fd803d4-08e5-4841-a504-8a745f6bb521,32158140.04,2026-12-10,100.0,term_sheet_signed,0,66.3
05ecebff-1e07-4f40-a279-b17221cd92a1,54410479.95,2027-01-07,44.9,revoked,0,196.3
f07d1ca8-dd3e-4fb1-a227-e23c849fadd1,72725125.88,2026-11-11,59.8,due_diligence_completed,0,33.6
aa3057c1-d6d2-42cd-9eeb-a4d4b9fe4dd6,50394885.59,2026-11-11,43.8,term_sheet_signed,0,87.8
6922c6dc-de1a-456a-ba16-c6975eba831b,51238802.19,2026-10-08,15.8,due_diligence_completed,0,63.6
b766850d-34f7-40d8-b766-db6e4e4e9c1e,43658263.91,2027-02-19,40.2,board_approved,1,25.1
8d4c7079-6dfb-45e4-8872-277999070c33,13926868.02,2026-10-16,67.2,term_sheet_signed,0,25.0
59d0a9b7-b3db-47fb-a7cf-1dee488403bb,50409545.79,2027-02-10,90.5,board_approved,1,9.3
de4c6759-3bb0-4fe6-bc74-bce52d3d2755,43092072.22,2027-01-10,95.8,due_diligence_completed,1,18.3
d4adf1d4-b5dc-4965-bc82-543281d71123,13880002.43,2027-01-26,58.6,term_sheet_signed,1,48.4
a072d4db-27fb-4491-9b9b-e46ae5204152,29446033.16,2027-02-16,64.1,board_approved,1,18.7
7d01e365-1fa0-426b-ad1f-5e07524f3ea7,247567877.58,2027-03-14,52.9,term_sheet_signed,0,57.1
6ec6ecd5-8981-45a2-9100-5d309fa56945,14193268.28,2026-11-10,55.8,board_approved,1,10.1
7208fb0f-24ef-4052-b456-afe64da5256d,31680881.69,2026-11-22,33.0,due_diligence_completed,0,78.2
225a2418-7cc5-444d-81aa-a579bd7cc362,25796381.68,2026-09-18,57.0,board_approved,1,15.7
8549d0a8-b270-45e1-bedf-f64b1585fa76,153557802.71,2027-03-10,50.2,due_diligence_completed,0,33.6
18f1bcf3-95e4-4312-9701-8d0cdcfa21ab,31959399.54,2027-02-07,80.6,board_approved,1,19.6
eec9ea1e-c3c8-4b61-a23c-dcdc87c24d7f,27926100.99,2027-03-11,33.2,term_sheet_signed,0,108.0
66a90d38-2372-4375-b199-a8f643d03a29,37892595.37,2027-01-05,70.6,revoked,0,125.1
93531ddf-8e6c-46ca-992e-b43c085682c5,21781966.26,2026-09-17,68.7,board_approved,1,18.3
706679a1-d449-4971-b3a7-325453805467,65610421.98,2026-09-30,78.8,term_sheet_signed,1,55.2
6a511dbe-8351-425e-b2d6-bf32bdb4f07a,35397177.62,2026-09-10,48.1,board_approved,1,21.2
87941488-d3f2-463e-822c-3e68285d8925,73444755.07,2027-03-02,45.9,term_sheet_signed,0,91.6
18868958-f449-4c5b-8420-6fb23470f370,85413191.84,2026-11-04,80.7,due_diligence_completed,1,35.7
1aa8817c-22b0-4953-a5ee-519d4c40f0d5,25886284.53,2027-03-14,41.9,board_approved,1,11.8
77211682-e60b-4c03-badb-302ac1dc961b,30011925.79,2026-10-15,40.7,term_sheet_signed,1,79.9
2855e75f-159b-4285-8e17-dc7c1a2dd4b7,38425175.72,2026-10-20,58.7,term_sheet_signed,1,57.4
1b6b4d1b-272a-468a-9a43-2af2df79ee2f,35200502.1,2026-12-23,17.9,due_diligence_completed,0,59.3
f45ef68e-e1a7-4c39-a92f-fe42c6307dcf,37452505.18,2027-03-08,50.0,term_sheet_signed,0,81.2
d9a4d9d8-bc28-4988-ba5d-4cae3027c0c6,67770043.0,2027-02-05,50.3,term_sheet_signed,0,73.4
6b707fa3-8751-4050-91ea-50bbdb872ba0,200725943.34,2026-10-02,52.3,due_diligence_completed,1,49.4
69e0b65e-8626-44cd-9588-f7bbe1bead90,67152221.17,2026-11-05,70.6,revoked,0,172.9
0bb4c254-7bce-4af6-83be-b3fa223f9002,74185350.76,2027-02-23,37.1,revoked,0,85.5
fbdf5d74-6f38-4198-89d2-a900997fed07,34352184.63,2026-09-22,44.0,term_sheet_signed,0,75.0
3cb1250c-a0e5-4487-8c40-81ffd4e2b4d6,14933234.35,2027-03-04,35.4,board_approved,0,23.7
43d9a78e-65ef-4c44-9f1c-693bfb356f9b,40311795.63,2027-02-07,50.4,term_sheet_signed,0,83.4
f70212db-8fae-47bf-a840-c7067372e789,40003911.22,2026-09-08,99.5,term_sheet_signed,0,52.1
1eeafbab-b4c0-4421-99a7-3cd65943824f,40472578.84,2027-02-10,68.7,term_sheet_signed,1,39.4
1d319f06-ed8f-461a-96da-2ff7119d9116,41766649.93,2026-10-08,87.7,board_approved,1,19.4
9bee1496-091e-459a-983c-bff0736205ff,44776090.07,2027-03-05,43.7,due_diligence_completed,0,52.9
1f2c1652-ba9a-4ca0-a6df-bf1c0b7da7ce,35271567.5,2027-01-26,50.7,board_approved,1,19.7
3b83f4c7-b2b9-4cc5-b0a9-a974a110e6f2,40561219.48,2027-02-11,13.1,term_sheet_signed,0,60.2
df6bbc9c-bd1a-46c3-8b5c-0ee2ac1b75da,32145415.79,2026-09-09,45.5,revoked,0,257.2
255e70a1-66ce-45c2-8717-3223da99ab28,36077933.88,2027-02-13,67.6,board_approved,1,21.5
eeb5a69e-6525-4bdb-87b8-0fed96240738,55957487.08,2026-12-15,32.0,term_sheet_signed,0,53.4
31ea9a12-3672-454c-9415-8bd2364cffda,54756079.16,2026-08-26,54.6,term_sheet_signed,0,61.8
251c688c-8e91-4a07-9160-0d8f1928264e,30715282.07,2027-01-18,50.0,term_sheet_signed,1,96.2
1d996d61-ae19-4725-a47b-67b654cd1649,116114916.96,2026-11-24,87.4,board_approved,1,4.2
aebdf540-d009-43f0-8bcf-55d278f166b8,23683476.1,2026-08-19,53.2,due_diligence_completed,0,39.6
c125150d-d420-4ff7-9f88-f447509a1fac,86025917.76,2026-11-10,63.2,term_sheet_signed,1,63.7
628c2f74-c08e-493b-abb7-62f0a5f9b814,65153421.51,2026-09-15,71.2,board_approved,1,16.3
5d90f1a0-5043-4793-995a-64cc412efae0,31630138.83,2026-09-04,71.7,due_diligence_completed,1,31.3
8e653cb7-e2fb-4a03-9689-7963cde928a6,84764425.09,2027-01-29,73.2,board_approved,1,14.6
b71a31a1-90d7-453c-a3ca-85f070e9a10a,29009492.99,2026-12-29,75.9,due_diligence_completed,1,24.6
0076fa04-4e2a-4ce6-974f-b623cbaebdcb,26898282.07,2026-09-11,56.8,term_sheet_signed,0,92.2
f6d6d5b4-99a5-4b4e-b9da-f1ad094e7d18,84423087.31,2026-09-10,43.2,board_approved,1,24.3
3e8d2432-d5e1-433e-a565-5feff86eadb4,32314303.68,2026-09-13,59.3,term_sheet_signed,1,91.4
b21092ce-ac31-40ec-aaa9-60fb3675cde5,87133031.87,2027-02-17,36.3,term_sheet_signed,0,65.8
37b61773-2dcd-4842-938e-95de1d82d7c8,55078968.83,2026-08-30,76.6,due_diligence_completed,0,45.7
32d0b90a-dba5-465d-8a13-8cc7fa096c18,26040897.22,2026-12-07,48.5,term_sheet_signed,0,74.1
acd06eb4-f7e9-4f4e-9df6-b79a30cb270b,29854166.9,2027-01-23,76.9,due_diligence_completed,1,24.5
cc763e94-1d88-48d5-b14a-73a6a5731cbf,22180996.97,2026-10-26,46.0,term_sheet_signed,0,110.8
d06a950c-e21e-4af2-b3d4-833ba2b3996b,13293994.55,2026-10-09,44.2,due_diligence_completed,1,40.3
472fd98c-c9d4-4dfd-9e87-3225b5d1eb6b,10187680.15,2027-01-28,55.5,term_sheet_signed,0,91.1
d780c891-17b7-4266-8701-2c40b1a0faa1,24622330.78,2027-01-10,22.1,term_sheet_signed,0,90.7
b626ad76-d3f4-447e-97a7-2ff2c6c99e30,40878445.74,2027-01-13,93.6,term_sheet_signed,1,77.4
7d4f612a-f914-45e9-8e96-08fc1cb35257,25381244.05,2027-02-08,68.0,due_diligence_completed,0,34.0
fe7e4ab2-7e0a-4a31-b7d8-3fec0acfe934,46955969.54,2027-01-11,72.7,due_diligence_completed,1,47.7
705957a4-a4fc-4ad8-b89c-9c3e93cf7a59,28478720.76,2027-01-10,28.7,board_approved,0,33.3
b2586fa4-6e4a-4f35-b371-fb51e542cd42,14883782.8,2026-09-18,46.5,term_sheet_signed,0,79.7
7813580d-85e8-4074-b599-c345649a9205,35376094.36,2027-03-15,78.2,term_sheet_signed,0,51.4
2bf6be53-da13-49d2-b872-6f667e6aeaf8,52465958.6,2026-10-08,49.9,board_approved,0,20.4
640c5d20-45f4-4443-919d-0da75c0a7bb4,21021373.61,2026-12-31,28.6,term_sheet_signed,1,54.1
d48ae003-2af0-4aeb-9177-4985aebd9c2b,87382908.97,2026-10-03,52.5,board_approved,1,24.8
33dbb0da-b9a3-449b-aaec-05e752835470,43151601.29,2026-10-26,49.3,term_sheet_signed,0,97.8
19f030a2-728d-47a6-a339-ca3cb4636dff,14208041.22,2027-03-14,27.0,term_sheet_signed,0,35.5
acf9c1bd-91e3-4cd8-ab4e-58ed011a51bb,27196525.78,2027-01-17,71.9,due_diligence_completed,1,49.1
b486e760-b813-4556-b313-428b7317764d,25151609.19,2027-03-11,39.6,term_sheet_signed,0,92.0
4c06bc20-8533-4e7f-a159-a457e73b7f5a,39843276.37,2026-10-06,80.9,due_diligence_completed,1,30.5
4dd8bb31-659f-4f7d-b95c-52111fc099a9,24550522.41,2026-11-12,46.6,due_diligence_completed,0,34.9
2773b2f9-d5dd-40b4-bdcc-55e3e97189d9,111457539.16,2026-08-19,72.4,due_diligence_completed,1,26.4
493d67e8-1b25-493d-b47a-9b93ce821887,24769713.74,2026-08-26,64.0,board_approved,1,17.4
b3159214-db3b-4c96-b6d2-2b4a400a1f2b,70691377.17,2026-12-11,74.3,term_sheet_signed,0,51.0
3cc010a5-bf62-4353-b8e5-a4d0cdafbea0,34462834.96,2027-02-13,55.3,board_approved,1,23.8
efda5aaf-21c0-4033-a663-bdc6e857b91d,88790985.42,2027-01-29,80.7,due_diligence_completed,1,32.1
47ca8084-4786-465e-989b-98d920e23843,189902371.92,2027-03-12,69.3,board_approved,1,20.8
e496bb72-62d2-405a-bb11-c5487282aab3,34097174.18,2027-01-12,58.0,term_sheet_signed,1,80.7
fe807552-dab9-4691-926b-860ddb609d10,30167220.98,2026-11-15,66.2,term_sheet_signed,1,45.3
b7f153fe-aa2e-4f13-944a-7aab7ac41762,71161626.4,2026-11-22,49.2,revoked,0,216.2
126afa73-f24a-49d0-911f-f431cbf84abb,22272844.52,2027-02-12,44.2,due_diligence_completed,0,47.9
14eb3806-ed48-4f45-b0be-17937c171726,31124064.06,2026-12-30,87.7,due_diligence_completed,1,35.2
74d98d0c-83fa-4f7a-a45c-f5dd8006f808,56655745.09,2026-10-17,56.3,revoked,0,176.8
0439822d-dbdd-4a68-8791-6eddb53a931a,13250828.51,2026-12-03,100.0,due_diligence_completed,1,29.5
fec1acd6-3b49-48dc-983c-06944812b854,59436896.6,2026-10-30,54.4,term_sheet_signed,1,76.4
63cd1e02-5b73-407b-af21-0d6f1b0d9716,64995303.09,2026-09-30,85.4,due_diligence_completed,0,39.8
e00d6a7f-f9a8-4689-87e7-8c95d30a8d2f,15530814.86,2026-08-30,43.7,term_sheet_signed,0,79.2
8ddb9577-af6f-4947-84a8-a671426d8975,74597637.78,2027-01-27,36.4,term_sheet_signed,0,108.5
0d6cff55-fb87-46e3-88fb-962929d76e5f,52428910.7,2026-08-24,38.7,term_sheet_signed,0,69.1
dbba3276-9438-4032-9a1d-e19f88ba6b10,21845231.52,2026-11-19,62.0,term_sheet_signed,0,62.5
85e5cd78-dd78-4b14-b8f3-bd64631321d7,43179541.41,2026-11-06,17.5,due_diligence_completed,1,69.3
294e6c08-67f6-4b96-b409-5cc1aecefa77,36196733.53,2026-09-13,42.2,board_approved,1,17.4
1b9ef717-359c-4d10-a0cf-af5a45c50abb,37259545.73,2026-09-26,34.1,revoked,0,207.3
a9c931c3-214f-4a69-93d8-c3b9ff403740,61722196.75,2026-08-31,80.6,due_diligence_completed,0,24.9
06368855-5067-4bf8-bb48-660eb45af788,46985224.57,2027-02-07,70.9,term_sheet_signed,0,60.2
3321fb8c-3111-4612-83ad-ddd5b329115a,28571803.33,2026-09-05,78.4,term_sheet_signed,1,38.1
47b66246-adc3-451a-b800-cfb5c0040a26,25912479.9,2026-11-21,80.2,term_sheet_signed,1,25.6
6f99d372-0ed9-4510-8c61-8f26e5491401,113297105.9,2026-09-04,56.6,board_approved,0,22.4
c89c94f2-915e-42e4-b70e-04bb09d054ef,31828912.43,2027-01-21,45.6,term_sheet_signed,0,48.5
bd34041c-b7ea-4f62-9869-8290670666c8,54493549.05,2027-02-04,85.5,due_diligence_completed,1,36.4
a5029078-cb79-4d62-a779-8c6469fd2f62,28521008.43,2026-11-17,75.4,term_sheet_signed,1,84.5
30192865-9c45-43bc-8e83-ed14c0203463,21592695.75,2027-03-15,43.1,board_approved,1,21.1
d24c18b1-39cc-4bea-b610-198ce080bf0d,86225572.67,2026-11-10,69.9,term_sheet_signed,0,54.9
36a806e5-15ba-45e8-a446-5ff28892e5dc,36325036.45,2026-09-08,66.0,term_sheet_signed,0,78.0
b85e40df-4877-45d1-8de1-6b39694a8521,45488557.5,2026-10-11,37.4,due_diligence_completed,1,47.2
b30b7385-d5d1-4fad-a3b6-86f33e416069,92162712.8,2027-03-01,79.5,board_approved,1,16.0
bbfdf690-b232-43e5-a540-1c665b871b27,88972779.0,2026-12-08,25.3,term_sheet_signed,0,97.0
f3210a12-0955-44bb-a743-897cf5707eb3,22884998.45,2026-11-16,35.1,term_sheet_signed,0,87.6
30928c66-d969-4e34-8ea2-33ef00dcc708,76419017.47,2026-12-19,57.5,board_approved,1,12.1
c8016d6f-3822-43ab-a05c-66aba0cb9cff,36343097.37,2026-12-20,79.3,due_diligence_completed,1,46.9
72d0c653-f8fa-4ca3-b77c-3e26a7b5c28c,34648089.84,2026-11-18,30.8,board_approved,0,22.4
ba4e5394-da95-49c0-a648-cccfd040e40d,115324377.55,2026-12-13,39.8,term_sheet_signed,0,107.6
4db2d9f4-9fae-4a7e-9de8-db96b7b4d4a1,23938719.44,2026-10-12,85.1,board_approved,1,16.9
ea196dc5-dec4-4cb9-9020-35833deaa364,27362744.46,2027-03-08,66.4,term_sheet_signed,1,39.3
3875ee57-e49e-49ed-aeb0-6ef94b897c99,31805623.39,2026-11-11,76.6,term_sheet_signed,1,76.1
643d048d-b76e-4bf4-a7b2-0f057be40604,126638065.54,2027-01-25,70.7,revoked,0,188.4
9ed0f28b-3884-421e-8d9c-0c226d594b87,70674766.9,2026-12-12,34.3,revoked,0,186.8
bdd0850f-4601-4861-b65b-40d896861a8c,30369411.11,2026-12-02,44.2,term_sheet_signed,0,99.0
ea415b6c-3478-4991-9de2-26a89a454427,18509554.77,2026-09-10,50.6,term_sheet_signed,0,70.1
321d38c8-5b32-4518-be3b-8a27cb5d1f66,51825213.2,2026-10-25,62.0,due_diligence_completed,0,41.0
cd3f6598-8725-4d57-833a-a6b608e6b9df,39982471.11,2027-01-30,99.7,due_diligence_completed,0,27.3
8d1fd211-f08d-41cd-873f-85cda5705919,30182096.41,2027-02-26,30.9,revoked,0,189.2
533b9dd6-2b30-4d43-ba82-f2f26d439d6e,61279362.19,2026-09-05,47.8,revoked,0,201.3
790c884b-c853-4ec5-833b-a7f12a70a76d,42706519.94,2026-12-29,70.6,revoked,0,255.9
ac2ffa6f-1734-4bb6-8e66-21bd66215c17,21622635.69,2027-01-13,40.8,revoked,0,270.6
0116459b-7128-405f-b41a-1151eedda529,26566084.89,2027-03-09,17.3,term_sheet_signed,0,88.2
7e8f7c48-caa2-402f-a869-af3ab369d921,73181519.03,2026-12-19,49.5,due_diligence_completed,1,51.7
d7902762-dcae-41ad-8f5e-7450e0b07be7,52438049.06,2027-01-26,70.5,board_approved,1,19.2
d3828c17-e094-4c1d-98e2-a4ff64ac9f78,51118871.33,2027-01-23,83.1,due_diligence_completed,1,28.7
323640f2-c32b-4e24-a237-53dc6ecc935c,37008506.12,2026-10-14,63.8,term_sheet_signed,0,49.4
f67e5e20-8336-4818-9c55-0f092e5f4ee8,36797148.22,2026-12-12,0.0,term_sheet_signed,0,141.3
e52dd7e0-0cb4-4b53-8ef6-6cf6febbe731,16539339.18,2027-01-11,63.0,due_diligence_completed,0,29.1
2c83c67a-9f38-4c50-9163-71b08af79c68,46344870.85,2026-10-28,56.4,board_approved,1,17.6
ba62cf2a-a115-4f64-8efa-d915f51f1fe8,17774968.93,2027-03-14,38.1,board_approved,1,24.9
1a3b5746-11f0-46f9-baf1-11e082f6ec2a,38345457.43,2027-02-17,22.6,due_diligence_completed,0,74.2
df558c09-a128-47ac-9785-5fc94ea3a955,76544116.31,2026-11-19,73.6,board_approved,1,17.5
048e2b28-158b-4f2f-ae7b-912bfe154e8b,49459289.54,2026-11-13,62.3,due_diligence_completed,1,47.4
87af93f1-9335-43eb-9ff2-d56005e45857,69164155.85,2026-12-12,67.0,revoked,0,195.3
537fc2c0-769f-4697-82d1-10f06437011d,97689114.85,2026-10-13,73.8,board_approved,1,17.9
281f9950-277b-40fb-bc85-1155fac45a31,17873674.97,2027-02-13,50.2,revoked,0,189.5
02170885-4b6d-41df-9b88-0fb7a86ef62c,93988200.81,2026-09-09,70.0,due_diligence_completed,0,49.7
37daa559-a95f-4e56-9f39-a412d11539d3,120156972.17,2027-01-25,52.0,board_approved,1,20.2
ca37b778-4454-46cc-973a-b7060ab3e586,41585282.66,2027-01-26,25.7,due_diligence_completed,1,75.6
7b9c8cf0-00ab-4453-87b1-f0e44ce34d96,22816317.68,2027-03-11,52.4,board_approved,1,25.3
4364a32f-fa8c-41cd-b4e1-aa95cbd0f636,29188707.39,2026-10-09,48.9,term_sheet_signed,0,66.6
91909a16-7eb7-4a98-8734-55e2c197b949,32103511.83,2027-01-15,54.8,term_sheet_signed,1,75.7
f7993bd8-d4f6-4caf-9a6d-c27db463640b,36525438.08,2026-11-20,48.9,due_diligence_completed,0,69.3
9661a470-6d8f-4b6f-b81f-2af133c46e85,21091022.5,2026-11-25,41.7,board_approved,1,18.9
e1586835-7bd8-4e93-8928-c0f9781939db,39575512.88,2026-11-04,99.9,due_diligence_completed,1,35.6
225bdca2-ef32-4b7c-84f4-a26cc75c69e3,23918900.36,2026-12-24,81.2,term_sheet_signed,0,52.0
eed0176a-640b-41f8-a475-8021008f9cf5,22872465.23,2026-09-17,38.2,due_diligence_completed,0,18.9
045f8b77-5930-4bd8-8073-9506bfbe2e7a,63975237.93,2027-02-08,49.8,board_approved,1,16.5
d473ce2a-67ed-47b3-a988-59a2eb428381,97131271.18,2027-01-09,55.3,term_sheet_signed,1,59.5
623fe3b3-a502-4759-b31a-2e5b3eb1e5f9,47879700.06,2026-09-22,30.4,due_diligence_completed,0,66.4
fa5fbb18-1e73-4746-a07e-9f9c0824ce8e,38098152.17,2027-03-14,100.0,due_diligence_completed,1,21.3
2661b49a-1ae9-4c4e-b028-763476b68a20,58865149.43,2026-10-30,62.4,due_diligence_completed,1,45.3
188abbb8-7d73-4df2-9a5a-6c9c937ab9b4,26430797.37,2026-09-07,62.8,board_approved,1,27.9
8c5b659a-9ea8-4e32-ae89-ec76cd219af0,7083579.44,2026-11-30,74.4,revoked,0,90.9
c4126eb4-1145-4ca4-8e88-ac5605082497,34992107.82,2027-01-11,33.7,board_approved,1,11.8
2561d188-c62b-4755-abcf-17566c8cf5fd,102834268.88,2026-09-02,49.7,board_approved,0,14.1
a3ae18ae-5887-4ee3-8564-0c6c73dff8ed,61136473.28,2026-09-15,91.1,term_sheet_signed,0,52.7
45d16f12-e2a6-419c-b8b9-eb346d21e156,14272893.06,2026-10-30,49.2,term_sheet_signed,1,101.5
d67b325b-e817-4119-ae5b-d59e7291d26c,43328249.26,2026-11-10,57.9,board_approved,1,19.1
8f428aaf-229b-4f34-806a-22ad47e7e16b,34084743.71,2027-02-20,48.0,term_sheet_signed,0,61.2
0dbc2dea-63fb-47a1-a69a-f117a6a77469,24637525.45,2026-11-07,77.8,term_sheet_signed,1,73.6
e8e165c7-6c4f-4440-9e04-2b58cd95beb5,41604965.78,2026-12-25,81.9,board_approved,1,8.1
f67e0b44-7097-49d9-a0e0-026b984e2776,113487926.1,2026-12-13,67.4,board_approved,1,23.0
3a0311b1-680e-418b-85cb-c10d2482e230,82842176.31,2026-08-23,57.5,due_diligence_completed,0,53.4
c7e60e60-8768-4926-b672-2163d6c7c6ca,32696494.39,2026-11-08,65.5,due_diligence_completed,1,58.9
72e7b944-01fb-4cf7-9b80-f678e82e5f96,31086685.02,2026-10-30,66.8,term_sheet_signed,0,70.2
9e9bbeaa-0a75-435d-b7ec-3fd45b1f5a65,24903454.44,2026-10-02,74.7,due_diligence_completed,1,39.1
d3a5ff91-6fa9-4a16-9b6f-01a3bdebdeb2,29340697.46,2027-02-19,53.5,due_diligence_completed,1,65.9
e1a3d2a1-1d41-4c6d-a9c4-90fdf1747da2,34627367.81,2026-11-20,100.0,board_approved,1,9.0
b5dd3ad2-4631-46cd-89a1-e18e963d527b,38382782.83,2026-11-05,60.8,term_sheet_signed,0,71.4
93c76b3d-d337-4246-b40a-50c347ffb77a,80560547.89,2027-01-19,55.3,due_diligence_completed,1,36.6
40439e0d-fe16-425f-974c-fc88e695586b,41031357.54,2026-11-18,60.9,term_sheet_signed,0,71.3
7a49b5a2-b980-4cf5-95c9-d81498020ee3,17568746.55,2026-12-20,56.3,due_diligence_completed,1,60.5
70bc3b11-18d1-48a6-8ba0-617fd5426a7e,21751451.26,2026-12-05,55.2,term_sheet_signed,0,107.9
e61c03f6-c0f7-42e5-a5e2-d1f9396f9f1f,73890831.0,2027-01-12,12.9,term_sheet_signed,0,129.7
56b9a29a-46f8-4d2d-8674-e4bc4b68d1d8,41109937.74,2027-02-15,84.0,due_diligence_completed,1,36.1
9d429b80-9247-458f-addb-94689cc3ed4a,35729896.34,2027-03-13,57.3,board_approved,1,14.3
7c42dd07-22c1-42ab-943f-efb32af3da26,39761581.74,2027-01-04,97.5,term_sheet_signed,0,40.5
c2de7550-6346-4b36-8633-77c9265f7560,15910049.83,2026-12-15,95.2,board_approved,1,16.5
8158e6c9-7a22-4659-9481-60dcaca01bf6,135111500.79,2026-11-27,92.9,term_sheet_signed,1,65.1
0e787456-7d7f-4daf-84be-b7724217fc56,46851261.57,2027-01-04,47.4,board_approved,1,21.4
5c2eeec9-1f82-453f-9b62-e2e7e5865ad9,30293858.13,2027-03-05,50.7,due_diligence_completed,1,48.3
f0ec83c9-5d03-41b0-aa5a-75871f3677e6,23805485.4,2027-02-27,79.6,term_sheet_signed,1,85.7
7eb6ba4f-0646-4797-b973-e8d3297a2d1a,35852998.7,2027-02-14,60.6,term_sheet_signed,1,90.8
b3935cff-f48b-4377-a6d7-a3a7e1b47baf,23594835.55,2026-09-25,60.5,due_diligence_completed,0,51.2
228e856f-2383-45e3-b941-f8833a90c656,28879271.62,2027-02-16,88.5,revoked,0,210.7
b36bd4cb-5746-479d-8ff4-03ffcb0515d6,63675754.14,2026-12-20,71.6,due_diligence_completed,1,31.9
5ab2366a-de13-40c1-8ef8-d60c590f594e,18909622.73,2026-11-04,60.3,board_approved,1,18.8
b59e4a53-0a74-4f9d-870f-402ffd0c2396,70751588.98,2027-01-08,66.2,revoked,0,156.1
6db013de-0ccc-4e53-abb2-57fefe4d3efb,45371421.23,2026-12-17,59.9,term_sheet_signed,1,75.3
3e9f470c-1cd7-4694-9f09-515686672a73,43996147.47,2027-01-25,48.8,due_diligence_completed,1,60.0
0234c90b-1919-48bc-8f55-7d6c45fd160b,62958447.63,2026-09-04,62.6,term_sheet_signed,1,76.8
d3c05cc5-23e6-4afd-a001-f214cff34f8b,245278052.54,2026-11-11,58.7,term_sheet_signed,1,55.7
c6b9489b-6118-459a-9c6b-1c194cca5a97,22377208.74,2026-10-13,49.7,board_approved,0,25.4
6588f147-386d-48e6-8e1b-f07d14fedd1f,33049807.85,2026-08-24,52.2,revoked,0,212.5
e010c40e-f402-415c-8d09-0e1953529010,44448306.23,2026-11-27,100.0,term_sheet_signed,1,66.8
d79d19f0-7fd9-40c8-b0d4-1b7d88e652f0,30884528.47,2027-01-27,74.9,term_sheet_signed,0,68.2
f07e8409-cf37-4604-8fa1-f0de171d1663,25730448.19,2026-12-10,47.0,board_approved,0,18.0
80eedb9d-65c7-44c8-b96f-ce76ad0770ea,38301951.71,2026-10-16,52.5,due_diligence_completed,1,38.3
723c14fc-2b64-4921-ba06-6b2ffea27aa0,79780991.44,2026-11-02,64.5,due_diligence_completed,1,56.6
4eb03a27-c7ce-443c-9b8e-d823186ed5d9,27402876.79,2026-12-24,57.0,due_diligence_completed,1,49.4
257a1c35-d0f8-4ea9-b01b-a22d1f1fbb37,37032065.01,2026-11-15,72.5,term_sheet_signed,0,85.3
97566d73-0d02-41d8-80cf-587764b892d9,24147484.82,2027-01-12,59.4,due_diligence_completed,1,35.2
0f4beac8-25f6-4ed4-94c9-aecb0bc121c9,17043519.63,2026-11-21,70.4,board_approved,1,18.6
b629e033-2ea3-4827-91de-5a0fe680178b,33116527.15,2027-02-27,68.7,term_sheet_signed,1,67.5
28360fe2-fa94-41e4-8860-5a26949d2380,34429784.36,2026-12-27,43.0,term_sheet_signed,1,63.2
ae1837ab-2487-428e-9787-ac75bef37a23,30989824.96,2026-11-25,29.3,due_diligence_completed,0,46.2
2b60f42d-de00-4b41-a174-b1a1bebb694f,33613458.29,2027-02-23,32.4,board_approved,0,24.4
e9e0fca3-dfba-4150-b361-a0a7436fce17,51527051.78,2027-02-24,56.9,due_diligence_completed,1,37.4
7a1509dd-a882-4050-8829-4557f8177be5,42366038.46,2027-02-12,32.4,board_approved,1,19.5
12d07d2a-9008-4355-b2bc-37f95577e400,29354668.88,2026-10-22,81.5,term_sheet_signed,0,36.4
90b69425-efd8-49ad-ad34-2f5b2d75933b,30848876.83,2027-01-01,35.9,due_diligence_completed,0,60.2
f9e7dec0-e79c-4555-b211-31de050e36af,22997479.61,2026-10-22,100.0,board_approved,1,8.6
09caed5e-a455-4653-ae67-7166cfd6865e,46472232.84,2026-10-11,33.0,term_sheet_signed,1,76.3
b82e928a-ca3b-4bbe-a405-714d702bedb8,48453302.1,2027-02-23,48.7,board_approved,1,12.7
6fda6146-7f15-44f5-93ea-e2629c4f687f,58124164.74,2026-10-28,61.1,term_sheet_signed,1,66.2
d22cde58-8832-4c12-9542-6825c3a6b599,48544451.18,2026-09-09,42.5,term_sheet_signed,1,73.0
4ce8c1fc-e0db-454f-ad91-dca9a52a5c02,28396080.08,2027-03-09,71.0,term_sheet_signed,0,72.6
040cdd8f-f296-42a9-b83f-a91db58bbf74,19959470.5,2026-08-31,47.9,due_diligence_completed,1,40.5
17602421-327c-4fab-a7e8-9cabe73e49de,27862062.18,2026-09-15,59.0,board_approved,1,19.4
e570e895-2a5d-45e8-bdba-3a4c4b9de85b,21723504.65,2026-09-05,51.4,term_sheet_signed,0,75.5
ad9b5e14-d01e-47ae-a633-8e83f78ec475,62831358.7,2026-08-20,31.4,due_diligence_completed,1,62.2
916b0ae0-83aa-4cf1-9e48-45d345c11dd2,147747531.49,2027-01-25,72.7,term_sheet_signed,0,47.8
681b72d0-8d7f-4d6a-a581-ff56548b5236,115095451.51,2026-10-10,95.1,due_diligence_completed,1,26.9
f2427675-bdc5-44ab-a640-7093b5c243e9,18395537.77,2026-11-15,84.5,due_diligence_completed,1,55.0
2744d067-96b1-41be-b7bb-24b5d1675e9c,35213369.96,2026-09-13,69.1,term_sheet_signed,1,41.3
a20e59a3-be1e-40ef-91d7-2dcb1f8b5d01,10195586.25,2026-10-15,62.1,due_diligence_completed,1,37.9
8e28380e-b024-4abc-b1b3-1f184037f1a6,21910243.92,2026-08-21,49.0,due_diligence_completed,0,46.9
c4cff0a5-58f7-4ac6-8044-761e88320a12,41347397.85,2026-11-10,32.5,term_sheet_signed,0,93.8
c668b5a0-3154-4f55-a3eb-3c432fd932dd,59988324.37,2027-03-02,16.9,term_sheet_signed,1,91.3
9608fc31-8b91-4aba-9961-5da8d2449382,79508579.74,2027-02-11,52.2,due_diligence_completed,1,56.9
f0aaa8d1-7e75-4d31-bae3-88c03f8c4b4d,13678237.17,2027-01-09,67.9,due_diligence_completed,1,37.9
65548880-5364-4ed2-9563-80705769d512,46684170.58,2026-09-10,49.9,board_approved,1,25.8
e27093ad-5c79-44ae-9c33-08a5167400bc,65441827.04,2027-02-21,68.9,due_diligence_completed,0,23.8
7da56cde-afc5-4f58-b957-b153c7b8496f,59661660.1,2027-02-23,75.7,term_sheet_signed,0,52.7
2783822e-af39-41f9-b4f1-03a18eb3119d,94699528.74,2026-08-24,57.6,term_sheet_signed,1,85.8
423331fd-24b8-4cf6-b0e3-eb7ad8bd6068,34157561.02,2026-08-20,86.7,due_diligence_completed,1,34.0
49b2758e-6b41-40fc-9477-0436e12c8047,20369620.83,2027-03-12,56.5,board_approved,1,21.8
470e1c80-c7c5-4b1e-b625-e1ac43d666e0,124649725.8,2027-01-24,27.4,term_sheet_signed,0,59.7
96d981d6-986c-40e3-9f13-9eaac51c3925,45596617.69,2026-08-22,86.2,due_diligence_completed,1,28.3
241189af-f450-4f44-958e-4cf45d054207,64307289.94,2026-08-24,82.7,due_diligence_completed,1,39.8
365619b8-a197-4db5-b70b-6d4511664622,52636627.91,2027-03-11,35.1,revoked,0,187.4
dfe34388-10cd-4352-889f-67f9a74a9e28,52363250.79,2026-12-02,79.0,term_sheet_signed,0,52.2
ce4d27be-8393-46b5-a989-a159e043e212,36840311.01,2027-03-14,33.2,board_approved,0,13.4
b69001d5-5850-421d-91e4-1396c6e1fdf8,13518290.2,2026-12-07,100.0,board_approved,1,14.8
defd2a73-06f1-4983-9e08-ac3bee55f46b,60689733.79,2026-08-24,64.0,term_sheet_signed,0,59.9
1dd1ebd9-ceab-401e-b441-495b028e2287,61500853.04,2027-03-01,46.8,due_diligence_completed,1,56.1
dbf491ff-0655-4eb1-832d-e722a4f1278f,14860381.41,2027-02-01,55.7,term_sheet_signed,1,94.1
d4b037c6-ab96-4555-8992-d7c07e637062,23494591.23,2026-10-26,65.6,due_diligence_completed,1,26.8
35ba2af6-acd3-4d33-a426-1c89ca649561,48272318.4,2026-09-28,67.4,due_diligence_completed,0,36.9
ac2e4d48-80e9-41a3-b45e-0443ed68c834,33518791.19,2026-09-24,55.8,term_sheet_signed,1,55.2
89b05ad8-27c0-47a5-9750-bcdf3bc1845e,58989419.27,2027-03-09,36.9,term_sheet_signed,0,70.6
25aa7f6c-9296-48c7-83b8-7677e57e30af,27533992.62,2026-10-14,20.6,term_sheet_signed,0,64.5
034abfa1-d23f-4074-9506-52ce4efca845,34610480.01,2026-11-19,30.5,due_diligence_completed,0,49.3
f2909a63-eedc-49e4-91b8-084701ccc6a4,26820468.75,2026-10-31,36.2,board_approved,0,14.5
552aabc5-32b8-416b-902b-4ea478614cbf,10624409.88,2027-03-10,52.8,term_sheet_signed,0,90.6
43cd16e0-4d68-4917-8b9f-681c452bb0e9,23819205.5,2026-11-24,90.0,due_diligence_completed,1,43.1
5ec6115c-e9a0-4ad3-852a-e2e5dbabb871,22623932.27,2027-01-02,32.5,due_diligence_completed,1,39.7
7b683176-19f2-4c76-9583-3f544a93601d,43351956.44,2026-11-29,51.4,term_sheet_signed,0,63.1
a5f923d5-8378-4edf-8cc6-7546674d643d,42115169.22,2027-01-19,64.5,due_diligence_completed,0,36.0
3a13c635-ec50-4612-843a-60b05967f63d,21471706.68,2026-09-17,63.7,board_approved,1,17.8
36a4dce2-2c07-4b3d-9277-f1a123efc461,38041236.5,2027-01-09,69.2,due_diligence_completed,1,29.2
41236573-ed0d-4c7f-aef0-f9e05c3d869f,14520315.83,2027-01-22,61.7,revoked,0,160.0
27f07057-3bec-472d-bf79-cdc16497af1b,72562417.67,2027-02-12,37.1,board_approved,0,17.0
e3900067-b6f0-4951-b46a-df4d69103f2d,55523389.25,2026-11-20,91.6,term_sheet_signed,1,77.8
d2084819-0398-4a2f-a126-0e9ac954e843,53365273.72,2026-11-13,65.3,term_sheet_signed,0,80.0
8294768b-a3e6-4f3d-9f3f-ebc46e909252,13206803.94,2026-12-12,73.9,due_diligence_completed,1,34.6
219b03b3-ab82-4489-b369-ed778d1f9a8b,84270103.86,2026-09-18,59.1,term_sheet_signed,0,68.6
20fc75ad-14f5-4495-b888-a80d0c0c185a,52859393.99,2026-08-30,75.9,term_sheet_signed,0,47.8
6f8edf5d-7612-492f-8906-e71e0d72c4ad,67624215.21,2026-09-23,34.9,term_sheet_signed,0,67.0
45caad3b-ab8f-4fc6-8942-5e809a391eb9,138559310.44,2027-01-22,48.6,board_approved,1,16.2
d39f9db3-109b-4d74-b8ea-b7c7806dc541,34423518.74,2027-01-12,84.3,due_diligence_completed,1,48.4
e5a2976a-01db-4154-9ab3-0e344eaaef57,19112433.57,2027-01-11,41.6,board_approved,0,21.1
9294e2c5-a70f-4445-a499-933342595aa8,20386363.33,2027-02-18,24.3,revoked,0,112.7
cbe4cec5-4428-4d85-bdbf-afc3d83b7948,30170984.04,2026-09-08,41.6,board_approved,0,19.6
7d88ddd9-c7f4-4c81-a5d6-faae7a6f44de,34539327.4,2026-08-21,70.2,due_diligence_completed,1,42.3
67b1cc16-bc29-4468-8987-501ad4ed9a96,68797330.85,2026-10-23,100.0,board_approved,1,15.3
3ab44071-9a28-4316-9981-997471ee1bb0,17450651.65,2026-09-19,68.9,board_approved,1,19.3
ec8b0b92-211e-4427-bb99-29732a32dd1b,66483901.97,2027-02-28,70.1,due_diligence_completed,1,41.3
f84be5e1-e0ae-48ae-9ad5-310a42bfb9cc,73656837.9,2027-02-02,76.3,revoked,0,163.6
20ba6256-c0ac-4e5e-9c7d-636cd63cceb4,41674980.65,2026-12-24,59.6,term_sheet_signed,1,69.0
62b065f4-c963-44c9-b58c-4193bd228ae4,38909422.15,2026-09-24,67.6,term_sheet_signed,1,80.3
86a58b5b-7fe2-4428-b6ac-82ccc53b5ba5,47904475.91,2027-03-11,74.6,revoked,0,148.1
df401de2-2e1a-448c-9f3e-1e4f94557de1,41246946.92,2026-09-03,58.0,due_diligence_completed,1,49.0
7318293f-4625-48e3-bdae-6f2fd6975a29,39585937.08,2026-11-15,85.7,term_sheet_signed,0,70.6
5ebc8793-3bc4-49ed-8cf6-6a562d64b058,76263514.6,2026-11-08,81.7,board_approved,1,17.7
f258faab-66f5-4241-b315-928f9ade21ac,50025395.13,2027-02-18,62.2,term_sheet_signed,0,92.7
95e1f1ee-c711-4f28-9c01-96474e23b9b5,123249856.41,2026-12-01,42.2,board_approved,1,15.2
b4124002-54e2-4a89-b974-8fe5d07546e3,119042478.52,2026-09-05,89.8,board_approved,1,20.3
021349a1-bb5c-4880-8374-ee12716d7ca8,48517012.75,2026-09-15,71.1,due_diligence_completed,1,46.5
a58ad101-934f-4257-b1f7-5019dc41c239,95550944.01,2026-12-04,74.6,due_diligence_completed,0,35.3
d8e8c943-2f88-4179-9a28-4e96c3eafe1b,18072623.37,2026-08-30,47.0,board_approved,1,18.1
052142ed-4bce-4461-87c4-a489bd2c5e5d,85673394.74,2026-10-26,47.8,term_sheet_signed,0,71.4
5f956f32-4791-4b16-9db6-132a3b407e7a,56068887.13,2026-12-18,53.1,board_approved,1,20.2
a76f04eb-472f-4a33-b8aa-e6912e23ceda,38837020.16,2026-08-24,75.2,revoked,0,127.9
dfd0539f-0195-4f80-8766-e1c32ec85841,44999224.07,2026-11-06,54.3,due_diligence_completed,1,39.3
7a941538-ca29-46aa-b465-06f7cf9725af,23013168.29,2026-10-12,59.9,term_sheet_signed,0,41.5
4d9bb89e-e5e6-4c84-8bdb-75977704c361,58437795.09,2027-01-19,75.9,term_sheet_signed,0,50.8
dd492c5e-8914-4aa1-bf33-dc2d54465415,81557225.0,2026-09-16,100.0,revoked,0,158.4
4fcfe3c8-e839-4a0c-a00b-db5fbe83555e,20568587.63,2026-12-12,79.9,board_approved,1,11.2
c26edf6c-de5c-4540-9f6a-27dff934b99b,42309189.23,2026-10-20,58.9,board_approved,1,13.6
6406bdef-2967-4994-a5c5-0e6231dea06c,17138485.93,2026-11-19,47.6,term_sheet_signed,0,55.5
64aa1801-5ede-4be6-b568-6ca13245a468,18325727.9,2027-01-16,73.2,due_diligence_completed,1,56.7
728748f4-2530-4b80-ab11-af836356adfc,42427748.86,2027-03-15,68.5,term_sheet_signed,0,71.6
4613ba62-99d4-4c28-95e5-ba9fb766ecc6,30744531.94,2026-12-24,68.2,due_diligence_completed,1,24.5
cddbc5cc-8226-4d83-a1d6-8ce47e550416,18047777.89,2027-01-14,58.2,term_sheet_signed,1,90.3
e543d2ff-6b7a-46e2-b136-0b8368d395b9,34793759.31,2026-10-11,54.0,due_diligence_completed,0,23.4
b4ef493e-87ec-4deb-85a0-9246a8817b06,16772647.62,2026-09-17,52.9,board_approved,0,25.4
bb24f7fe-5773-4b52-a18f-5955d8c54be6,13200337.85,2027-02-28,57.5,revoked,0,198.0
a0eeae40-d47c-4fa1-b925-b23f77d1a5bb,24278773.85,2026-12-30,98.7,board_approved,1,10.4
aabfd96a-ff12-4a6f-9fa1-b7abc4af56f8,19203792.09,2026-09-07,60.5,board_approved,1,17.1
192f54fa-3c74-467f-b42a-ebefd9915661,31113235.54,2026-09-24,70.4,board_approved,1,14.2
85c7df47-e113-44c6-b7df-d39c43ae79e5,44955081.57,2027-02-03,60.9,term_sheet_signed,0,68.9
3c9c6e82-eab2-44bf-a4c1-477bae1e4bd9,21426127.57,2026-11-16,33.8,revoked,0,197.8
28ca7308-fca9-4ea8-bee6-9f4337d28571,30972618.5,2026-09-16,33.0,term_sheet_signed,0,76.4
37bbf0ee-126e-4284-ae11-a01f29e591a4,34596917.99,2026-12-28,53.8,due_diligence_completed,0,63.9
a80ba0fd-595e-4ff0-bbd0-28989f085e74,38659050.57,2027-01-19,57.3,term_sheet_signed,1,74.4
6f4157ba-afac-4b06-9e50-d7a8c00870f6,45080731.63,2026-12-22,78.7,term_sheet_signed,0,42.3
0bf2047b-244d-49b2-989f-a74b0fa61db2,28092421.31,2026-08-29,22.1,term_sheet_signed,0,93.8
782ffccd-0859-4e22-8a70-4c942440f50e,94967116.12,2026-12-02,71.4,term_sheet_signed,0,83.7
6908ee31-c740-4859-96b5-7497f22f0237,24685765.49,2027-02-08,45.4,term_sheet_signed,0,77.0
fdd97fc2-8382-458c-948b-e147ebbe387d,27847249.82,2027-02-24,55.0,board_approved,1,14.1
8dcb7b7f-d0d5-4e40-9e9f-565edc1855bc,15441851.66,2026-11-14,70.5,term_sheet_signed,1,54.9
4c07bf44-4169-4195-8b38-6f3287f0c0d0,37831252.93,2027-01-03,52.7,board_approved,1,31.1
4d1a0621-41e4-4daf-b0e0-543fe7eb06d9,28792477.32,2027-01-10,70.0,term_sheet_signed,1,97.6
46fb17bf-af74-4c65-8f45-80b223a71d09,19251463.95,2027-02-01,65.6,due_diligence_completed,1,34.3
4d68c65c-7509-4d11-8f9d-4b5e57bc4112,8530704.54,2026-10-29,60.7,term_sheet_signed,0,68.6
2442b0cc-a8bb-4277-8424-a9c9088f12d8,27877346.82,2027-01-12,90.3,due_diligence_completed,0,29.1
4664bcfe-83de-4861-93ea-f0bd0c08c9de,175615847.42,2026-09-20,86.2,due_diligence_completed,0,44.8
d46536a6-4b61-4d6d-8f3d-ac8516de1105,102170191.43,2026-12-10,65.0,term_sheet_signed,1,70.7
eb56324f-5df0-4c20-a7c3-9879827dab70,47454008.42,2026-11-21,23.6,board_approved,1,13.8
de06c1ba-45d0-4c1b-97ca-43ec5e223808,39655164.48,2026-09-15,37.7,due_diligence_completed,0,50.5
2b8d1b5f-bb0d-4b2c-9e30-ccc6d3659edc,37748596.65,2026-09-18,78.0,term_sheet_signed,0,43.7
e62f0df0-bdfd-4491-8bf2-93c7929558b4,71278591.38,2026-11-30,81.9,due_diligence_completed,0,31.4
88f79fc8-3bf8-406f-a9fa-73c321ec17ef,17202400.15,2026-10-16,46.9,term_sheet_signed,0,88.5
5eadee20-d74c-419d-ae4a-bdd36065851e,34889656.07,2027-01-12,58.2,board_approved,1,16.1
6221713f-38be-460c-be5a-77e76be7c8cd,20125420.75,2026-10-16,43.1,revoked,0,201.3
77464d03-20c5-42ac-a03f-3a42f462518b,88565100.25,2027-01-16,85.5,due_diligence_completed,1,41.2
ed2ddf2b-6ba6-47f0-945c-98eec49073ed,48477494.25,2026-12-18,50.8,term_sheet_signed,0,102.0
c1f31060-40f6-4771-b223-2c1f19917692,28029101.48,2027-01-05,42.7,due_diligence_completed,1,43.3
723a509d-d0cd-442b-844f-03bf524d886d,63466409.54,2026-09-28,33.5,due_diligence_completed,0,49.1
900ce78c-ff64-4f1b-a8fe-78421449fbc6,39358267.9,2026-09-22,68.7,due_diligence_completed,1,33.4
e9fb9d1d-130b-4b6e-a71e-79c5f4e36427,40048510.14,2026-08-20,65.0,board_approved,1,11.3
fc5a725c-97e9-49dc-880a-8a63e2eb2a64,184217085.47,2026-12-15,60.1,due_diligence_completed,1,45.7
c4a24ff3-91ab-4515-bcf1-51d5374e039f,38241110.13,2027-02-06,63.9,due_diligence_completed,1,57.0
56cd8596-5070-4a79-b8c6-4ba511ab0f30,29974776.64,2027-01-04,68.5,due_diligence_completed,1,25.8
e7c7bfd9-41c5-43b7-aa4c-2415398bd2e4,19210089.71,2026-11-30,54.4,due_diligence_completed,1,38.3
f5c3eac1-1c0b-421e-a599-39c49efce921,52926811.3,2026-09-26,76.8,term_sheet_signed,0,73.9
8bbf35eb-2405-425c-962a-0addeb86b795,37301907.79,2026-10-08,53.4,due_diligence_completed,0,46.2
af1b55e0-da2b-4964-aea3-62598e700dcd,43739347.65,2026-09-20,54.3,term_sheet_signed,0,58.1
60a09aa4-e25c-4635-a0c0-908f066c7da8,30779337.26,2026-10-29,78.9,board_approved,1,10.6
212972bc-935b-42dd-ae05-57efc22ef91b,81785791.07,2027-02-01,45.3,due_diligence_completed,0,35.9
616ec2dc-31ed-4ca8-9e87-72c204c1f567,40029610.31,2027-02-08,46.3,due_diligence_completed,0,47.4
571196c9-20e3-4410-b8d6-4c4d9bc902c7,14420200.67,2027-03-05,64.1,due_diligence_completed,1,42.8
72fd2257-b21c-4979-b308-3a43601b6c76,35280142.25,2027-01-23,72.1,term_sheet_signed,1,60.3
598a6c03-be28-49b6-bad4-1ebdb5682494,52538389.19,2026-09-27,53.8,term_sheet_signed,0,103.5
cb06ce5a-2a76-4e60-bad3-18b93a7ad1ed,100410565.09,2026-08-28,77.5,term_sheet_signed,1,40.4
86c0d73f-faf6-4960-baf0-a65a91835120,35359425.53,2026-09-21,60.8,term_sheet_signed,0,90.3
301bfda1-a18b-4ac1-a0ad-3c60e70efbca,76386303.25,2027-01-02,85.6,term_sheet_signed,1,46.5
d1af629d-58e4-4ac1-b2f6-5ea8bde5fdca,32242858.42,2026-09-23,100.0,due_diligence_completed,1,40.2
72e93a03-88f5-42d8-a281-6fc2b2e5c0e6,34042123.15,2026-12-21,43.0,term_sheet_signed,0,79.5
0eb4faf0-de43-4f50-9180-a1c7d76d4613,76576353.6,2027-01-14,43.9,term_sheet_signed,0,122.9
2586d2cb-4c7c-4550-9b0b-9d5c818fcfdf,56222570.03,2026-08-22,58.1,due_diligence_completed,1,23.6
3d7091af-29fe-4ce2-9ca3-a5fdb9965d0a,15319077.79,2026-12-09,54.9,board_approved,1,9.4
903203ed-8bde-4d25-b11b-601fbcfd9a41,42211265.83,2027-01-25,64.9,term_sheet_signed,0,66.8
f605ce13-561f-4052-8d6d-aeb8a873077f,41237221.62,2027-01-15,60.2,board_approved,1,20.0
ad165a3c-31b6-4d50-9aa8-a31d4c2d7153,170224416.54,2026-09-19,56.7,due_diligence_completed,1,40.2
a88c8049-e729-497d-8eef-ac718b6bdec6,22240743.69,2026-11-20,51.6,board_approved,0,16.4
f60240bd-3276-4791-a5e4-b43c6ebffad3,22054647.1,2027-03-08,49.2,term_sheet_signed,0,66.6
ac6f9b19-d42b-4ffe-b9b2-e976feb47dd9,101578774.83,2026-10-22,63.9,board_approved,1,20.7
e9f777ca-ef7f-475f-a226-6fcb26961132,41360852.68,2027-01-12,58.1,term_sheet_signed,0,98.9
5b78114d-b1da-41bd-9cef-fe9d2b612d9f,56661488.5,2026-10-22,47.0,due_diligence_completed,1,51.9
87b4e298-67b0-4bf1-aa1e-d2b798530cb0,55923035.83,2026-10-10,56.2,revoked,0,200.4
688c2ee1-9c11-4ecf-8f23-bc933542e71b,43727818.73,2026-11-30,100.0,board_approved,1,9.2
ce1874a3-a108-4483-a13d-c415b0f413ff,24771113.64,2026-12-12,53.0,due_diligence_completed,1,51.4
2dc0735f-8bd8-4f29-a459-618029947907,43816196.15,2026-11-30,60.4,term_sheet_signed,1,76.2
4c98eec0-c851-4ef4-b562-781e66372588,41195884.44,2027-02-25,81.9,revoked,0,155.9
56c11ed3-aaf9-4a54-b7bc-6841e007043a,13681412.02,2026-10-13,24.3,due_diligence_completed,1,71.7
f81c35d9-2060-465c-aaaf-802468d54d41,31335836.36,2026-09-11,62.0,term_sheet_signed,1,74.9
15f53c08-c2f4-4f2f-9baa-cfed3b01f726,33239493.7,2026-10-21,37.9,board_approved,1,15.4
55c2363a-a858-4526-911f-b910ac15e561,30919865.64,2027-02-02,51.6,due_diligence_completed,1,43.1
751ac542-6535-4cc1-82d9-dcf8fe62e4a1,17219758.66,2026-12-03,41.3,term_sheet_signed,1,80.1
46c8a80a-b4df-4771-8326-0fda4033f4d0,44427920.48,2027-01-28,32.2,term_sheet_signed,0,52.9
a1f077e2-afc2-4db2-9f09-7ef513957331,79390316.66,2026-12-12,47.4,board_approved,1,21.8
f0fc78be-959c-43e6-a478-3f7cdf92f0fd,20134153.4,2027-02-22,6.9,board_approved,1,27.5
ab965130-92b0-437c-a5fa-decc37173bb3,20310357.75,2026-09-16,58.9,due_diligence_completed,0,42.4
23a19641-1d55-4d66-817b-08eec76040b7,52451208.82,2027-01-05,81.3,term_sheet_signed,1,55.6
ff87a896-4dcb-4c59-b2c8-2a9feff55c98,19167152.07,2026-11-23,70.8,due_diligence_completed,1,48.3
3928fb77-95d1-4b07-b717-0bc12033abfb,59720816.03,2026-11-21,69.7,board_approved,1,24.6
d849146a-9eb5-4a30-a3b8-ecf215f2b837,11756114.58,2027-02-26,84.9,due_diligence_completed,1,30.6
59cad109-2978-44ba-bec5-8b42469e203e,49606313.83,2026-11-01,66.3,due_diligence_completed,1,40.0
5fa2d81d-063d-4ae3-b38f-3c9fc1a111c1,72100980.21,2027-02-11,69.9,due_diligence_completed,1,21.4
98195306-e830-488b-8d44-7a61ed3d5503,190782718.13,2026-09-28,62.2,term_sheet_signed,0,17.8
997e0236-e2d5-46d7-857d-2a93375d3733,35697948.94,2026-10-09,78.6,board_approved,1,15.5
f7270258-8d31-4982-bbee-42852bed4f90,81263960.91,2026-12-14,37.0,revoked,0,165.2
91590dde-8856-4d0b-9a5a-d3edeb1bb7a6,28541620.31,2026-08-20,29.1,due_diligence_completed,0,77.8
da2cf0df-3bed-4f88-bbd2-86bf4e4f43c7,28089627.3,2027-01-18,16.9,revoked,0,286.7
e5712573-9533-49b3-8659-ba4883c57a78,44578112.99,2026-12-25,88.1,due_diligence_completed,0,48.8
7539a494-a872-49be-82b0-39e87feb0c18,31007997.68,2027-01-12,46.8,due_diligence_completed,1,40.5
75076496-3e29-4654-aabc-38b59f0db6b9,31551983.04,2026-12-23,74.6,term_sheet_signed,1,38.3
4ec2228f-0629-4667-96a7-d1198382a458,28556992.16,2027-02-04,61.5,board_approved,1,20.4
64c1e27e-3086-4e08-8e61-ac73bbd2a097,42006784.62,2026-12-25,44.4,term_sheet_signed,1,62.5
031394cf-019d-4f10-8c01-891d23ddc8bf,18132615.92,2027-02-01,59.2,board_approved,1,19.0
e98cfa05-ef62-40aa-bb8d-74ff6e757b42,40063739.49,2026-10-09,36.3,term_sheet_signed,1,123.3
7ca94cb0-3ca8-4215-b677-8ba5801cbbb1,52202012.68,2026-12-12,36.5,due_diligence_completed,0,52.1
2ac2adfe-297a-481c-8b2a-246ce331c947,32387712.23,2026-12-20,25.7,revoked,0,245.6
130b5164-1205-4a11-80ec-c5860bc95036,50764938.38,2026-11-04,64.3,due_diligence_completed,0,38.3
137bad1f-db44-4eab-9fbe-d2f5ff0ddac1,43367402.28,2027-02-20,94.9,due_diligence_completed,1,33.7
0f2747dc-7b4f-41b0-a4bd-5b9116207ad5,45136740.34,2026-12-18,51.3,term_sheet_signed,0,71.7
7102d7a3-aab2-4334-9b9b-5ca181d01d49,56543282.6,2026-10-25,62.2,term_sheet_signed,0,34.6
90caa769-2736-4b1d-9bd6-b67621fd950b,21945246.86,2027-01-19,62.4,due_diligence_completed,1,27.1
362bf8bc-ca8d-4ea0-aee4-b35b32da6568,10207986.43,2026-12-19,58.9,board_approved,1,17.0
61b79b0f-88b7-4d4e-b035-c61f83f8821d,36898096.62,2026-12-09,45.2,due_diligence_completed,1,24.8
28cd0e29-1d6f-46ab-99f5-84eacd3dad4f,25670139.58,2027-02-24,55.1,due_diligence_completed,1,52.0
79738366-7613-46d7-b09b-fc72c58de190,28058736.38,2026-11-20,62.7,due_diligence_completed,0,30.1
8321c5f7-8b7d-4acc-bc26-b0fadb8fc94f,45863829.49,2026-12-22,60.2,due_diligence_completed,0,41.3
5540ae8d-8b9b-4aa5-b4e8-16ff73dd88fc,39675269.45,2027-01-11,26.7,board_approved,1,16.8
aad49fcb-c83d-479d-a5fa-cb0f41c251b5,19190350.34,2026-12-04,49.1,board_approved,1,24.7
5ab1303c-1459-43eb-95aa-4d5fd4ab0a8b,56858383.98,2027-01-17,30.5,board_approved,1,30.7
c0392d15-349a-4028-a88a-88611080f4af,21571474.72,2027-01-06,66.0,board_approved,1,12.3
5314ea27-65d7-4c16-af1e-b44de5a32e77,24278497.84,2026-10-01,68.4,board_approved,1,27.8
dfde8eb2-e1a7-46ce-99ff-b3ce9de553b9,30734685.89,2026-11-03,71.0,board_approved,1,10.9
acee5826-4db5-44ec-8852-2fc7ebefbdf6,117200730.28,2026-10-26,60.9,term_sheet_signed,0,65.2
e9df9497-37d8-4567-92f2-5654add2e0bb,35934021.55,2026-08-28,55.2,revoked,0,148.6
b80e7cdb-dfb3-4a47-b32c-ab1e5fa12b37,21996347.33,2027-02-13,47.4,board_approved,0,16.3
57b45309-f524-4264-9769-cca12685fb20,38690354.55,2026-11-07,51.0,term_sheet_signed,0,54.8
765b2189-dc78-4d66-a113-1f26b338049f,43015871.81,2027-02-04,81.3,term_sheet_signed,0,59.0
2184fcbb-d6a2-423c-998b-0ba60f6237c0,31320624.82,2026-12-09,57.2,board_approved,1,15.5
774dd675-662d-453a-b049-cc410f8a6722,76686500.74,2026-09-13,79.8,due_diligence_completed,1,32.2
5dd75a33-5b51-4916-8ff0-c620160d7d1a,43457931.3,2027-01-23,76.2,term_sheet_signed,0,71.7
4dcd3366-9ff7-45e6-9887-f95f9b0b3ab9,39783117.85,2027-02-27,87.3,term_sheet_signed,1,54.9
3bf7e7d8-8041-43cc-b0ba-b7364cee4449,70402172.46,2026-10-11,51.5,revoked,0,160.3
afabe075-75ef-4617-8be4-50899709f1f9,65236138.84,2026-12-13,42.5,term_sheet_signed,0,61.3
20a64510-2f15-43b8-b65c-ff462e922af3,49100802.36,2026-11-19,49.0,board_approved,1,18.3
9733210f-1a6f-4392-bf2c-e31979c75058,40403809.05,2026-11-24,60.5,due_diligence_completed,1,33.1
50724ae6-1a76-40f5-8914-b4c26514e2b5,23141079.97,2026-10-16,54.2,due_diligence_completed,1,44.9
1a6429f1-f648-4b83-a37b-1ab72e67e874,13234678.2,2027-01-29,86.8,term_sheet_signed,0,45.6
2b594472-9a0f-431d-9049-c31c85be7522,22889740.97,2027-01-11,48.2,term_sheet_signed,0,111.0
13badfa2-5f0e-40a4-b511-23f2b5d5f301,41210133.84,2026-09-15,66.7,board_approved,1,8.5
2d72a8b0-1c06-4a12-9289-7c90fce1cd15,9688223.05,2027-02-08,45.5,due_diligence_completed,1,67.6
cc3539c3-7cee-4d26-a08d-67149a263f85,81752203.23,2027-02-20,75.8,term_sheet_signed,0,65.3
7c73a1f9-7320-4c7c-9b4e-a573184237f9,68627547.19,2027-01-20,45.7,term_sheet_signed,0,84.0
f9a803e8-7658-459f-b9e4-9e24d33f6569,30758843.41,2027-03-13,100.0,due_diligence_completed,1,32.6
7118a948-2a1d-4ff4-85e9-5fb91d1ee0e3,44490726.16,2027-03-02,35.5,board_approved,1,22.5
e16842d1-1f6d-4793-9429-eed90d59c40a,82824097.86,2027-01-27,67.6,board_approved,1,14.2
fde24bbf-196a-462b-a3ad-da1813a0195a,35622370.34,2026-09-01,59.2,board_approved,1,24.6
e4d5a459-538d-4f17-a7a1-bb71f06780e1,40130452.54,2027-01-04,88.5,board_approved,1,17.5
188a1f96-4468-4173-aff1-26108a98d244,126657831.3,2027-03-14,67.3,board_approved,1,22.0
ebdf1c27-d1c4-4b1d-8b78-b26410f21a82,44539510.55,2026-09-20,66.1,board_approved,1,21.5
6427288d-8eb8-46ee-9282-16c10e410d4a,35660467.19,2026-09-29,64.9,due_diligence_completed,1,54.2
0bcf7f19-8510-4f12-b445-581dec2b5606,64194605.28,2026-11-22,32.1,term_sheet_signed,0,43.0
09cb0986-fc9f-4286-8103-fb0b4e55ea5a,52885077.94,2027-01-02,63.2,board_approved,1,12.0
80b7fea6-2c8b-47d7-be83-5196b874f495,18560723.85,2026-10-21,54.6,due_diligence_completed,1,38.7
ff9235c7-13f7-4dcc-adba-b6a3328e32d9,50227825.94,2026-09-04,63.1,board_approved,1,16.8
4fcdc948-5361-43d2-b265-5af8fce12bec,9273447.94,2027-01-20,64.7,term_sheet_signed,0,70.9
0493f7ec-88ba-4397-b00a-61cae8dc8284,32951129.41,2026-12-24,34.3,due_diligence_completed,0,58.4
6999f349-a7e9-4537-8fe2-56b898f45013,54876100.12,2027-02-01,41.4,revoked,0,161.5
9453cd91-00af-4a6d-be86-0901ab89b21a,61419793.79,2026-09-28,79.0,due_diligence_completed,1,35.0
0ab9551f-7397-4700-9546-e4656b82e139,44041260.92,2026-08-22,47.0,term_sheet_signed,0,68.1
1d94618f-4214-424b-8f85-62be36dc9ec8,50574403.8,2026-09-25,83.7,term_sheet_signed,1,49.3
d71d3e4d-c097-4ed1-b645-562d8b1206aa,25062916.18,2026-11-26,74.3,revoked,0,95.3
d7ed8e58-6e24-491a-adf8-c30c5d8fd6dd,30689098.2,2026-11-12,30.0,due_diligence_completed,1,51.5
fbdd24f8-3a96-4f84-b46d-3a71071a39a7,15047135.79,2027-03-04,73.5,term_sheet_signed,1,66.2
94b945e2-aa8f-43a1-87d5-ad113ddd5ae2,39286059.04,2027-03-07,76.0,board_approved,1,14.0
e4000f9e-d651-44cc-8f07-7f7037e6a413,26105498.73,2026-11-11,83.7,due_diligence_completed,1,35.4
336284f3-61a3-496b-81ed-7917ad954ff7,32388685.08,2027-02-07,25.5,board_approved,1,22.7
bbfa7252-ecef-4399-a670-03959a363cc6,51798683.69,2027-01-10,17.4,board_approved,1,19.9
b3aae6aa-4b35-4551-8d73-d26e8f097546,21089951.29,2027-01-16,63.4,term_sheet_signed,0,89.6
1977a3fd-97ae-4518-a672-fa2e9b94cb17,35799767.54,2027-02-13,42.6,term_sheet_signed,0,54.3
bdf89790-1f54-4ab7-9c76-83b3e8241c08,56352375.59,2027-02-28,96.2,term_sheet_signed,1,57.5
69227330-5ad7-42cb-b5ed-45922bb1b80c,99319943.5,2026-10-15,48.7,revoked,0,226.1
fb8d2a41-a33b-4050-87e2-8bdd63d99d3e,17918455.78,2026-12-29,73.7,revoked,0,139.3
2803468a-74cd-4c20-b14c-88ae5803f049,18568591.22,2026-08-27,64.5,board_approved,1,14.6
d67b1fab-c417-43a9-8d8c-48d981c737c6,22750274.3,2027-02-21,99.7,term_sheet_signed,1,37.7
a023d020-cabc-4002-a40d-b8ba861ad511,23260427.2,2026-09-27,59.2,revoked,0,151.6
56fb15a8-06b6-478d-911f-0c717412d867,55423743.53,2026-12-10,100.0,board_approved,1,11.7
229d145f-0878-498e-8d8d-38b5dcb960a8,59865593.98,2027-01-26,74.7,board_approved,1,22.2
9f3da942-74fb-41f4-8172-ffbc011c2974,47570253.68,2026-09-20,75.5,term_sheet_signed,0,61.0
eeef5ec7-0d06-4446-8fbb-ebb3d422f568,66004296.83,2026-10-02,57.1,due_diligence_completed,1,47.8
8ce8b433-bebf-445e-87f3-22c8ea37fabc,48050581.82,2026-10-12,75.6,term_sheet_signed,0,59.9
b1346c0c-3630-495f-b931-3f003ad13d9a,20945405.17,2026-12-31,34.8,term_sheet_signed,0,125.5
e1e88b57-8a05-4dbb-93e5-cb9b63b8aa5d,46552033.48,2026-12-17,69.9,term_sheet_signed,0,68.7
7221a6fe-17e0-4ebf-aaa1-00b1ce312354,14698218.56,2026-12-29,52.8,board_approved,1,24.1
7b688ee4-2eca-4ac5-8b9c-08a514d44fd8,56412226.09,2027-02-10,81.8,due_diligence_completed,1,30.7
d1e4affb-b68d-4c29-ac2a-089de455c3fa,33928050.07,2026-11-06,30.6,board_approved,1,31.9
734cfb88-d64e-4afe-aeb0-29dc53011554,16791427.31,2027-03-08,42.7,revoked,0,251.1
37a20e55-8e1b-4a06-8d7c-4ddd5e949ef1,35723694.23,2027-02-21,70.8,board_approved,1,10.5
234349a3-77f1-4b96-afb1-7fd4def41fbf,64118237.5,2026-12-31,37.8,revoked,0,208.5
52cabf84-42fc-4098-9717-c973d007c6d2,52405113.27,2027-02-18,65.1,term_sheet_signed,0,92.2
9399fe74-8f14-4b0a-aa3e-3c42fb94615b,42109483.13,2026-09-24,94.3,term_sheet_signed,1,61.0
fafc83ab-2248-4c5b-b4d0-89973d45ef83,53860241.36,2027-02-04,63.6,term_sheet_signed,1,76.0
fcc62e56-7edb-42cd-8e99-7c1a1257c4f0,6808397.94,2027-02-09,59.5,term_sheet_signed,0,65.4
13ef51ba-acff-46aa-939d-0cf71ef7a13d,32544939.91,2026-12-19,37.5,revoked,0,175.4
098c8006-2a99-4606-9a6f-5a7d3fe24768,134653862.81,2026-09-13,70.6,board_approved,1,22.4
c7a1a773-2b58-4273-bfa1-82067e154c87,51438086.71,2026-12-12,62.1,term_sheet_signed,1,62.2
7821c88c-fca7-408d-8b47-2194a7b5bb24,41468562.24,2026-09-04,81.8,due_diligence_completed,1,33.7
08546cea-271e-4bc4-8aaf-bf1592a6fd79,46420042.15,2026-10-01,61.5,due_diligence_completed,0,44.4
f09b75d0-7aa5-497d-a03b-bface2f00624,19367013.17,2026-08-26,65.1,term_sheet_signed,1,75.2
4707f7d2-d952-4be9-afbe-7cd28cda2c36,55422938.61,2026-12-29,54.6,due_diligence_completed,1,41.6
eb12c90d-3181-40f8-af1f-de058a4adc56,91169488.25,2026-09-29,84.0,term_sheet_signed,1,94.9
d7a7e544-99d0-4779-bdab-77e4bff7d16a,63147239.55,2026-10-20,100.0,revoked,0,128.8
85b0da99-01c9-40df-b633-c9ae72d7be2f,20740208.5,2026-11-20,88.5,due_diligence_completed,1,16.1
53d5b13f-9e37-4c21-b4e0-f4551ef11315,35783598.86,2027-03-06,79.7,due_diligence_completed,1,35.0
9649acb5-f1e8-48e9-861d-ff316ab8c3a0,16790628.78,2026-10-24,94.4,due_diligence_completed,1,39.6
49e488d6-cdcb-4715-aa86-9453aba6cb16,46996764.86,2026-10-19,63.6,term_sheet_signed,0,51.1
d0056cdf-ea9e-4cd1-8344-b589bfb50015,26032657.64,2026-12-24,62.0,term_sheet_signed,1,68.0
4d3f8294-bd15-4f1c-8066-afe1c0bcdbba,105438510.11,2027-01-30,58.5,revoked,0,199.0
4625615b-047f-48be-85f3-e69de6396c5f,24916661.41,2027-02-13,71.8,due_diligence_completed,1,22.6
769aead9-08a9-45d0-bab4-59db9a511555,55475650.3,2026-11-16,61.8,term_sheet_signed,1,84.6
2662f3af-2377-4b80-bc63-fa66265386d6,122116294.66,2027-01-22,72.0,due_diligence_completed,0,59.7
e771487e-0585-45ca-8ecb-7586f328a52a,23301455.15,2026-10-28,51.3,term_sheet_signed,0,38.0
469b8525-e322-4baf-ba02-fbd32d7996c1,20901924.84,2026-10-29,54.7,board_approved,1,18.4
8ac94b7b-17dd-4d47-b91b-6034df72f2f1,49281754.73,2027-02-01,53.5,due_diligence_completed,1,36.3
d4199e8c-91c5-4acb-9d69-cd8ac1d99fdf,20101831.05,2027-01-18,59.0,due_diligence_completed,1,48.7
32ef851a-16b8-4ecc-bcd3-9f7055859dae,59772944.11,2026-08-29,55.4,term_sheet_signed,0,55.4
529edccd-62ac-4fbe-acad-8b7d12a23ee0,43923101.77,2026-11-02,90.0,term_sheet_signed,0,79.0
787d5ee3-37ef-4628-93e7-0b666d916e86,152220386.88,2027-02-08,87.0,board_approved,1,11.6
3aff74b5-6762-4624-a727-2b4baff9ebb7,24529033.49,2027-01-31,55.0,term_sheet_signed,0,78.5
cb325277-5daf-4166-aa96-5b07785c1bae,28159585.49,2027-01-16,50.8,term_sheet_signed,1,43.4
1419363e-a9ca-4bf2-9a59-5d64558fbd61,34332908.95,2026-08-19,34.4,board_approved,1,19.8
d6bae418-55a1-49ab-9f54-5065571d523d,86681847.44,2026-11-09,60.6,term_sheet_signed,0,83.2
b5be20b8-25bf-4653-83aa-581d81a1a8e6,24359457.64,2026-11-05,78.5,due_diligence_completed,1,36.3
c7bc98f8-cba3-4f49-a16f-369e530bae07,28113295.81,2026-12-04,34.4,due_diligence_completed,1,39.9
cd0821f0-4489-43d9-9316-b5af932697de,31883846.1,2026-09-11,22.3,board_approved,1,27.4
22c0cf73-b6bb-48d2-acc3-31831005f687,46093921.06,2026-09-26,61.2,due_diligence_completed,1,59.0
e915566e-f94f-40d9-b2e2-69c9aff0ccff,188462857.24,2027-03-14,63.3,revoked,0,126.5
2c98c829-e0d5-4a10-98d2-f7db54ffced2,159449837.25,2026-10-29,55.6,due_diligence_completed,0,34.1
d2b8d46e-171b-4843-b703-efaafc8434ed,72448103.45,2027-01-07,82.8,due_diligence_completed,1,19.2
1a915e9f-7c00-406b-b072-14fd48d57c50,60206129.9,2026-12-22,94.4,due_diligence_completed,1,48.4
9010e7e0-b68c-4ef4-8e00-9ed5e190a15c,39407115.08,2026-11-02,59.3,term_sheet_signed,0,65.8
584b74b6-b95c-4f66-b152-eaace3dc54a5,14166699.72,2027-02-11,30.2,due_diligence_completed,0,30.7
a1e13141-f4f0-4835-b51e-5437c99086fa,112944820.59,2026-10-01,45.4,term_sheet_signed,0,46.9
6e83baed-22bd-4b87-9647-a58673392eee,23123717.95,2026-11-27,88.0,due_diligence_completed,1,26.9
91235c11-abde-49f7-87a0-d370d6ad84c2,32254565.74,2027-02-24,62.2,term_sheet_signed,1,59.4
1be9f40e-88b2-422b-9f91-d99f0e9ab4bc,32721261.5,2027-03-10,55.8,due_diligence_completed,1,36.8
c4240af5-d385-4695-bd6a-cc108785e334,61373816.33,2026-12-17,37.2,due_diligence_completed,1,51.4
8c4aef85-bbbb-4738-923a-14eb44d51897,39688335.72,2027-01-15,53.0,board_approved,1,21.3
0ec67883-0461-452a-8894-4e769359ea74,47059062.4,2027-01-17,100.0,due_diligence_completed,1,40.7
6590afac-36a0-4521-ac0e-5141afcb34c5,96259157.7,2026-10-01,100.0,board_approved,1,16.5
26dd3fd9-159a-4161-bd1d-756c3d0a7a32,59744690.84,2026-12-31,60.1,term_sheet_signed,0,86.2
e84684b3-e3b3-4b45-a4f0-d62761182b5d,31991722.52,2027-01-01,100.0,term_sheet_signed,1,33.9
870f2737-b04a-4bd7-a222-bbd5ba7fbb10,43812709.25,2027-02-11,58.5,due_diligence_completed,1,37.9
4cc92719-cbbd-4431-87f2-153e56b8d7f9,37564576.48,2026-10-24,69.4,term_sheet_signed,1,71.9
6fb15554-0646-4e4f-b31a-6b81d74d1778,15752667.0,2026-12-11,30.8,due_diligence_completed,0,68.7
e8e9a536-4410-46ff-ba0d-e6c2eb2fab2b,40052667.77,2026-09-19,46.5,term_sheet_signed,0,51.5
da1ec238-1c6e-45e0-a83b-3fc51dcd6e89,65952623.74,2026-10-09,86.5,term_sheet_signed,0,54.0
a99c67d8-3221-4385-8502-b010c4495b01,41772623.67,2026-12-17,48.6,revoked,0,221.4
3656d6c1-c585-47bd-9df1-a7da3425abe9,28614245.54,2026-10-02,46.9,due_diligence_completed,1,27.9
61c74335-f785-4a78-b028-57f434e00901,17397386.7,2026-11-18,76.3,due_diligence_completed,1,45.3
6255d859-2cb2-4cb8-8413-0df1e94e52fa,106934400.0,2026-12-14,54.6,term_sheet_signed,0,38.8
89c5921b-2d18-42d1-83c2-c29999950c80,60296472.33,2026-10-02,45.0,term_sheet_signed,0,76.2
cac16acc-dbad-4fe1-bbe3-729fdaca9fc5,28335667.24,2026-10-28,60.1,term_sheet_signed,1,49.8
61556260-e814-466d-9f4b-d4e29f1365f7,15098118.56,2027-01-09,63.5,term_sheet_signed,0,65.9
490fdb11-48c4-44e6-98a4-5543b1adb9de,48493743.39,2026-10-11,75.3,due_diligence_completed,0,35.4
a9b659fd-afe5-43eb-9d1c-2e15c9ce1af0,54004614.51,2027-03-04,62.5,due_diligence_completed,1,54.6
add08d7d-3683-448e-8f8c-f0be018a3599,27105298.24,2027-01-15,51.1,board_approved,1,16.1
9174fa22-6949-472e-a041-f4b2e31953bc,15719968.57,2027-01-27,17.4,term_sheet_signed,0,74.9
f5db22fe-7966-4327-b993-559208e96930,38653395.71,2026-10-10,68.1,board_approved,1,17.9
820e4904-ebdb-4f19-8a69-0faf0eb7d709,46947625.7,2027-01-14,91.2,due_diligence_completed,1,25.8
011f68d7-b42d-412d-9630-0007af5b6d40,106008756.98,2027-01-29,85.6,term_sheet_signed,1,54.5
b74a655b-92c5-4738-83d1-30f7158f709c,41082549.24,2026-10-29,40.4,term_sheet_signed,1,62.2
cfad4eff-6275-4ba2-9f40-cbe8e065f115,93179296.42,2027-02-23,45.7,term_sheet_signed,0,79.1
b428fa17-9b1a-4249-a605-bce8e650cfc5,39866534.2,2027-03-14,48.0,due_diligence_completed,1,44.4
30aea349-16c9-4e40-ada0-42a8947508e3,35542764.47,2026-10-24,51.9,due_diligence_completed,0,41.0
d6188d10-6894-4a0d-97a4-134a7512fcec,13763880.76,2026-10-21,75.2,revoked,0,175.5
f17ad926-797b-49e5-af00-28010cfbd062,26040524.16,2027-02-24,74.5,board_approved,1,12.7
35cdfef0-4ab0-4b2d-a93e-fe9c8bc1d3b0,28056833.67,2026-12-08,74.0,due_diligence_completed,1,15.7
f4d1a39c-d17a-4f01-bab7-c4e0d41ec0fb,35942005.05,2026-10-11,83.3,due_diligence_completed,1,30.1
eca4282f-f7ea-45c8-bf1d-a27210b441de,75101029.39,2026-10-29,39.8,board_approved,1,18.8
d0adb99a-0c4e-4ed4-b955-a622dd2acbc2,81330325.08,2026-12-18,27.4,board_approved,0,15.3
afff53e1-f495-4f2c-a62b-38da67fae081,19429893.9,2027-02-09,59.4,term_sheet_signed,0,67.9
6abd0c47-602f-4f76-b02a-c1bbdf6a7720,67331748.64,2026-09-07,71.8,term_sheet_signed,1,66.1
2b6236c4-84ca-479e-9b5b-4212eef34904,35072609.22,2027-01-04,58.3,term_sheet_signed,0,17.5
e5d46c9c-6c09-4e52-8b58-a5c7458fba39,16344894.24,2026-08-21,66.6,board_approved,1,16.0
1003a339-b5e0-4e10-b5b5-a7d1b9ee5670,54962312.64,2027-02-22,44.6,board_approved,1,15.0
b6ec9382-ea62-4851-9d48-59cb12e4bd03,36452046.71,2026-10-10,56.4,term_sheet_signed,0,60.1
49467c8f-1175-41d0-bc6a-8a764b05037c,15794517.41,2026-11-01,66.1,board_approved,1,14.7
a7c1c0e5-e941-4720-b807-c9ea266641a8,51071083.49,2027-01-14,70.9,due_diligence_completed,0,38.3
7ed84fe2-7e0c-4775-854c-cab64c2bd0f9,9927628.58,2027-03-02,59.3,term_sheet_signed,1,91.9
70ea858b-65ab-4d7b-986b-9f6d71fbc5f0,23086394.2,2027-02-26,52.9,board_approved,1,20.6
d00dc0e9-4442-4cb0-8baa-f9610fa7f800,35645795.8,2027-01-23,90.9,board_approved,1,9.9
cbe5023d-b87e-4285-988b-3a783166b7c0,31843013.94,2027-02-24,63.5,term_sheet_signed,0,74.5
a7b4f213-f490-4845-b834-b8409253932d,79122810.77,2027-01-26,62.9,revoked,0,234.5
d703ea6e-1dc5-4857-b794-6fd84e733207,35262684.19,2027-02-06,55.9,term_sheet_signed,0,86.7
1a375d1f-e961-4eff-9d25-83144aec5e51,28402880.21,2027-02-23,77.5,term_sheet_signed,1,78.5
dd12fa01-98a9-469f-9f18-fc87532c375f,61098263.28,2026-10-21,62.7,term_sheet_signed,1,72.7
96401be7-cf92-4b63-8d15-750c164a20db,52944277.57,2026-09-19,33.4,board_approved,1,19.6
474a199d-dbd0-47d9-b1c2-07a2c422720f,41847073.46,2026-08-29,45.4,term_sheet_signed,1,61.3
b064c3d4-1544-4826-8277-fb769d39b21a,157161520.09,2026-11-11,44.7,due_diligence_completed,1,32.8
03e1edf1-09a6-40e6-93e7-c15a0b490edd,31155738.58,2026-12-09,83.0,term_sheet_signed,1,73.0
096c9f1b-73cc-4841-8858-a98714145168,69813615.65,2026-08-30,73.1,term_sheet_signed,0,103.3
b1c518f3-ee63-4d1b-8d67-2286344146c5,34155356.96,2026-12-02,43.6,board_approved,1,30.1
6f4f94bb-e719-41a4-9277-d50f4d6934d9,26522159.69,2026-11-13,44.1,board_approved,1,16.7
ed98055c-c990-4ff4-9a7f-f525f1bfe7ed,37247712.86,2027-03-14,55.1,term_sheet_signed,1,42.5
83d6d9fc-883d-4ab1-ad26-db29fb66ecdb,33376113.84,2026-12-08,38.1,due_diligence_completed,1,40.5
e615f2b8-37a1-45b2-9b96-21584902ca13,34903848.26,2026-10-22,64.4,due_diligence_completed,1,32.2
cf0eb9d2-e494-4b1f-b732-85d1ae437573,29793531.46,2027-02-11,55.9,revoked,0,181.3
ba07393e-88a7-4369-923b-d74218005270,20042345.7,2027-02-26,58.7,board_approved,1,16.7
1d8ee16b-403d-468a-ae9e-16efc49ef3e1,85880211.15,2027-03-04,47.9,board_approved,0,27.3
9ebf1be0-ac6f-4f8c-b2e9-937c9a937edc,92248582.19,2026-09-30,54.1,revoked,0,305.8
28c2850f-94ac-4fe6-b62d-a0411d73d849,33886109.21,2026-10-01,66.9,term_sheet_signed,1,99.5
fe3c9e77-3c1c-40f0-8fd9-f65e9bd92495,24709419.71,2026-11-30,27.2,term_sheet_signed,1,50.9
7baa64a8-3add-4afc-868f-89d31fa20dec,133369514.71,2027-01-07,70.5,term_sheet_signed,1,71.7
ef1b8d04-a396-4d05-917d-86664ab05a40,30218291.18,2026-09-03,70.8,term_sheet_signed,1,56.3
35872e05-3d0e-4e96-94e3-009014d3410c,11060410.19,2027-02-05,63.5,board_approved,1,18.5
6ec9d12a-81a0-43ca-8499-6c2404f5af3b,44517464.07,2026-11-10,92.5,board_approved,1,8.1
e02cc8b4-085e-4c86-b9d7-6ca7c69ec79b,66993233.94,2027-01-30,42.6,revoked,0,128.2
5e5699bb-e54c-4e85-be39-7565d21bc8df,73399200.06,2026-09-26,85.9,due_diligence_completed,0,27.8
1654b9c8-1eb6-4816-9b92-b6cfed73d2cd,51033660.06,2026-11-22,70.5,term_sheet_signed,1,60.8
f594068f-23fe-4cec-8ba4-6641ffd77853,43477762.21,2026-12-11,63.0,term_sheet_signed,1,50.9
bf69ff44-30b8-412f-9ea1-368b714171a1,57606888.6,2026-08-30,61.0,term_sheet_signed,0,71.5
f77fbd58-5709-4000-a682-7389053e1f1b,16744581.28,2027-02-08,52.5,due_diligence_completed,1,45.7
336c2f5d-1760-4637-b4ad-0f5fd1df7611,116625400.73,2026-11-28,34.7,board_approved,1,20.3
9f98e182-9c1c-4baf-8fc7-eec45056a743,20561647.58,2026-12-31,81.5,board_approved,1,13.7
9e668c83-1be1-4302-ab5f-bc1fa488a50a,102815638.54,2026-09-20,56.3,term_sheet_signed,1,72.5
4b6b3fcc-58e7-4163-bc83-8607a2aa72d7,77087916.42,2027-02-04,73.2,due_diligence_completed,1,39.5
7be09ed0-bcd0-482f-bb53-cfa7a8c72840,56149292.38,2026-10-02,45.9,revoked,0,215.5
03ff7c42-2158-4ed2-b158-9e09e341d8ba,34058291.99,2026-11-18,44.2,due_diligence_completed,1,45.4
8fe5498b-bd0a-4a05-9779-129a63a64473,47393151.78,2026-11-07,80.2,revoked,0,130.0
e984e265-c4dd-485b-ac4b-92a4730fdc7c,42640530.15,2027-01-01,39.8,due_diligence_completed,1,44.0
35f02a7b-ecbd-457f-91a4-73d4819f1343,28691084.81,2027-01-31,44.3,board_approved,1,27.5
a3f3cc35-bcb7-45a6-b23e-9a7b8ad41ca4,42464323.16,2026-10-21,49.5,term_sheet_signed,0,68.7
37f86c86-271a-456a-922c-bf28dba6a63d,80420701.25,2026-10-11,34.6,board_approved,0,21.6
d8ae378e-f127-4332-bf1b-b9702163faf3,14650673.11,2026-11-06,35.4,term_sheet_signed,1,93.5
07aa51e7-6c7b-453b-8265-f8450f5936e9,23081934.51,2026-11-06,29.0,due_diligence_completed,0,46.3
4310ee69-0539-4864-ba99-444d2e955259,84271363.09,2026-09-10,80.7,term_sheet_signed,1,36.3
da2d34a6-a533-48d2-ad6b-59f4968ba6f6,30327979.82,2027-01-01,74.0,due_diligence_completed,1,40.5
9cbd9a36-05ee-4a5b-a860-977a80ab3b26,75271337.48,2027-03-12,80.9,due_diligence_completed,0,35.8
0d8017e7-928f-44b5-83f8-521d6ccedc4a,96307962.08,2026-12-05,29.9,revoked,0,204.8
f3d89404-d343-499e-9340-f10c807bd141,13218386.29,2027-03-15,47.4,term_sheet_signed,1,51.8
5bf175d3-a92c-4836-9323-b72b6ed08ed8,50187633.36,2026-10-22,64.1,term_sheet_signed,1,78.6
2fb8c5a9-a8a8-4848-a6a4-0e821df05295,47514530.83,2026-12-21,44.2,revoked,0,287.8
573e5456-7bbf-4eb2-a6b3-3f51fca867d1,18050346.81,2026-12-09,53.1,board_approved,1,19.7
8e9bd2ea-32d8-4c0d-aa17-6cc4f674cf79,45632950.38,2026-12-08,82.9,board_approved,1,15.5
8680a811-b32c-4665-b26c-5aaf9fa8684b,20110195.1,2026-11-29,78.2,board_approved,1,18.6
6fd7b25e-4f99-4dd3-9d1b-a8b4485df996,62424972.5,2027-03-05,39.0,due_diligence_completed,0,63.6
6fba0da7-7dc9-4192-9e6c-dc06ad246d7c,28992681.07,2026-09-23,37.4,term_sheet_signed,0,83.9
e31d70e0-9b8d-4857-8d34-b19e9a4aa623,17252101.36,2026-10-09,37.1,due_diligence_completed,0,52.0
9e4e9f34-d1ba-44c1-9299-b59511daebe0,27471193.69,2027-01-24,65.4,due_diligence_completed,1,66.8
fb52aed2-3c06-479b-aacf-50eb1e6b2a97,29092092.26,2026-09-10,54.2,term_sheet_signed,0,92.6
5337440c-a3e1-4d9a-862f-1df26678cca6,16868784.32,2026-12-03,49.1,term_sheet_signed,1,83.8
8220e7c5-95ea-4e7b-a026-3bd88a9db685,41944835.94,2026-10-06,73.8,term_sheet_signed,1,70.2
1e12f8ab-b612-4bff-bcdf-f481ae525639,18989422.24,2026-10-08,18.2,due_diligence_completed,0,53.4
0f40b9f2-47a3-4cc0-8983-361e4dec5bac,36087551.52,2026-11-22,97.6,term_sheet_signed,0,27.4
254644da-b72d-4f73-a64d-da70f00712e8,234977612.5,2026-10-13,49.0,due_diligence_completed,1,69.1
381e900a-6d9f-417f-b6b1-1b7e3fc7ef60,45776722.3,2026-12-21,39.4,board_approved,1,20.1
6584e2b5-702d-4b5c-ac49-f60ae378caca,56956769.05,2026-11-22,76.3,board_approved,1,11.9
69ca2e47-168c-4b3e-9b4f-8814d7d5f7c9,12921064.92,2027-01-17,63.5,term_sheet_signed,1,67.2
be79e327-cfd6-4816-aa3a-03ce7ea8795d,33028857.0,2027-02-24,53.3,board_approved,1,20.7
ae04ba99-6794-4fd5-b360-694037c4e1cf,12937622.4,2026-10-12,57.6,due_diligence_completed,1,35.9
aad392b9-f647-43ee-a951-5e183d6210d0,41602079.77,2026-11-30,38.9,term_sheet_signed,0,98.6
43372cfd-05e7-4026-9e65-f671386d9782,11669340.17,2027-01-25,94.6,revoked,0,80.3
8f56d8e0-0012-4252-8af7-f174eeb54968,29695076.06,2027-01-10,46.1,due_diligence_completed,0,50.4
f5ccf2f0-e958-4fd2-8374-21cb932adfc7,39855769.13,2027-02-09,34.8,due_diligence_completed,0,48.8
52354f13-7878-4ba0-a2c0-a0ceb5241e39,70533995.06,2026-09-16,17.0,revoked,0,170.8
eb8b79ca-7f5a-4c96-8af3-39beae897271,22370897.82,2026-09-23,31.2,due_diligence_completed,1,34.9
814ae6df-5aba-439d-9713-9c09bfea17cd,151061164.17,2027-01-21,55.1,term_sheet_signed,1,75.7
e63ea6eb-bb8b-4457-8447-60eb5b4d0e35,42167124.64,2027-03-06,39.4,due_diligence_completed,1,49.0
ef527225-1960-434a-abed-232bea7516f9,24026307.94,2026-12-04,16.4,board_approved,1,29.5
dbcee874-608c-49cd-aa6c-4b76e81305fe,12610814.19,2027-01-08,84.7,term_sheet_signed,1,75.2
c68c1a6d-fee4-4c25-9b71-558d8afc03ba,44804062.7,2027-02-10,100.0,term_sheet_signed,1,57.5
1a824398-7d4f-4d97-867b-0a85f9230551,55326713.78,2027-02-23,83.3,term_sheet_signed,1,82.6
d2515186-39c1-46a7-93a9-b24c764c4f22,36352478.78,2026-12-23,43.4,due_diligence_completed,0,42.5
7dc57353-0258-4cf8-a445-dfc1ea75d69c,21010247.43,2026-08-18,60.7,due_diligence_completed,1,44.6
ede5aa16-c7ff-4c7b-afe4-44c4b38480f6,13756893.26,2026-09-23,40.1,term_sheet_signed,0,87.9
4a0fd482-5570-4023-941c-173bfa0785a8,18082567.85,2027-02-12,54.8,term_sheet_signed,0,79.7
3ad755dd-f413-4496-b264-1ecf9d2c56da,71061425.39,2027-01-04,76.5,board_approved,1,9.0
c352d71a-34a2-49f5-81f0-5fac207f1c91,24993035.62,2026-09-11,58.0,revoked,0,193.7
2b553cdb-a791-41b5-a2ef-53751a2e46aa,39757795.32,2027-03-13,50.2,board_approved,0,26.2
7208b921-87da-456e-a3b8-1b6961e96070,90050167.24,2027-01-19,76.1,term_sheet_signed,0,58.5
3397c41d-270d-4374-8b33-8eccd32cf3fc,10516614.6,2026-11-10,72.7,term_sheet_signed,0,55.4
dec6cb10-7a15-4895-b378-4a9c3fbb8485,14015498.93,2027-01-31,68.2,term_sheet_signed,0,70.3
60d1753a-4256-4f26-aafb-4e66537db3d9,97716362.1,2026-11-08,71.5,term_sheet_signed,0,65.7
c35bbcac-e7fe-43c5-bba6-8272adee2a42,68960363.29,2027-02-26,100.0,term_sheet_signed,1,58.2
68682d77-e374-462e-8e7a-eb5dba0bb36a,145997856.62,2026-11-30,60.4,due_diligence_completed,1,54.4
6ddc5a5c-ad94-4faf-b571-fa262daa24cc,35569865.19,2026-12-21,30.4,term_sheet_signed,0,95.9
8041c020-5ef4-432a-8a47-00b07602b725,96263978.15,2026-12-06,39.6,term_sheet_signed,0,111.3
0444264c-ad1a-4f42-8458-f7bbe443824f,60741413.56,2026-12-27,59.3,term_sheet_signed,0,73.1
dcdcb279-ffe9-46f6-b094-d1734f6557d6,42989794.27,2026-10-07,30.8,due_diligence_completed,1,47.1
b2c948ea-14d6-4818-8a7f-c4924c37cc90,23932261.15,2027-02-22,85.5,term_sheet_signed,0,47.8
3e8c1a06-9aaa-4688-89ff-ec6b7734a754,35396723.96,2026-12-29,48.1,due_diligence_completed,1,49.2
59291845-6bcd-4f19-8bfe-c0180b95e5df,70185155.32,2026-09-05,85.9,due_diligence_completed,1,46.1
a196f75e-62bf-4e69-91ff-e532451cd411,49369729.28,2026-09-04,56.9,board_approved,1,21.8
f85a1946-1c44-4b41-97c4-00f0592fc26a,11810552.21,2026-09-25,53.3,term_sheet_signed,0,66.7
3b2b9df1-f569-4583-a195-477df86616cf,32326615.99,2027-02-12,69.6,board_approved,1,18.5
a4ffae07-6de2-4842-bf63-0f37efad3bba,109357558.78,2026-08-24,57.2,due_diligence_completed,1,39.6
d842757b-999e-43f6-80a3-998218dfdf55,28084000.54,2026-10-05,74.5,board_approved,1,14.9
1853cf45-1c79-483f-9316-436a3fee1ca1,10366114.68,2026-10-18,35.0,due_diligence_completed,0,23.1
1cd72b82-91a0-4e6b-b714-e4d8b6e448d7,36087810.88,2027-02-05,91.2,board_approved,1,15.0
4620cd9e-3881-4fe9-bdcc-583d10d5b6d4,9636522.98,2027-02-11,50.9,term_sheet_signed,1,106.5
ae11094e-e8eb-4207-81e7-8b409834b8be,48512919.49,2026-08-18,49.7,term_sheet_signed,1,73.5
56256edd-028d-4b13-9313-c9db41a8b796,72674885.81,2027-01-31,49.7,board_approved,1,16.5
c50bc09a-e384-4ca7-b3e4-bdddc1444b6c,43439196.32,2026-11-04,80.4,term_sheet_signed,0,36.3
c582a31d-c199-4485-b1d8-10709d18a27c,38326571.5,2026-10-08,65.7,due_diligence_completed,1,36.6
964da307-3bc9-4765-ba56-379d6cf8911d,30143446.46,2026-12-13,55.2,term_sheet_signed,1,89.2
1a56b86a-0ccc-4dc1-a707-ac2e1018e2d0,30715747.63,2026-10-18,100.0,term_sheet_signed,1,64.3
3d8b0d6d-d4b8-4c86-8a95-0b224e6cd9b6,28232932.94,2026-12-02,55.3,revoked,0,211.6
c7ddf8db-c0af-4e5f-a6f0-3a72e25ed16e,75457400.53,2026-09-23,57.5,board_approved,1,19.3
dc2a38f6-8d19-4873-9790-beea83453bb6,44172120.33,2027-01-04,96.7,due_diligence_completed,1,16.9
bf1ce11b-3ccd-42ad-aa09-d79d2a5a202c,37317535.46,2026-11-23,50.7,board_approved,1,21.7
d869eb83-eda1-4a85-9af1-7e6d0a2f4501,57516723.17,2026-09-19,41.7,due_diligence_completed,1,34.2
187e3399-38a0-4540-a009-ddbbbdcc0ece,16440808.44,2027-01-09,21.9,term_sheet_signed,0,88.7
528191c2-7d4a-44b2-a905-388d37b7e48c,24959782.37,2026-10-21,82.7,term_sheet_signed,0,60.8
80ea762a-4440-43b3-8a5b-eb42c80ab0d7,131134351.6,2026-09-07,44.3,due_diligence_completed,0,47.9
2067296b-f1de-495b-ba32-8fdf11566f79,83551564.31,2027-01-18,68.8,due_diligence_completed,1,32.3
6c79dd58-cab1-4151-a24d-8405535ddcbd,71465256.44,2026-12-14,71.0,due_diligence_completed,0,37.5
a86c6875-5bfe-476f-927c-4666f2ae37d1,101892850.96,2026-11-16,79.1,board_approved,1,16.1
0b57e83d-27ed-4411-bcca-7eeb6094e334,31435520.48,2027-01-31,27.8,term_sheet_signed,1,102.3
547ae0eb-49d4-42af-92dd-f753c177290f,30182839.85,2026-09-22,50.0,board_approved,1,17.0
2352f1c3-aa61-43db-84b5-5a3b264c08b2,68474576.7,2026-09-23,63.9,board_approved,0,18.2
492c2734-717e-4b5d-813b-3c259d177bab,39350790.17,2026-08-18,55.4,term_sheet_signed,1,59.2
f6a6093b-2863-413c-8993-bb2375359877,22924152.14,2026-11-08,60.3,term_sheet_signed,0,104.3
62ab289f-b3ef-4d01-bca4-8547fe8da078,21317690.34,2027-02-19,81.0,due_diligence_completed,0,30.4
6b8b8cc0-2506-43f1-9d3e-b4faca6e7b9c,29689480.62,2026-09-17,56.5,term_sheet_signed,1,57.8
0116d1d4-9808-47d2-86d0-a581396e01dd,16064403.01,2026-10-08,82.3,term_sheet_signed,0,81.3
1e2e6530-8142-4595-8297-03105c8ee7e6,69340443.32,2026-11-13,49.4,term_sheet_signed,0,74.8
0fda658f-817b-4aa5-8631-0d5addd04149,36353805.29,2027-03-07,22.6,term_sheet_signed,0,87.1
1f7bff71-281a-4d5c-810c-dd6c14b4e9fa,42123551.92,2027-02-06,97.1,due_diligence_completed,1,35.5
6bd77eae-9c56-4aba-a3e7-d92804f263aa,105676742.79,2026-08-21,21.5,due_diligence_completed,0,70.9
5443fd4b-c133-4893-bb9e-607397de754f,48023403.22,2026-08-21,40.5,board_approved,0,29.3
86add5f0-47e7-45c0-b551-298295476cd1,42292690.28,2026-12-29,45.8,revoked,0,266.6
d992c1f5-0695-4d3c-947d-41445ac4dc2b,52441307.68,2026-10-03,26.2,board_approved,1,23.1
2ff62387-1889-4b4c-be78-95ab90e587ba,71605022.64,2027-01-29,84.0,term_sheet_signed,0,58.8
010db1fd-1356-4029-b581-fbc0294bec47,37295293.44,2026-10-08,26.4,due_diligence_completed,0,29.4
1fbc387d-22e1-4bb9-8c5a-1ebf7ddaa638,47329355.43,2027-02-19,58.9,board_approved,1,12.2
a6712fbd-d62a-4f08-96ea-c822ad21a07d,22084540.91,2026-09-14,86.6,due_diligence_completed,1,53.6
cf6e5134-e990-4a8d-8ff0-e5a12c251e42,75397675.68,2026-11-14,66.8,term_sheet_signed,0,45.0
1ef7e3cf-c43b-4f89-a6eb-adfce5cc62b2,126709861.34,2027-01-13,66.0,board_approved,1,15.8
7ab89e41-32fe-46f8-9b52-ffa4cf9ef07e,59897923.87,2026-09-21,72.4,term_sheet_signed,0,56.3
a1f41cd4-67fc-4f57-8448-8d654edf2e54,34515171.91,2026-09-26,85.2,due_diligence_completed,1,26.4
c18da32f-c825-4181-919d-c49a85d56782,76031088.04,2026-09-27,63.1,term_sheet_signed,0,70.6
f1cd0975-28be-4118-81f0-eb4375e36a99,84405500.32,2026-12-17,17.0,due_diligence_completed,0,56.7
acc049d7-0cfd-418b-9540-abd881afd1ea,75329410.99,2027-01-07,41.9,board_approved,1,17.7
be8380d1-180a-463a-8012-2cd9863bfab2,37046433.23,2026-12-12,63.8,due_diligence_completed,1,36.6
8d2d1987-bab7-42d1-a023-0761d3b873e4,39423254.13,2026-10-10,67.6,due_diligence_completed,0,43.2
f115e648-d652-4403-850d-73b4fad41b05,84271758.27,2027-01-13,87.6,term_sheet_signed,1,3.0
3dcbbd8f-a033-4cf5-8f53-0d56499a350a,39000383.9,2026-10-08,64.2,board_approved,1,19.5
2d207799-0e51-4f82-9b44-96824bcaee90,97846294.13,2026-10-12,54.6,revoked,0,220.8
a7fa77f2-15c2-4738-9e97-72c8fb6ad2d9,73515929.76,2026-09-13,83.1,revoked,0,199.9
44823a6b-db28-4fb3-82e6-01afca3f1bcf,76947712.19,2027-03-12,98.3,due_diligence_completed,1,50.6
3006d7c2-978f-436d-a434-0ab873ebc105,26225731.43,2026-08-21,72.7,term_sheet_signed,0,68.9
66ffc4fd-b552-4d1a-b5f5-8fef67febf0d,25948934.96,2026-10-20,54.7,board_approved,1,17.8
c0af6d5d-d3bb-4a50-9d6e-c7a32b2f2ca9,50361346.19,2027-02-04,65.4,due_diligence_completed,1,23.9
1447ef49-cf58-490e-a7af-1e788ad4dd7f,61720708.04,2027-01-01,70.6,revoked,0,244.1
5b7a8fdc-f668-48d3-be60-372fe9e82f28,255923292.3,2026-11-08,100.0,due_diligence_completed,1,14.2
82cfdc9a-bcc9-4971-b8b3-78c8842a1079,38052182.32,2026-10-15,70.1,term_sheet_signed,1,61.5
2c4a668e-7792-45dc-b827-ebec69ba933d,35317847.13,2027-01-24,49.1,board_approved,1,17.7
01b5ab7b-fd9e-418f-8716-7c9c004d40d7,35346932.15,2027-02-05,71.4,due_diligence_completed,1,30.2
660b9f14-5ce6-4b41-943c-b1155297780c,50757658.83,2026-11-10,66.1,term_sheet_signed,0,90.5
7b0e061a-756c-4541-93ce-21836a930354,97209636.32,2026-09-20,47.4,board_approved,1,30.8
82d3420c-108e-4066-9925-88ba4df0f7fb,71531152.29,2026-09-26,42.8,board_approved,1,20.5
74a0bec5-b607-42d8-a047-02df065c41b6,119395780.29,2026-10-11,55.7,due_diligence_completed,1,66.4
8eb7dce0-40c2-42c9-888f-671c3a5e8fc8,15015363.02,2026-10-04,89.8,due_diligence_completed,1,29.7
484403b6-4671-41f9-9bf3-74e8d5f6f241,11377520.7,2027-01-14,63.7,due_diligence_completed,0,30.8
9d0bf46e-6bcb-4b2d-ad09-5fae972254f5,33256484.89,2027-01-01,76.1,term_sheet_signed,1,74.6
653f7919-a55b-4f17-891d-02e3aaa32a1d,20222090.31,2027-01-31,44.1,board_approved,1,22.6
4898babb-ba96-4f53-8619-6362ab59a15b,42340583.8,2026-12-18,68.0,board_approved,1,11.9
ff4dc3e9-48d4-4f74-bbcc-f0940d4fd53c,48282071.17,2026-10-11,80.5,revoked,0,158.9
21c35990-ba50-4f49-8bac-5ef1f746c7b3,19999847.98,2026-11-22,61.3,term_sheet_signed,1,41.4
85d6990a-2675-4759-984f-a4ec7fd3bf73,30435630.93,2026-12-03,52.3,board_approved,1,16.2
f440c449-8164-4c53-8e23-9f8bfd605a34,27497994.4,2026-09-19,61.1,term_sheet_signed,0,73.6
16852667-866f-480d-8ede-f079a8e8647a,92258697.79,2026-11-22,88.3,due_diligence_completed,0,32.0
40e646cb-5ee0-4f76-af40-a8a2c83d3258,76802718.11,2026-12-06,64.1,revoked,0,25.4
92816f62-acda-42ee-a7c7-f10ed7b94ea7,33240071.66,2026-08-28,78.6,revoked,0,191.6
bd5f55fa-2d5e-485e-a7eb-5d516950fd28,18615662.35,2026-12-13,85.4,due_diligence_completed,1,34.0
56fc009d-da00-4313-9148-cf4e7290f78f,87418836.65,2026-11-05,66.1,term_sheet_signed,1,80.0
83323e27-d391-4965-9121-1e29f521b1c8,44000056.32,2027-03-07,33.3,due_diligence_completed,1,43.3
ef3c5091-2c4c-41b8-ba18-447f32a954ee,124921227.73,2027-03-03,89.2,board_approved,1,17.4
99a92a63-7507-4687-a031-db6a73854ac8,188505416.79,2026-10-30,61.1,revoked,0,158.4
85590a4a-ecab-4df1-aa14-4a01004747f7,64440412.95,2027-01-17,91.3,due_diligence_completed,1,26.5
c81c9a30-d439-4c17-b341-e798108926ed,92827248.54,2026-12-10,67.2,due_diligence_completed,1,45.5
65170431-a070-4897-9251-d04d23047abb,36525218.75,2026-09-08,47.5,revoked,0,228.1
a2de684f-b9b9-45bc-a318-2dd2ac51c91c,59407256.25,2026-11-18,79.8,board_approved,1,22.8
71045cc6-27ad-4c94-a349-616802527506,95131625.55,2027-02-26,87.8,due_diligence_completed,1,37.9
7d9adeea-b9ae-4d56-9e54-f42b68ac7354,19985447.22,2027-01-14,75.5,term_sheet_signed,1,42.9
0347396d-2fa9-4536-a17c-c5db91a6f1c3,16828721.93,2026-09-30,53.3,board_approved,1,17.3
c030f820-986d-4805-9c46-244fccf770ba,80950150.89,2026-11-19,58.1,board_approved,1,21.2
aacb0e54-deaf-4f32-97ce-7f18fa0e7000,40047698.09,2027-02-28,72.9,revoked,0,135.3
00c35d83-3161-42a0-aeee-9762a3dbbe95,64518195.02,2026-09-14,56.4,due_diligence_completed,1,63.0
a00f77e0-02ac-4e01-98ab-57b0b738d726,33140338.39,2027-03-11,68.5,term_sheet_signed,0,57.2
20948c14-1bf7-4403-9bce-015e29d56926,21743402.38,2026-08-22,8.8,term_sheet_signed,0,102.2
8e0282b8-73d5-4c59-b1c4-3fca5f47f444,12335073.72,2027-01-05,68.0,due_diligence_completed,1,53.0
727156dc-8adf-4b4a-9ded-bc27b8823226,31066346.31,2026-12-18,24.6,due_diligence_completed,0,55.2
a159d0fa-f403-4955-89da-0129e56eacaa,18768957.95,2026-10-08,100.0,term_sheet_signed,1,38.9
eb296c4c-cff5-4451-9c30-340e1d8e2489,58333674.74,2027-01-15,51.0,term_sheet_signed,1,67.4
2c0f49d6-d43e-4910-a283-a691b5e0504a,54015313.48,2027-01-28,69.6,due_diligence_completed,1,42.5
299cc978-f9be-4b7d-9acf-0f91172ea41e,35712428.48,2027-01-06,62.0,due_diligence_completed,0,65.0
d6b42806-acff-46c4-9195-35b5323505d6,46432807.22,2026-10-24,59.9,term_sheet_signed,1,84.1
34ea806f-6264-4133-8280-70fc33b95cb7,68424403.24,2027-02-16,51.6,board_approved,1,15.0
9895d125-b621-4486-9ae3-bd735369019a,70862425.6,2026-09-15,64.7,term_sheet_signed,0,66.5
188be659-6aa3-4726-94e5-016aa91eb3f4,49524860.2,2026-08-24,60.0,board_approved,1,20.2
9c0e32ea-a484-497e-a4ac-c8425f8ceb39,26573335.96,2026-09-13,79.9,due_diligence_completed,1,44.0
4af5b4cf-d9de-4b6b-b81f-454bff7aae03,63313561.81,2026-08-23,63.7,due_diligence_completed,0,25.9
509af9d6-7a2d-4f4a-84ec-40980f9af808,13897647.18,2026-11-27,70.8,due_diligence_completed,1,44.7
8f94c3db-8e08-42b3-bd09-e61aa81a107a,29596323.68,2026-11-09,46.1,due_diligence_completed,1,51.6
2b9a0c8f-286e-40cd-acf9-e6536849d8c8,49036284.5,2026-09-02,49.3,board_approved,0,16.5
b0a3bd16-bd25-413b-9485-8c868152a2ce,41757756.67,2026-09-10,67.3,term_sheet_signed,1,49.8
b6eb03ff-373b-45ad-920a-d28962f10705,42230587.08,2027-01-19,69.6,term_sheet_signed,0,77.8
df426839-0fa9-49d4-9a07-9237c20d6a98,41004704.71,2027-03-02,74.8,board_approved,1,22.5
aadb552a-4d39-47db-9a80-dea572dc8854,81313775.59,2026-12-07,60.5,term_sheet_signed,0,63.8
33a93929-2bcd-4f01-8121-aee0eb6bba5c,138406935.77,2027-02-28,14.6,due_diligence_completed,0,46.6
7300cb33-55c8-4370-99b2-9cac03829851,32647512.81,2027-01-26,41.0,revoked,0,136.3
7ae12120-af59-4160-8503-68f49594a125,73498287.04,2027-01-29,28.0,due_diligence_completed,1,57.7
7fca4795-451a-4109-92e2-2ef6278557cc,33293064.92,2027-01-21,60.3,board_approved,1,16.8
8f20be50-46e4-4afc-896c-ce18e691abd5,95047478.48,2026-09-19,97.5,board_approved,1,12.7
1fce8721-84e4-40c7-af4e-1945dd1f82fd,14127181.67,2027-03-14,69.3,term_sheet_signed,1,88.0
4f3b1e23-f603-41a7-b153-378c6ab87996,20538577.71,2027-03-14,30.3,board_approved,0,17.8
313fd699-a916-4e47-93c7-76bb5db3c5c2,13984776.79,2026-10-16,40.4,term_sheet_signed,1,87.2
decaa354-d5ca-4476-b742-25ca2c50d4e0,95911861.8,2026-12-03,49.6,term_sheet_signed,0,96.8
00ff2bd0-3723-40df-b87d-e599494887e6,50694062.42,2026-09-19,61.0,board_approved,1,18.2
d6473ddf-1ef6-46c3-b653-0ffe449f4a49,18023076.12,2026-12-16,68.0,term_sheet_signed,1,72.1
68f44744-6787-4aaa-ba82-12fa202237e3,31993257.06,2026-09-17,69.0,term_sheet_signed,0,75.5
bcdc0dae-6042-4e6d-8806-71cb964ad173,27900875.46,2027-03-04,49.9,board_approved,1,17.3
8c2e3df3-bfb0-4b66-945f-333214a54b54,40175187.64,2026-11-04,66.3,board_approved,1,21.4
43afc9ef-dfd1-49de-b8f0-7c8f63c6a9cd,63310946.2,2026-10-17,46.9,board_approved,1,7.6
812735f9-0001-42be-9d15-08a85f70e78e,32483483.12,2027-03-14,62.5,board_approved,1,10.1
715a5b59-7220-4da6-b22c-2880ad7a21b3,47173755.72,2026-12-22,40.5,term_sheet_signed,1,62.6
1e658a41-0c54-4b3e-b408-7f8df4aa9b83,128924762.37,2027-01-16,55.1,due_diligence_completed,0,42.4
9bd9ecc6-af3f-4613-b72a-78477886d885,35005121.52,2026-09-12,60.4,term_sheet_signed,0,78.6
13cda357-f73f-4cf3-896f-673ef4a9a245,32357654.86,2026-12-16,57.2,due_diligence_completed,1,39.4
d684b3f7-5390-4502-84d2-a293bc609619,94137813.98,2027-02-03,39.1,term_sheet_signed,1,60.6
7df5988b-b470-4c36-bdab-87db898c5ad7,40631607.54,2026-11-18,47.0,board_approved,0,19.7
a35635d4-f036-4e73-8844-26ed630bfb9c,20272599.72,2026-09-09,70.4,term_sheet_signed,1,70.3
185fd01a-7bdb-4250-a2db-1e6e13e0089b,103469691.27,2026-11-20,46.5,term_sheet_signed,0,64.6
97126bd1-31d7-4efa-a046-b7ba0deaaa4d,32634721.41,2026-09-20,55.4,revoked,0,241.1
a70145a2-9b57-4d36-afe2-9e4606878353,65253166.77,2027-02-02,73.6,board_approved,1,18.9
aea012ef-240b-4ef4-9b37-073987e188fa,24958317.79,2026-10-02,69.8,term_sheet_signed,1,61.3
9a9fb7bf-5b39-4762-b4c2-a8bc59bee558,59743513.16,2027-02-10,30.5,board_approved,1,14.9
1df5ca55-79eb-48be-af8a-f0a11ff2e946,44418502.21,2026-09-08,56.3,term_sheet_signed,0,47.7
a5bf6e36-c804-4d4e-aad6-0a4e1e48eb97,34635921.81,2026-12-16,29.3,board_approved,1,21.8
dc3ebe04-cffb-4780-ba0b-0eb159a381e9,15253273.29,2026-10-25,92.0,term_sheet_signed,1,20.9
c74427a7-4763-4ac1-b8d7-58b45ea8cdbd,171799177.99,2026-10-03,19.1,term_sheet_signed,0,117.6
78b74ade-c782-407b-a8fe-df91c514127e,32093063.33,2026-08-22,51.3,term_sheet_signed,1,89.1
66fef2e4-b910-4472-8b7d-7b1061dbf1c3,54973708.8,2026-10-10,43.6,board_approved,1,19.1
a1a3cb8b-dc0c-4d5b-b756-1f21e5bd3f29,29652909.05,2026-08-22,47.2,due_diligence_completed,0,43.4
23c99b14-1608-4fd2-a616-d0cc32d4c605,52308685.87,2026-10-20,56.5,revoked,0,212.7
af9f48d2-fa87-4e87-aed9-dd5a836ebf44,116867732.53,2027-02-26,24.2,due_diligence_completed,0,41.6
56396cc6-57b2-4aff-a2f3-51c0091f3633,16928040.86,2026-12-30,64.6,revoked,0,161.2
f6232d8c-1ac8-42d4-89a7-f13924c2a455,37231984.52,2027-03-09,43.5,board_approved,1,19.1
49aefea6-d2f6-4d8f-930b-72293690a6f3,28527284.25,2027-03-06,81.9,term_sheet_signed,1,38.5
1183d678-9b38-4bc8-8394-9ec1079c7380,75300543.0,2026-11-26,67.8,due_diligence_completed,1,25.8
54bbdd45-2843-4e57-a4ee-7af758a69132,54633281.76,2026-10-21,100.0,board_approved,1,15.0
98decc5d-31f1-4715-8e84-669dd2b9bd6d,113350809.53,2027-01-09,44.1,board_approved,1,16.8
3f76fff2-dfe7-40cc-9841-790808ae1c4a,32957902.12,2026-10-06,49.7,board_approved,1,19.1
569b0e2d-2a85-42d1-96a0-616d66bf74b5,46669578.25,2026-11-30,58.8,term_sheet_signed,0,78.2
fc7d2192-d643-4e80-a43f-74d26f4bad1a,24686347.32,2026-10-02,62.8,board_approved,1,10.8
ef143a66-4279-45b6-b994-79277f0fe7a9,23254761.14,2026-08-29,66.2,board_approved,1,21.6
7eea5a90-d2dc-468e-91f6-613ebd41c76b,22066820.83,2026-12-26,24.6,due_diligence_completed,0,63.4
1460c370-0c31-478e-8c70-d038186216f6,35120880.7,2027-01-31,60.2,term_sheet_signed,0,76.6
5cd5b683-a01b-4d43-8746-e093724345cf,105142854.72,2026-12-01,55.3,due_diligence_completed,1,58.1
fdd8e37c-d0f3-4f96-8013-b3a96b18f6fa,31833753.73,2027-03-09,100.0,term_sheet_signed,1,63.9
5808eba8-7b26-4c70-8711-e66b7eddb5d0,67160907.73,2026-09-11,76.4,due_diligence_completed,1,31.2
67b7c5bb-507c-4525-8bc4-21a9ca7d20a0,91869353.72,2026-11-28,57.7,term_sheet_signed,0,70.3
8e641d5a-4951-4dd3-b129-f49053eec426,27530730.62,2026-09-16,19.1,revoked,0,303.2
8a1a81c3-1339-472f-bdba-ade995fe748b,67037579.95,2027-02-26,89.2,revoked,0,147.6
4940f663-33b1-4129-b22d-c48ba9d15900,99809517.93,2027-02-10,51.0,board_approved,1,21.4
f161b971-5fac-4f12-8b6a-a7d97918f74c,28824042.34,2027-03-04,53.7,revoked,1,235.2
ca1db916-e6e0-45f4-a402-df8d0bbde3df,79427154.68,2027-01-04,38.6,term_sheet_signed,0,100.3
384c0fa3-38d5-4e6d-93f5-be07e581a54a,77747987.26,2026-09-08,100.0,term_sheet_signed,1,58.7
4fc53acc-168c-42c2-835a-156f891c58f0,17064310.92,2027-02-28,50.9,term_sheet_signed,1,84.8
1bc4f0f3-114d-40a6-aa00-8da674cf6c71,15969455.12,2026-10-21,38.0,board_approved,1,23.2
b80f619f-e69e-4c7e-aafa-604e5f15f53c,148116790.67,2027-01-07,69.2,board_approved,1,5.4
fa655051-287b-412d-ba7b-3afeec5f2d08,35194234.44,2026-10-18,23.0,board_approved,0,18.9
4a54a913-1256-4c80-aa29-808ff32a2db4,37725720.03,2026-11-25,18.6,term_sheet_signed,0,70.3
5bbdf9ba-3955-45c3-a659-90ad36911221,32507945.88,2026-09-26,57.2,due_diligence_completed,1,30.3
7a0617de-2b61-48cb-9bf3-f840264effdb,21012161.76,2026-10-01,71.9,board_approved,1,18.0
374b4f79-dbed-4688-9293-fa02e3da9155,96093085.2,2026-11-14,63.6,term_sheet_signed,0,48.0
18c0ae5f-ae8c-4f5c-a413-314ef1e2c010,36393683.14,2027-03-03,56.4,board_approved,1,22.5
5de42c0c-1a5c-488c-b103-8b2619dbcbb8,137361252.69,2026-08-18,58.8,due_diligence_completed,1,51.5
ea4bad7f-74ea-4556-9d96-41ebb9f71c7b,21781119.15,2026-09-04,69.2,term_sheet_signed,1,68.7
ac32dda1-7dac-48c4-8812-5ad6268673ab,22304309.31,2026-08-22,55.1,board_approved,1,22.7
1e4c2a81-6304-4c17-a354-f3ae6e805b89,26472014.43,2026-11-20,59.1,board_approved,1,12.2
a9671ab0-05bf-4b43-ade3-1af839333e69,47375528.4,2026-09-04,42.1,board_approved,0,20.3
6e2bc824-c6b7-4719-a861-b73671536785,36714330.88,2027-02-17,44.3,due_diligence_completed,0,44.5
5748ec56-c1f4-470c-9ba4-a64bdde99eaf,43147772.36,2027-01-06,62.1,board_approved,1,14.4
ae301961-45b8-4c4a-9296-b7446c4a853f,89146852.1,2027-01-13,18.5,board_approved,0,19.3
528bbe4a-379d-46d5-b857-c8170bde7e15,92882283.81,2026-10-15,97.9,term_sheet_signed,1,55.2
d6adca68-b21c-4beb-9ae6-a2a5fc295a21,26579685.71,2026-10-26,62.7,due_diligence_completed,1,60.4
c0fde987-b922-47a4-8613-99dba2c4b533,17543196.54,2026-08-31,39.0,term_sheet_signed,0,64.7
16a39a82-ce5f-44c6-9826-cc39b66cdc86,60258251.83,2027-01-27,27.6,due_diligence_completed,0,51.6
a915032e-1c76-4a0e-ad2d-dc1f4485d8d9,44140730.31,2026-11-13,94.4,revoked,0,167.3
b5d21af5-5f25-46a7-995b-bb348a75f1fa,48998577.73,2026-12-20,55.8,due_diligence_completed,1,53.3
d176de92-a460-4945-9879-f8772887ae90,36205952.74,2026-11-22,53.4,term_sheet_signed,0,98.2
1c8e3c28-746e-49a4-b406-797eff14ea38,23150333.1,2027-01-26,45.1,due_diligence_completed,1,35.6
584f4443-ed03-4231-947e-b365038c224a,28715422.15,2026-12-20,70.9,due_diligence_completed,1,25.0
679050ef-ce04-46da-88c5-990816dec67f,11477741.38,2026-12-01,66.4,term_sheet_signed,0,84.1
cc6a3a22-60c6-4332-9f7c-4d3d4c0bc71b,15534283.12,2026-09-17,40.7,term_sheet_signed,0,60.9
c63d54a9-cfff-406f-b3f0-d897d78a7097,14905844.17,2027-01-09,65.4,term_sheet_signed,0,85.0
024954b6-01b8-476b-8d79-04774c9233b4,40264631.2,2026-10-03,52.3,term_sheet_signed,0,72.8
eccd2cc6-2f8f-4070-ad48-84011d68556c,27607364.3,2027-02-28,48.4,due_diligence_completed,0,57.3
5e10e34c-8e6a-4c97-8662-2909641da80c,19450118.58,2026-09-07,41.4,due_diligence_completed,0,72.8
a02a54e6-e75d-4fbe-93ff-d3818948f1af,42002187.08,2026-10-26,56.8,term_sheet_signed,0,63.7
704b0b0c-c3c9-4d35-a666-07d104668d37,66153158.45,2026-11-12,69.1,term_sheet_signed,0,81.3
89aa2877-3a40-4dd2-9e07-3646bcaffefa,160673092.24,2027-03-06,86.6,board_approved,1,13.0
af66c1f7-55f2-4ebd-849e-276ec372f1e1,126048453.57,2026-09-04,74.2,board_approved,1,19.5
7037d03e-2a18-47b9-98e3-730e94ab2841,35010269.87,2027-01-20,70.3,due_diligence_completed,1,25.6
8d7b1b3c-d8f5-499d-b2c7-8dcceb07a84a,43632625.91,2026-09-13,64.1,term_sheet_signed,1,62.1
8e8f1489-3ff6-4992-a6ca-7e15a6f88fe0,44849522.34,2027-02-14,62.0,due_diligence_completed,1,42.4
8ef7796b-bd45-4267-87e1-a8aacd60080f,33111351.95,2026-12-05,97.4,term_sheet_signed,1,43.7
64afdd1f-4f60-4646-9bae-9549711366b7,32030239.45,2026-12-16,24.0,due_diligence_completed,1,67.4
eeded883-430d-4bb7-953e-6079ed02801a,23302564.97,2026-12-23,71.7,term_sheet_signed,0,87.9
74a34e16-ffb3-4a07-bbe3-5aa943541cf8,18646790.91,2026-09-20,68.5,due_diligence_completed,0,57.8
e8e19b4f-258f-4f32-b200-59d6a0700c61,36136105.88,2027-02-11,48.1,revoked,0,184.0
ce3b06db-50ea-4536-a401-794740854263,72737087.99,2026-08-21,65.6,term_sheet_signed,0,53.3
fd2e3020-f5fc-4857-9a3d-302d7c90adc9,35609319.81,2027-01-08,48.7,board_approved,1,30.0
4006a59c-cc20-49a1-889c-a50907902248,17592947.48,2026-11-03,62.4,due_diligence_completed,1,33.4
cbe0255c-6edf-440e-ae17-cdcdace41b7d,50158101.26,2026-12-09,27.9,board_approved,1,22.6
ba86a889-cd10-45b9-8e05-7da40e6d7ed5,38400685.9,2026-12-14,80.4,term_sheet_signed,1,51.1
3ae04694-352c-436d-8ad5-159cfb328e0a,48606104.45,2026-11-20,80.0,due_diligence_completed,1,34.3
287d4c07-3953-40fa-b3c3-e56880b0865a,22598880.32,2027-02-14,38.2,revoked,0,190.7
13f2d6bd-4bc1-4108-9de8-399c3189e59f,20588430.04,2027-01-08,87.0,term_sheet_signed,0,49.3
eed85c70-ad0b-47fc-ae66-48a85b8a0897,61133315.82,2027-02-25,42.3,term_sheet_signed,0,97.8
e728bec6-9739-46d6-91c7-4eff2a6926fb,12701246.91,2026-11-01,100.0,board_approved,1,20.1
8cb01291-7561-4a82-b3fe-62bd828ef303,51586222.26,2026-11-21,66.8,revoked,0,193.3
d81994a6-4d90-49a6-8c53-ea2c1e47db3b,22308030.98,2026-10-15,72.0,board_approved,1,20.2
f1aba62b-97db-4cb7-977a-ed47383ffedf,48558783.25,2026-08-20,95.3,term_sheet_signed,0,78.8
9200a54d-e23f-46fa-b5f3-e7f25c66e5c7,34139295.66,2027-01-24,66.8,term_sheet_signed,0,80.3
8f879a05-e78c-4ba1-9346-bd25a32876ed,24412069.65,2026-08-27,70.3,term_sheet_signed,0,53.2
5efe21a5-cd8e-4292-9aaa-4019cabc8cf9,120430394.37,2026-11-16,57.6,board_approved,1,8.9
e268c1e2-6e19-40d4-8878-bd659a76eb34,36814183.1,2026-12-30,69.0,board_approved,1,13.5
a6c1f8fd-281e-40c8-b4e7-aeb58875a1f7,14038994.17,2026-08-21,61.0,board_approved,1,24.3
938bf8c6-a4ac-4866-a3aa-e2db176880d9,21973668.95,2026-12-26,42.0,board_approved,1,28.9
0ffde7f5-a9f9-4e98-9493-5a26f6324094,50147556.91,2026-08-18,26.4,term_sheet_signed,0,76.0
ab7d91ff-7198-4635-91cc-7747133bf932,76437218.55,2027-01-11,38.7,due_diligence_completed,1,53.8
a24f043a-0a92-4228-976f-44cb59beb2ec,30067734.22,2026-12-15,66.6,board_approved,1,23.3
b4482576-f727-4e1f-bd3e-a7cea0520343,35146819.91,2026-09-27,35.6,board_approved,1,32.0
7df86a20-574e-4eab-80f7-4c6a0e2958b4,85585605.84,2026-11-05,44.1,board_approved,0,26.1
0294e9c8-be96-4b56-ba49-481a1c52202c,55394140.22,2027-03-11,34.7,term_sheet_signed,1,81.5
a7bacbde-5a85-4183-93ec-4c69c84728ef,60018926.37,2026-11-18,28.6,due_diligence_completed,1,39.1
6ef891dd-c136-4fbd-9298-b279bb07026b,28483015.68,2027-01-28,63.1,term_sheet_signed,0,83.8
cca6a70d-574a-46e8-9ac8-32f3fd31b7f3,89491393.63,2027-02-25,25.0,due_diligence_completed,0,37.5
2fea4fc8-92e7-475b-8b27-34ea4f96e4a4,55664598.68,2026-09-10,80.6,due_diligence_completed,1,44.7
40c7f4e2-383c-47fd-a596-0fd929d9abc2,34190947.35,2026-10-12,63.9,board_approved,1,20.3
a31ece6f-8d71-458c-9aa6-409a781c93d4,96580406.13,2026-12-04,57.9,term_sheet_signed,0,78.2
a80e21de-e013-4e6a-ade7-26203238e79a,109033479.74,2026-09-23,93.1,revoked,0,229.6
13592e60-446c-46f8-b07f-d1e0547f2028,10901936.06,2026-09-04,55.5,due_diligence_completed,1,31.7
92cd5b54-abad-47c7-8c77-f2e5fb9a196d,117109494.16,2026-11-15,36.8,board_approved,1,33.9
081a6df0-5e72-4c21-9e43-9781f9745bb4,13502326.34,2027-03-07,91.0,term_sheet_signed,0,47.6
9e8f6948-53e5-4b43-9f99-0e6f639f9b06,23003807.16,2027-01-25,49.7,due_diligence_completed,1,40.1
1b1b7abf-9d9e-45c9-a2bf-ec9d644b1a59,47546095.88,2027-01-09,83.3,term_sheet_signed,0,37.8
7b8f3cb6-c20c-4c18-a31c-850a90da0b26,48930645.4,2027-02-12,74.2,due_diligence_completed,1,47.4
d0e431f1-e213-420f-b398-abe08b498269,53338484.08,2026-09-19,44.5,board_approved,1,18.0
544ca8ed-a453-4ab8-9a7f-ac9d27cdd29a,31407304.54,2026-09-24,38.6,due_diligence_completed,0,51.0
d59a510d-51aa-443d-a65e-3ac701c63866,27581402.35,2027-03-02,70.3,term_sheet_signed,1,50.6
6aa8f24c-1e75-490b-9b38-d9c34e569191,71743797.02,2026-10-08,45.0,revoked,0,319.9
cf76bb0a-0893-4857-a6cc-ecc397dfe465,103466694.17,2027-01-18,91.9,board_approved,1,16.7
8a1c575b-c10f-4f60-9614-628354a82c63,36695508.95,2026-09-16,58.8,due_diligence_completed,1,17.5
af3c9fce-38f0-4921-bedb-91030d2e46f5,20890202.47,2026-09-11,45.8,due_diligence_completed,0,29.4
1c8fe3c6-3d1d-408f-b080-cc1a0aae7f04,31323653.5,2027-02-02,69.7,board_approved,1,12.4
256d67c2-a096-4066-b67d-b23cb102079c,46599947.51,2026-10-07,63.7,term_sheet_signed,1,57.8
32a634e9-b030-4661-82cd-14b4cef2beff,60202897.97,2026-11-17,79.1,term_sheet_signed,0,68.2
76c7c73c-73e2-46d3-abc6-36332aa8afbb,28381971.58,2026-12-09,82.8,revoked,0,107.8
40576d3a-63ea-4dbc-8382-4952d6bca075,25723943.06,2026-11-27,89.2,term_sheet_signed,1,48.5
f0c13e81-ae3c-44d8-ad97-dae516e79393,18475755.1,2026-12-18,59.8,due_diligence_completed,1,40.8
6a4d58a8-85ed-44fc-a42c-fc178d0d2edb,103379754.51,2027-01-17,36.5,due_diligence_completed,0,41.5
b5030895-1a5c-44cb-98cc-594e6d363a3b,31420265.22,2026-12-22,51.8,term_sheet_signed,0,57.3
7a510688-d803-4891-80e1-9a2f9be080c2,15227093.1,2026-12-19,60.4,board_approved,1,17.5
bc465fe9-6999-4346-be23-c58eca086e7c,33929461.87,2027-02-09,47.5,term_sheet_signed,0,76.1
a80787a7-1cbe-4c96-b41f-78c1d6b8c094,45641683.2,2026-12-01,76.1,due_diligence_completed,1,37.9
b926fbe8-e504-4c10-81c5-6c2949f08e02,72701097.64,2026-11-16,55.2,due_diligence_completed,0,44.2
782af503-0b4d-4edf-a835-5a1ec1db0102,37298228.69,2026-09-16,56.2,board_approved,1,19.0
