id,amount,renewal_rate,network_centrality,relationship_type,historical_delay_days,duration,event
7499a225-86b0-47a5-929d-a75aef21393a,9629387.18,51.5,0.461,poc,4.7,17.6,1
87e891b5-a315-4d53-8917-ce4353342d56,4134763.13,75.7,0.269,recurring,3.6,46.6,0
2fbd399d-8e93-4b4b-8648-8012f4e10ad5,6988623.86,52.7,0.065,poc,12.5,32.6,1
7ec5c780-358a-4b80-9106-368d7e59a98c,5447665.17,36.5,0.069,poc,11.9,22.2,1
398a4688-4676-4e13-9887-168ffe362c51,10499188.32,63.6,0.071,contract,6.1,21.3,0
8d62518b-7aaa-4334-83cd-03dc5d13cada,13652721.22,55.2,0.363,poc,9.5,25.7,0
34642b34-0e70-4d63-a10d-8c867d1d1544,16861822.84,100.0,0.643,recurring,18.3,17.8,1
a08d38df-5beb-4fb6-a758-0cb4243e2b21,2623943.43,82.1,0.467,recurring,0.0,24.4,1
146d01de-6d11-4e71-810b-78f4aa2ab0ae,2696133.94,46.8,0.17,contract,17.5,26.2,1
dfe63e2f-8413-4532-a6f3-4b4572cd2532,5140918.26,62.7,0.429,contract,2.2,17.4,1
e35c7932-312d-4634-aab1-44a1407bc708,7657766.59,65.3,0.365,recurring,0.0,22.4,1
584e7d21-43f8-4884-b7b4-952aac1341d8,11844481.47,28.3,0.238,poc,20.4,27.8,0
aa916d67-6f66-4e11-8073-eb80868e5d5d,9307047.98,100.0,0.262,recurring,8.8,26.4,1
a1b3de63-59d0-4f63-9401-3908c8626fdc,7334336.38,66.7,0.24,recurring,10.0,46.0,1
902212bd-53e6-4414-be96-66646a668ff5,11698854.69,44.2,0.501,poc,11.8,7.0,1
e8a12dd8-4b0d-4537-91db-7dcd5f911811,5005398.47,66.3,0.282,contract,1.1,24.4,0
e8befbb0-a6fc-406a-bf1e-6db82a59dc08,3121881.78,39.0,0.207,poc,4.3,25.4,1
e6532edf-0ae6-4e7c-8baf-5f18b6e32a53,2066200.64,67.2,0.393,recurring,10.9,26.4,1
f1e86bf9-51d6-4678-b088-f488b9ded2f9,2962982.29,81.4,0.171,contract,11.4,28.0,1
a9efa55c-f1cf-4f7f-8782-5dc7dfe7b86a,5766571.82,95.0,0.7,recurring,0.0,31.2,0
975a812e-f4eb-4c46-adab-0bbd282fb317,2088159.37,57.3,0.474,poc,18.7,28.8,0
bde680b3-8ea0-4a64-ae3b-63c2fe54e3a6,1159435.9,43.6,0.442,poc,12.9,23.8,1
71715ffa-3575-441f-82ae-555245e46b07,5202930.57,70.8,0.446,contract,19.4,13.7,1
5a334a48-9e2a-42b0-9528-595f76f53caa,21331496.8,56.7,0.295,contract,16.4,44.9,1
80fd1c1e-547d-4436-ae2a-05fa3a10c639,12956184.85,16.0,0.206,poc,0.0,19.3,0
adae3e81-dd35-4b2a-aa21-ab4f4f02ff55,1736962.37,42.5,0.281,poc,18.9,45.3,1
50f315e6-0d0a-466e-b451-7599cabdd8cb,11361782.16,74.9,0.27,recurring,9.2,14.8,1
2385da9b-29be-41b6-b007-a906c041dc08,5433984.87,87.0,0.587,contract,3.2,33.9,1
3934e3e5-2fd4-4a39-bd73-25393c506b39,6926144.09,64.4,0.192,contract,13.1,34.5,0
89ca71c3-de9f-4e91-9613-0213151c8fe7,2591353.96,53.4,0.28,poc,28.7,30.6,1
9058d35b-e099-4cdb-bfe5-679dca21f93f,2770949.11,31.9,0.097,poc,7.1,33.3,0
83ec671d-e165-47d9-b6f4-bb5b06e557cf,12413931.29,63.5,0.464,contract,19.6,31.0,1
53e20b95-165c-4056-a524-609d57268d80,5238563.55,55.5,0.327,contract,1.5,43.5,1
4e01d2e0-d7e8-4470-a27a-c2ee096fbd38,14067686.18,40.3,0.223,poc,11.5,48.1,1
b21ff521-3d54-41f4-94a2-91eae70c4f4e,4633236.45,56.2,0.58,contract,12.5,25.8,1
01e7720a-67a8-4ea3-9ac0-93afad7d4d7d,6931610.19,100.0,0.277,contract,0.0,7.3,1
2b7fba9a-a8d4-42bf-8557-66015b5ad6f9,2979430.15,69.8,0.076,contract,0.4,24.4,1
eb91b8df-edf4-48a5-8938-cb61b947e520,6342034.45,69.7,0.661,contract,22.1,30.3,0
7200301b-f6e6-49c9-a0c0-99acf032f797,3231539.12,9.2,0.227,poc,15.6,39.1,0
7b8bca9c-48bf-47b2-a976-a24a64f5d173,4777314.14,41.7,0.21,poc,13.9,26.1,1
cbd5845d-8e29-47d7-bcda-61cf619d6e9a,4017477.71,40.4,0.337,poc,31.3,31.1,1
861c8dbf-81eb-490b-b24d-505e08f7874e,4469849.78,67.6,0.84,recurring,8.8,16.0,0
f4cc66b7-7d5c-46b9-add9-d6f09f072bb4,12543956.77,80.5,0.275,recurring,0.0,20.6,0
4617bb91-cf48-4c99-b201-932198f45e57,12244237.72,68.1,0.272,contract,0.0,33.0,1
178eaf82-c84a-4dfd-8e52-ebb8e4b16a12,3348947.03,48.2,0.365,poc,19.2,33.5,1
57a90545-dfa6-4a39-9959-535b11d10985,1195848.82,60.9,0.259,contract,0.9,33.2,0
1157e04e-b4b2-4b58-8cc7-c289696d463a,5454756.11,58.5,0.174,poc,10.4,32.1,0
a659e24c-3e4a-4be3-9004-d11c537c075f,2521620.73,44.2,0.783,contract,0.0,21.5,0
6e0c7001-2bf5-4a28-a776-e091ae5b53e4,33241834.01,85.4,0.351,recurring,0.0,21.6,1
f7e6edec-6678-4408-8df4-f32509d04abe,2382885.24,31.7,0.085,poc,3.0,31.2,1
9a5c2dc6-f554-421e-a5fe-7eb2c47d1773,4551264.1,100.0,0.352,recurring,0.9,28.4,1
55aff4ac-c10e-4d16-a3ea-c3a981a88ba1,5843146.89,32.9,0.548,poc,28.2,32.2,1
1e4f9473-32d3-4a41-ab65-7855c4027ab5,8738347.91,39.1,0.388,poc,20.1,41.2,1
cc695696-d842-446d-bc93-8a195edb7d2b,1339570.46,94.5,0.717,recurring,1.1,8.2,1
57e138d6-3145-4d43-829b-42018a984562,3605924.09,18.7,0.499,poc,14.4,40.7,1
3c38f623-f2fb-4fa4-bf20-be6d43c061ef,12274692.96,25.1,0.165,poc,17.5,25.0,0
943d18aa-1fbf-47c3-a9c3-faf724f65657,15383927.84,90.7,0.314,recurring,0.0,26.0,1
ffe911ff-c5fd-4ce3-abf1-aee4a1857e5f,9848276.55,69.9,0.234,contract,10.4,17.0,1
294a244f-bdb9-4e5c-ab06-e49835be7bd3,2190012.93,64.2,0.122,contract,4.1,45.4,1
53793420-b2aa-4091-a852-d90582b5fec8,2079111.37,39.4,0.412,poc,23.6,45.3,0
33d05451-3bcb-4702-acd4-cf8ca3e8bda9,7135444.56,46.6,0.276,poc,34.1,21.6,0
8c4370bc-b3f4-4f8f-9668-93f5c204bf6d,15071192.1,46.6,0.052,contract,13.2,40.1,1
3015e71c-1a2d-483f-9c1c-55d4c7cc6ced,4204014.33,76.1,0.321,contract,7.7,14.1,0
58922a2c-b188-4964-88f3-f383690e7f8a,10826501.39,72.9,0.329,contract,20.5,35.9,0
c76289fd-f550-4714-8e39-670310a54f1b,7709745.97,100.0,0.711,recurring,1.3,29.6,1
b82dd0d4-0077-40ba-99f2-ae73f6b51ad0,5428069.11,15.5,0.38,poc,13.9,28.8,1
6fdc7bc3-d0e3-424e-b81d-2b2406388c5d,7082613.62,80.2,0.458,contract,15.8,5.0,0
b71a62fc-77a7-435e-8e10-21b448f23048,1577843.59,45.1,0.406,poc,13.9,34.1,0
a3e94e75-08ef-45f4-99c4-5c5a9e42440d,5290109.06,51.3,0.436,contract,7.0,34.3,0
cf07183d-777d-41d1-8c08-51c17538a7ee,2093519.26,69.2,0.348,contract,3.8,28.1,1
bba19f09-d6f4-4f53-a855-1bbd44292675,4791705.25,41.1,0.183,poc,24.9,28.4,0
4eb100c4-463d-4a03-8c41-fa666c566b72,3288526.3,68.1,0.548,poc,17.4,19.3,1
7efc45ed-413f-4893-a57a-7200962c7b8c,2358791.39,81.7,0.281,contract,2.8,35.0,1
672f0ea5-5c4b-425a-a03d-ad47320bc14b,12802651.52,72.6,0.186,contract,18.7,20.7,1
66cb6b58-b914-4614-8c0f-4600540c892a,23672508.31,18.0,0.291,poc,16.5,33.3,1
a94194b1-17cd-452b-9828-b676bb3a5008,2730484.65,74.7,0.509,recurring,9.2,26.2,1
0f824219-9cf3-4464-b26e-0e3744800bf9,20127911.52,40.8,0.244,poc,32.0,16.1,0
ebfe79a2-695a-4c5f-a1cc-fbebf1fb75c2,9941248.96,78.1,0.779,recurring,0.0,41.3,1
d070d66d-fa00-47c4-b629-ce5e5b014272,4116687.4,52.4,0.312,poc,27.3,31.5,0
305c2b4e-1943-4a9b-bf3d-decf516d4e94,16997789.96,47.5,0.232,contract,16.9,38.8,1
ad964f88-1ddc-4637-808a-0ce35206ecbf,13083295.82,100.0,0.473,recurring,0.0,27.2,1
8a4855a0-f320-42a1-83cf-734836d0eae3,20935731.11,53.8,0.164,poc,10.2,20.2,1
c20e5833-4f27-4835-8c7b-525996f6d253,21732986.9,58.8,0.046,poc,14.6,23.7,0
cb33d137-d8bb-491f-ad0d-f04a836d28b6,8241235.77,41.3,0.29,poc,17.3,38.1,0
641ce248-eadd-4f11-bc19-2641f3e76dcb,19404865.94,71.6,0.434,contract,21.9,26.3,1
33467e9d-d4d8-4a89-a288-f48f9b62c3e3,2833835.17,52.3,0.36,poc,24.2,24.3,1
c1ec6de4-f1bd-4111-a7ea-362067a707ca,4502584.74,15.2,0.194,poc,21.5,45.2,0
87b732c7-37cb-437b-aded-d9bf8ced9d3c,8529390.56,78.5,0.435,recurring,1.7,38.9,1
304b6ecf-6234-4168-b52c-d64c0382be13,1925470.93,100.0,0.554,recurring,0.0,6.5,1
fcbbcdaa-3bf1-4a8f-b7b0-f87e65a9187c,25749410.11,26.8,0.378,poc,20.1,23.9,1
663c98b4-d241-4d42-ab1f-da2454dbe81d,4236256.14,37.7,0.197,poc,0.0,23.0,1
f5463aba-7096-422a-be27-094e37b8d6ed,11055913.55,52.2,0.207,contract,16.1,20.2,0
e82873b8-ebb8-462e-90e9-4444b6d8bce1,3379608.92,79.9,0.165,contract,3.3,27.9,1
47b8364f-1e09-48b0-814d-52b76c36cbf8,6606682.54,51.2,0.182,contract,0.0,19.4,1
26e61b0f-c993-4200-920f-7759f7f53e76,19662935.72,64.1,0.085,contract,15.4,24.8,1
6bdb6e12-6eab-4d35-8bcc-2cfb635e2f75,5434507.2,66.0,0.657,recurring,0.0,27.8,1
ea50078d-d001-4370-b5c0-ee7981710c6c,2144478.0,57.1,0.234,contract,13.7,36.3,1
3c1805d6-bbd3-48c4-a259-1fb9bc4f3dee,9241568.87,86.4,0.663,recurring,15.5,42.8,0
7e679885-b5bd-4de5-bd67-b1e54c56bd88,9322188.41,65.7,0.667,recurring,5.5,30.1,1
8fe3f574-c653-4bb0-9d68-334b249f80a7,6560008.09,82.7,0.239,contract,15.7,9.2,1
4d705e35-3f54-4524-b0b6-28a1b3ff03cf,4652217.21,77.9,0.738,recurring,12.2,15.2,1
a838e431-272e-43be-b313-b339a32e6a99,2586025.77,100.0,0.489,recurring,5.5,31.8,1
6d6c07ad-14b8-4b82-8ae5-a2cea72a3d33,4728502.47,91.6,0.256,recurring,0.0,23.0,1
cf6227a3-98fa-465f-98ab-5a0817637070,3809726.2,48.3,0.375,poc,19.1,28.4,1
5163742e-f34f-421c-b7fe-36c9c8ad819c,1182537.41,58.4,0.458,poc,18.0,29.8,0
5f899ce8-e54e-4257-98c6-bd7935233c1e,6812411.07,63.2,0.38,contract,4.8,12.1,1
af27a549-95b4-4700-a9d1-5bbeafedac02,5098204.77,64.4,0.126,contract,22.4,25.4,1
79b9cd97-afa4-4f9c-8945-b92e6c712244,4698683.74,100.0,0.626,recurring,0.0,27.3,1
d86c297f-35b4-4446-8324-52d2b7c60416,6595757.97,65.5,0.246,poc,25.0,24.5,1
1cc3005e-4947-4971-aaf4-336c115df363,18532163.62,52.3,0.602,recurring,1.9,29.2,1
a4b2579f-73f1-42bc-b90c-094fa8f650ca,10008072.49,56.6,0.306,contract,8.1,27.3,1
32d9a71a-ece2-451c-a715-70291eaf7392,1984053.97,68.4,0.315,contract,3.4,43.8,1
aaebb850-6c6b-47ac-9360-0306db1e0aa6,8879419.08,57.9,0.378,poc,31.6,9.6,0
f7a98423-1fac-4123-ace3-98724d355bf0,7167755.52,100.0,0.577,recurring,0.0,21.7,1
be8c1d9c-2abb-4cd1-b6f3-4c4ffdf82cca,4673805.55,41.4,0.174,contract,19.2,27.7,0
c431aca2-cf78-4ff5-883e-93e930fecf48,27974943.1,89.4,0.273,recurring,4.6,39.6,1
2fb7cf83-fda9-45df-9107-441aa3d446fa,2864057.1,81.1,0.139,contract,12.2,20.8,0
8067fd2e-5e01-4ce3-958e-286450d17d5b,4111951.4,15.3,0.278,poc,15.7,43.6,1
9c466815-1649-4520-9d04-1f704ccc71d2,1262462.89,36.0,0.317,poc,22.2,28.5,1
32ec0cf2-f79d-43ef-a1da-4a7614228067,7726098.89,16.0,0.379,poc,20.6,39.0,1
a7676347-415f-4a4d-ae5b-2980788b8dba,3936677.92,41.5,0.307,poc,20.3,17.9,1
1a9693f7-589c-4421-93bd-d2071c1cd97f,8691285.72,63.4,0.559,contract,8.2,37.4,1
c9a1e5fb-451d-410b-9758-b4c38bb027f1,3998015.52,100.0,0.671,recurring,14.8,19.3,1
aed870e0-98dc-4766-88d0-e82c027fc09d,26141134.69,67.9,0.075,contract,11.1,37.1,1
58b8bc16-2ca0-41e9-a6f0-f64240969e9c,4700567.97,51.0,0.339,poc,16.0,11.3,1
c8c097fb-1ea2-48c0-b41f-d6cd5c0cb4af,11238166.42,71.9,0.013,contract,22.0,28.1,1
1abf75d1-98b2-4b98-bf2f-fe0bc2f16868,7721749.14,19.2,0.106,poc,28.4,34.4,1
d19304de-c6f1-42a5-8f1e-86a89607a3aa,7045430.64,62.8,0.486,contract,2.1,11.0,0
51071769-f452-438e-b998-a7b6bc2415ec,1772128.89,26.1,0.253,poc,22.5,19.9,0
74016dec-0575-4d34-b7c0-17c5e23a4deb,4731264.43,46.3,0.281,poc,24.1,36.9,0
8fb293c3-007b-43d7-9a83-52cca73d1a5f,6908631.34,43.4,0.226,poc,22.6,42.3,0
0afa2aa1-990f-4043-b7ae-09d537421072,8248914.26,50.0,0.065,poc,18.7,28.6,0
b0d27505-c4b1-46c6-9d0e-e522ce106265,7155104.38,100.0,0.161,contract,7.8,1.0,1
a7ca09ca-573f-4bac-a5ca-34434e2881ae,16428952.8,55.3,0.472,poc,19.6,7.3,1
3c8bc794-d9fb-4e5b-8333-11a4f62ffdfe,3985326.45,78.3,0.269,recurring,16.6,39.1,1
e506e2b2-7ea9-4235-a37b-d0287a4f6b58,4015560.49,64.0,0.081,contract,7.7,44.0,1
39eeae8c-12f2-4a0a-9714-9afafe7e54cb,5691181.36,29.6,0.661,poc,17.8,33.8,1
14789330-5083-41ff-b593-e960bdedaacc,3764743.95,100.0,0.357,recurring,24.0,10.3,1
40036dde-f654-437b-be66-6136c7e206c9,4560480.29,79.6,0.231,contract,24.2,32.9,1
ddcacda6-da26-4059-909b-2bf9f7081c95,12460630.54,48.6,0.095,contract,14.1,27.3,0
968d7e3b-2524-479d-a97a-f45063abd100,4152868.31,69.5,0.076,contract,13.4,29.6,0
afadcffc-eede-4dc6-b81b-b2eef5cd1786,3323460.25,84.6,0.516,recurring,7.4,24.5,0
f2d7227e-93d3-4a4d-a39c-b3dc1324f080,3360521.27,49.4,0.174,contract,0.0,21.0,1
687c0096-52dc-4313-98ce-9009b92e2143,3998363.57,97.2,0.584,recurring,0.0,32.0,1
36915193-9a36-43e7-a747-e47dcfbd94c2,7193350.42,80.2,0.299,contract,26.5,24.2,1
ba3d9c9d-9fb5-4788-9441-316c79a65c80,4035986.97,95.4,0.438,contract,16.0,32.1,0
4b4977b3-1712-49b8-a52e-ef2e5966b9ad,2512068.9,99.2,0.618,recurring,5.7,34.4,1
416c84c5-a973-48a5-a962-ac6750c163f6,1927970.17,73.7,0.594,recurring,0.0,28.4,1
2b9e979f-71c0-419a-ad37-c90e070c4551,2342278.9,54.6,0.071,contract,6.7,34.0,1
f4f16b97-d14e-4d2e-aafa-a538eb9daab9,5298485.87,88.3,0.351,recurring,22.4,29.6,1
63cc7163-9c5d-401f-acf9-e82d806d99d9,4217315.1,62.9,0.168,poc,18.3,32.9,1
6ad42404-15e8-4243-9948-9e96807e34d2,1765858.35,60.2,0.429,poc,25.3,34.3,1
3ebaa4cd-f3d1-40c8-8a4e-801cef9226c5,1529083.31,42.9,0.292,poc,11.7,37.7,1
51f247a1-09fb-4d50-a2e8-3fd0cbf95cb4,17458002.78,54.1,0.492,contract,17.3,18.9,1
80ce2758-739e-4698-a530-4feb42753500,8793163.95,74.7,0.614,recurring,4.0,19.6,0
a176c45f-b0e9-4eb9-88c8-9553b77daf80,3020032.35,33.3,0.246,poc,18.6,28.0,1
69f6af41-10f9-4b6c-96d8-96761e27dfa0,11989575.05,56.5,0.103,poc,14.0,26.6,1
8fb2d488-a7dc-4094-8728-3344e04f3ddc,3903515.06,36.0,0.331,poc,13.8,38.2,0
9aed06cf-89fb-449d-81c9-d6e49ea579a3,2604284.05,40.0,0.548,poc,17.0,30.6,0
2d00284e-e412-420d-92ef-0f3dc6817122,4693006.31,29.3,0.516,poc,14.0,36.6,0
33f5854e-1c1b-4cc6-b0e9-36674e7bfccd,18390542.48,77.6,0.448,contract,19.0,33.6,1
74393ed2-aa8d-4de4-bd1c-dbfdbd434de4,3720381.13,66.4,0.309,contract,0.0,35.8,1
e56c8c2a-8b8a-420d-ae1b-dea878fa98c7,11238732.94,50.5,0.537,contract,7.0,28.1,1
a1019be6-aafa-4858-8397-1f7c7740dfc8,2232496.55,43.4,0.172,contract,24.5,51.2,1
5eef1bfc-b3b9-480c-a9cb-b7c2513cc185,2393268.71,60.7,0.232,contract,12.2,23.3,1
d59c1c25-4024-4adc-8d2b-84bbb3b9e984,13567218.57,100.0,0.52,recurring,0.6,16.4,1
ec092905-4abb-44c8-b30b-89799357af05,2779492.37,52.3,0.136,contract,1.1,15.3,1
2853ebb3-5dce-4225-93d0-62e76ce73181,2895473.12,100.0,0.459,recurring,19.0,24.8,0
6dadba9c-6bd9-442b-9528-82cff611023d,9697260.64,71.0,0.274,contract,8.6,27.5,1
241af967-4ae7-4dbe-a954-be83a61e1f09,4518080.11,27.4,0.322,contract,12.7,28.0,0
6518ba91-d369-4345-bbe3-50edb0b6baab,9006233.0,81.2,0.54,recurring,11.5,12.4,1
8a9f7a0c-bb59-42e7-9c7a-8d0877a93fcf,2746309.25,90.3,0.229,contract,6.5,18.3,1
b428fc16-dc4f-4ff6-932a-3b0814334332,5300103.27,41.0,0.191,poc,26.6,50.4,1
887552bb-64fa-4cb1-a6a7-da4cd45a8bb3,4524142.81,50.8,0.375,contract,6.4,39.5,0
2849b4a8-8f15-4ee7-966a-aa895ece5aef,4813007.18,90.0,0.348,recurring,0.0,17.9,1
c658b2db-49f9-4954-b293-a2c8df3a1a39,3132430.06,38.0,0.219,poc,24.1,18.5,1
3cf4de4d-9379-4d53-997b-1663c62b59d6,5195122.91,69.2,0.6,recurring,0.0,20.5,1
fc30d07e-934d-40aa-b123-ae4c2bce8b69,8685872.03,63.3,0.359,recurring,7.4,11.0,1
02fa5de5-0a6e-49b5-acad-cae9d4d5da20,11316466.62,45.8,0.088,poc,22.0,32.4,1
bcbd41eb-302a-4e7f-9197-d3691281a423,7722551.62,45.1,0.618,poc,33.2,25.4,1
d1f82eef-3d63-40af-b5cb-2130f7565a1f,4228094.44,50.2,0.361,contract,0.0,26.1,0
d70355c0-ab7a-4d36-b13e-9e17b0a92c0a,6564580.19,91.5,0.264,contract,15.6,1.0,1
1a8a4127-7378-4708-9f44-b945139731ef,2195600.36,88.8,0.201,contract,16.3,10.5,0
c2af3b3b-04eb-42f7-9d2b-92e63b5cb8f5,2631634.26,33.2,0.176,contract,21.1,31.2,0
db4634b9-6bee-43cd-9d22-5011707157b2,16613798.6,90.5,0.458,recurring,7.1,26.7,0
10fd2d98-9aad-4737-a110-05feabd1e135,2115936.39,100.0,0.48,recurring,0.9,24.2,1
65fd567f-7bb5-4a36-8c26-54dcaba21955,7108275.73,89.1,0.705,recurring,12.1,26.3,1
d47646ee-a1db-489c-860d-5749e1b9e113,5237696.2,100.0,0.497,recurring,15.7,45.4,1
e5695c43-697d-49dd-95b2-8bbd3067b8b0,7450756.57,83.4,0.483,contract,11.2,11.9,1
983345ad-43ab-472f-9501-d3a439f9080e,9030690.18,83.4,0.648,contract,26.6,6.2,1
8c33b989-0f16-4a8d-9135-71b22b874d29,6236870.8,74.5,0.26,contract,22.8,36.9,1
e34c68b5-40dd-4979-83f3-3466751e2a10,3790714.5,100.0,0.453,recurring,17.6,12.3,0
430719e3-619b-4200-9eb5-5ef89d5183da,2893141.69,43.1,0.508,poc,22.1,26.9,0
5e900bf8-5d8c-4cc9-9ecd-5a7cbd9fc549,13766500.32,46.2,0.101,poc,20.5,44.1,0
222ab28a-f7d4-493d-8344-e10b62585f46,7491523.79,61.7,0.228,contract,11.2,19.6,1
757a19f0-db80-4241-a402-f67f6adbb6be,2029257.08,99.7,0.318,recurring,12.7,27.1,1
dbb20c58-354e-40f5-8170-d841e35fc5f6,8184828.19,22.3,0.018,poc,27.4,42.2,1
a4ad1333-4a61-446d-89ba-cbbb38581548,16375552.1,86.2,0.247,recurring,14.7,15.6,1
aa46e84a-c9d9-4868-a114-bf3329b14706,7464758.63,62.4,0.058,poc,23.5,29.4,0
fa40dabf-60f1-454e-a059-ac7f38343f75,1308258.91,85.9,0.366,contract,22.4,31.7,1
6b5050c9-b88d-4a85-a55a-2f9a100d65c8,1345609.53,99.6,0.338,recurring,11.0,22.2,1
aceffa76-617b-4555-9fce-a51305ff9c14,3872781.27,45.8,0.207,poc,22.3,34.2,1
3e72d696-a7d2-41b3-9438-46b98d4a6025,2597714.28,81.7,0.444,contract,7.4,30.2,1
8801fd45-5906-4e02-893f-2e3e45e00498,22994830.9,46.8,0.191,poc,19.5,17.6,1
2033f163-eb75-43ca-a62a-a1aed91cf481,5561759.0,59.7,0.309,recurring,10.7,22.2,1
780d48a3-4c2e-428f-9952-4cc4c53228e9,4472026.7,17.0,0.241,poc,20.1,35.6,1
0e05e6ba-99fc-4aaa-b452-34f2d80a7e44,5420485.31,44.1,0.22,poc,21.2,35.3,1
898095f0-0058-422b-80b5-35341432b177,3242209.35,66.4,0.264,contract,19.7,20.9,1
217edc54-48a3-4f8d-a8d9-27302b1b348c,7475139.86,81.0,0.573,recurring,16.3,33.7,1
cc09b1ff-49c3-49f9-bd48-aa5d4005a33e,13016287.67,76.2,0.2,contract,16.9,19.4,0
41fd43d5-fa7c-457b-b3f7-44d75c65b0af,20566989.78,44.9,0.161,poc,24.1,29.4,1
0ba34861-1831-446e-bbef-5459bd41436c,4674035.83,68.6,0.357,contract,22.2,19.1,1
2a34ddb4-c54e-474d-992b-3a056a925d4b,10515820.76,20.9,0.71,poc,30.6,41.7,1
96897745-1ecb-4c8a-9df1-0a09b9887b19,5822925.85,71.3,0.602,contract,17.9,22.1,1
b517a4c2-e38d-4680-84aa-d3df8a3e504f,10920972.58,90.6,0.423,recurring,8.2,29.3,1
abaae9a2-1259-43a9-8be2-b464e9247ef3,14497283.08,47.6,0.609,recurring,19.4,18.8,1
ce2a23bf-5f06-4952-af6d-f07493ab2573,3630953.26,29.2,0.253,contract,10.8,31.4,1
fa37b6cc-0957-47db-8e35-8e499e2e89bb,4198537.27,100.0,0.382,recurring,4.0,20.8,1
dbd3b0f9-822d-402c-940f-4c31b4354383,5303776.12,62.9,0.49,contract,5.7,22.7,1
95ad2fa5-1a92-4140-9b97-7127f280dbe7,2480333.78,52.6,0.433,contract,0.0,29.6,1
7fa715c4-5d0d-4d24-9f35-f8b122d861d8,2908339.23,32.0,0.374,poc,17.1,50.7,0
2e11b469-48ba-4eaf-a94e-151f91beee42,4158321.56,55.3,0.102,poc,21.1,39.9,1
c490dff6-e7ea-4c35-b4d0-215b5d75a6df,4111945.39,29.8,0.202,poc,19.1,30.1,1
0b538cac-cfdb-4c5d-bb74-0ce25e1c8608,4000829.39,39.2,0.378,contract,11.9,40.5,1
2363f5e8-699c-4225-86c5-a1f509e9ba27,4311304.86,71.1,0.659,recurring,0.0,9.2,1
6e44ffde-e8c7-4346-894a-75f70f891fc0,2995913.87,28.6,0.192,poc,15.3,32.5,1
ea329841-5488-4ee7-b1b1-f907cd296192,5468356.83,75.3,0.187,poc,22.2,21.6,1
d6065368-945d-48aa-aa62-ee8d3b3200a2,6072282.86,85.3,0.168,recurring,15.7,36.6,1
aa30f32d-ae44-4d0d-9748-bb811b931f35,25082599.82,53.9,0.216,poc,18.6,41.9,1
9377c11f-e7b7-4f18-b068-cd15d74a8e41,12221657.01,91.1,0.812,recurring,0.1,30.0,1
9bd65dd6-b31c-4a32-b46d-1d0d5fd6cc34,4454520.78,28.0,0.253,contract,16.8,29.3,1
7145ffb1-04d2-440c-9358-c0ec3dd69928,3801273.32,31.1,0.075,poc,19.7,31.8,1
0e0b774b-fbd7-44a9-b67a-48b1550b9e31,6780148.87,64.1,0.095,contract,19.1,9.1,1
32ebb0c7-c280-4a75-8507-251575e2b1bc,2755454.34,56.5,0.204,poc,18.0,25.8,0
1fb986b3-d11b-4720-8c63-f1977ca5ee43,10960628.62,71.2,0.531,recurring,1.4,45.0,0
ffa93b92-e3ac-4894-8f82-03b9e7431e9b,3128935.86,84.4,0.348,recurring,0.0,27.5,1
72ba29bd-d2b9-4b68-ab82-2211c0b6a8c0,6156327.4,48.0,0.713,contract,10.3,42.6,1
61953154-a21e-4120-a60e-dd69a9cc720b,4462206.91,43.6,0.061,poc,13.5,27.0,0
b67478b8-2da6-4815-bf5f-50a6d92b925c,4827282.27,68.3,0.386,contract,3.6,34.0,1
346e94f6-4510-4e07-8c46-0fb41fa27ae6,5133611.15,59.5,0.178,contract,15.5,41.3,1
044c06d0-18b0-44cf-9336-1beb074a1833,9726795.69,86.2,0.365,contract,21.6,13.8,1
203d523b-51a4-4de9-9943-7d32b43b78f7,3644837.47,54.7,0.611,contract,5.8,36.8,1
1103d943-1d9c-4882-96c7-5b7f5587bf14,7038689.92,99.3,0.072,contract,10.5,25.5,1
1c119d5b-8c7f-4aaa-922f-33918c66d477,6548095.84,27.8,0.074,contract,4.3,40.5,1
27adeee0-7381-4394-ab00-491d89794a8c,5748808.89,100.0,0.673,recurring,8.0,17.3,1
042ba389-d87a-49cc-81f9-59d66de4d273,5490843.7,95.9,0.354,recurring,0.0,17.5,1
74c404b7-48ba-48f2-9f2c-ef966467f090,7512448.5,62.8,0.049,contract,16.4,18.3,1
b67bbc60-35f6-4c01-94ee-415c15bcfdf0,15492282.24,55.7,0.191,contract,8.9,30.6,0
1cff8b2a-5abe-4dc2-98c0-10f955ec0700,2977253.98,54.9,0.024,contract,10.9,45.5,1
6cebc573-bfff-44cf-9871-cea66eb579b1,4869251.11,58.6,0.121,contract,21.3,27.6,0
2b163337-045a-4c44-852a-915702e31181,1286980.37,65.2,0.47,recurring,8.4,31.2,1
4bd2283b-445e-48a8-8ebe-9282d29dc743,9760556.58,45.6,0.046,poc,5.2,60.1,1
28974a9b-6626-4716-aa03-1a6a60468d08,6994588.08,44.5,0.349,contract,5.3,20.0,1
d3c3d52b-db65-44aa-98e9-7e12b4fb96da,8996787.82,59.5,0.083,contract,12.5,43.7,1
71ff92db-c054-4e6a-91e1-98c5bf6a70f7,11596151.02,93.9,0.466,contract,16.8,26.2,1
e877738f-6e44-4a4b-adc3-4ec006a45480,6768410.39,62.3,0.685,contract,23.1,8.2,1
c8bd3588-cb9c-4c57-b6ab-b96914d79c03,12586226.2,67.3,0.484,recurring,8.7,23.6,1
08a17406-cec7-4c14-9beb-3df2d93cde04,4591160.73,80.5,0.372,recurring,5.7,45.7,1
c6b01134-9e79-4918-a760-e565d6b33a59,8258723.39,60.4,0.176,contract,8.6,29.2,0
bfff997a-2c6f-47fd-9507-24737061193a,4004415.32,34.6,0.349,poc,27.2,28.8,0
cc15c622-7113-49b2-9765-401110790f4e,9389619.43,51.1,0.299,contract,12.5,46.9,0
c32db33a-cda6-4ceb-8165-21f272d51d58,1379468.94,14.4,0.357,poc,3.1,28.0,1
483e8fbe-b738-4f06-95c1-b6f8ff4a5f7e,4660482.89,61.0,0.277,recurring,3.9,15.7,1
e0efa1a1-dac4-4ebe-b256-f3b5c9b2c06b,7645777.14,100.0,0.292,recurring,2.5,20.4,1
809c80cb-fd1b-4fb1-b84d-e73b7eadfcea,3759188.51,32.1,0.451,poc,20.2,20.8,0
eb46b96e-256d-4345-9c60-e6118e76cd4f,5657953.11,79.8,0.574,contract,26.0,21.3,0
189f749e-9924-48f1-8ecf-9890ad8160a0,2966507.78,94.9,0.358,recurring,8.5,21.7,1
85227704-d714-43ae-a5de-615001243d50,2147121.87,77.2,0.355,recurring,14.5,22.3,1
89395d9d-a008-446e-9a20-3ec378d9543b,5469487.52,81.4,0.304,recurring,22.7,19.8,1
888bc274-6353-45c2-8294-6dd5d9124b7c,5856740.8,41.5,0.255,poc,27.6,51.8,0
0327d886-e706-434f-bd43-8a93471d834f,6489078.88,33.9,0.251,contract,22.5,42.5,0
9b02256a-a4ef-4385-bb67-7d67ad036c74,4707083.91,31.7,0.5,poc,22.8,42.9,0
b32534d9-8d34-4af4-9505-3689ecf8670e,6354146.72,95.3,0.253,contract,16.6,48.4,0
437ba83e-6bbd-4d2f-92d9-bfb4ac70aec2,10850140.11,96.9,0.409,recurring,2.4,30.2,0
dd4f38d6-4e5f-47d4-94de-57e9a0c59fb5,10974995.88,37.1,0.357,poc,17.4,14.9,1
a43eb35d-f855-4c3a-9d56-74ee95bd1a52,1787587.79,12.9,0.276,poc,27.7,22.3,1
0dbe1a77-f140-437c-be3f-5f8d1493107a,11727805.07,89.2,0.451,contract,13.5,6.6,0
d6a9c32e-6c8a-46e3-bbc0-5868db1d3f24,6341838.53,36.3,0.541,contract,16.5,36.1,1
d8a55075-2ac4-486b-b43b-9e047cb14bd3,5626207.41,72.8,0.2,contract,0.5,16.1,1
e147ef08-8019-4d61-837c-0b1afb677aa2,5722250.86,71.5,0.288,contract,13.5,22.1,1
10eab5c4-958a-4437-8fd2-81ff541aaada,16095731.36,79.4,0.213,contract,22.9,33.2,0
02709110-6f0d-4464-8b59-f74718c9c601,3145543.64,61.0,0.151,poc,8.9,30.5,1
9b2cde3e-f204-4b4e-917d-2232f1e09889,2982016.61,39.3,0.289,poc,23.1,39.5,1
b2d41900-f5cf-4e28-8a27-1f18969b2960,4938842.25,84.5,0.248,contract,6.9,28.6,1
8e1635a6-d557-43c6-a0d8-d20682e7dd5a,2201119.11,29.3,0.451,poc,12.0,34.0,1
88e10f86-5eb4-486e-a2cd-8ea2df27458a,3566487.99,70.0,0.086,poc,26.4,37.5,0
676f2d59-5040-4ad4-8bb4-025c1c4d41e9,4042707.47,76.2,0.553,recurring,0.0,32.2,1
1b3a12db-ec13-4341-9368-4e563b230f44,3951250.78,85.9,0.67,recurring,0.0,19.3,1
767c9e36-a089-432f-ad94-486b4eb1c91c,3289576.38,87.1,0.322,recurring,9.5,12.8,1
4288678a-59b9-4793-ae08-dd3a187ebb2b,10729362.81,60.7,0.287,contract,2.4,23.7,1
1ee93b30-eb73-412f-b77d-edf8f2bf36e0,4097708.29,37.6,0.089,poc,21.9,30.8,0
aac9cf81-a4f8-46c1-8871-8aceee02ba02,5915658.03,40.9,0.202,poc,14.7,13.0,0
7768c120-8ea5-4af3-9194-cf41502fc5ad,7212542.45,88.7,0.197,recurring,0.0,26.6,1
b9b82d6c-9cf8-4157-9a93-c16ca043a484,1705530.96,69.3,0.207,contract,6.7,20.5,1
c1cbd213-a05e-4208-9c1f-6dbd4ceb64bb,3404419.0,77.3,0.29,recurring,10.5,20.3,1
c8eebe3b-f4e0-4a08-9ba6-1dfeb32a0ce7,14860674.23,9.2,0.138,poc,21.1,28.1,1
9d63764c-3abc-44de-b3f4-d5aa1279cae8,6750212.56,65.4,0.199,contract,5.1,42.9,1
b7ce9281-a7ee-4a7e-9e19-076e3933379a,2576992.66,35.4,0.463,poc,13.5,25.3,1
0749bfa1-f8dd-451d-ae61-0dac182ba3ca,4481540.54,41.4,0.089,contract,0.0,50.9,1
df64e221-5e3b-4b51-ac20-5b1cb20701cd,2996716.68,82.4,0.234,recurring,3.8,38.6,1
b15ae8c2-4d69-4cdd-9522-04b1d725d305,19814505.54,37.8,0.418,contract,16.0,38.0,1
5ea2d3e3-c55e-4a4c-b818-f5f5fbc6310c,13311593.56,72.8,0.122,contract,7.5,8.6,1
9a1bf74c-f6c4-43df-86e9-c1855bcf4b5f,15895360.41,72.2,0.198,contract,8.6,26.4,0
446e89f2-227b-4104-a3a1-ea3980594621,2425894.51,83.2,0.492,contract,2.4,17.3,1
12c55eae-a675-4818-a2cc-9fbe9229213a,8654081.1,46.5,0.469,poc,15.1,37.9,1
fd774515-8d7d-40cb-9afb-5e1de820d36c,8998935.6,46.0,0.11,poc,10.8,29.4,1
dbc98fc1-aa78-4cf7-b7e9-a6325b436375,10128986.45,89.7,0.24,contract,20.5,23.2,1
fa81f0d3-8d5e-41e5-9f88-262e06e53e55,7583742.84,52.0,0.131,contract,15.5,20.2,1
6f28d8df-088a-42d5-ad71-f68128c4949f,10749467.73,28.4,0.27,poc,22.3,40.0,1
99414dc4-8e0b-42be-bed4-feab3c276ce4,4773418.69,48.8,0.44,contract,27.0,50.4,1
2703f338-ace6-41d9-9611-77d6122017c6,6323793.12,57.7,0.506,contract,9.4,26.4,1
ffd8af78-a4bc-4acb-987a-e88bba766119,4877155.6,51.3,0.171,poc,15.3,41.9,0
33e0275f-1779-4360-8676-a537b84d9420,9766146.33,100.0,0.43,recurring,6.7,7.1,0
6073e895-6cca-4dd5-aba1-93b0b7565968,3184845.1,31.9,0.567,poc,14.5,40.2,0
347f1510-d4db-4597-a692-aa0b9c53f332,1627606.76,76.3,0.372,contract,13.3,31.5,0
42204a3c-1fd4-47cd-ac45-4ca8b86d1204,2451889.28,55.0,0.166,contract,16.8,23.0,0
83ea6a3f-7c6c-4689-94d4-921a3c9d0a8d,6069328.82,65.6,0.152,poc,28.4,43.0,1
9806a06e-d35d-4991-b24e-2034e1e97114,15130305.47,97.3,0.531,recurring,0.0,38.6,1
a2666b59-ce79-453b-be13-efb6701c7cbc,4355869.27,68.7,0.498,recurring,2.9,30.8,1
4d3da96c-1ca1-4083-9085-baff1eaee388,1383069.01,37.0,0.123,poc,4.8,35.0,0
e3ea437b-1ae1-4748-9c07-bc4c2ee833a6,1699365.74,92.7,0.331,recurring,13.2,24.4,1
f7cd67ed-0e2e-4a55-b902-f6544c205953,5164959.22,39.3,0.19,contract,18.1,30.6,1
955a4059-14bb-49ef-9541-6deef4acf7c6,27505974.91,51.9,0.185,poc,29.9,26.9,1
7276cc36-9fb2-4d8e-b54b-d4ed29515c02,8021608.05,47.0,0.578,poc,34.8,26.6,0
e0a16dca-f3e1-4834-b827-29839d54d37c,2631214.1,50.5,0.299,poc,26.3,49.1,0
7c4021ca-f354-4ffc-bf74-681f418c8c4d,5028150.17,87.5,0.178,contract,25.1,42.5,1
058a1c41-9c8f-4fb0-afab-01f24794d6bd,9797897.39,66.9,0.364,contract,8.0,24.6,1
46f9fe45-4b22-4571-a83a-a1b557e9fec4,18584587.65,91.3,0.216,contract,3.6,32.5,1
8703ecfd-9992-4ff5-8093-4f236f4b53de,1082329.86,45.8,0.153,poc,17.6,39.7,1
6b95284e-719b-477b-8ad0-cf297b4bcc0e,5056855.79,23.9,0.279,poc,17.4,26.5,1
7488b24a-6800-4c30-b9b9-43335cbacb40,4584656.98,96.7,0.319,recurring,1.3,13.6,1
10a8525c-e6b7-4690-b887-f435b3daeec6,2202427.56,17.3,0.243,poc,18.5,50.3,1
11acdd08-27b3-4ad2-997b-7227a0e78bc1,6706783.36,44.5,0.281,contract,0.4,24.5,0
4302700f-af01-4633-b6dd-ba7b5de0a4b2,7890031.93,70.9,0.586,recurring,9.5,26.3,1
c4869095-6c24-4a89-ada1-a2a22b3feae2,3057603.81,34.9,0.208,poc,13.8,17.4,0
b5e3e9ba-2d66-4e09-9adb-2d7b583a7046,3852112.97,100.0,0.248,recurring,0.0,21.9,1
14422915-0c90-4a35-9fd9-ee3e93ea1c8f,4642819.79,26.7,0.328,poc,21.9,34.7,0
7c35726f-6c28-494d-b945-531aaf3c3618,6131307.89,58.1,0.14,contract,13.0,12.8,0
781cf8ce-74f9-432d-9b96-5e4660b8924f,2453748.66,19.5,0.318,poc,16.8,39.1,1
0021853e-2da1-4148-bc96-79859ea421b7,6764797.35,35.5,0.052,poc,25.0,29.2,1
3519aeca-fd8b-4669-b3ed-f8a2fd25dbad,3334517.77,80.6,0.16,contract,10.5,28.2,1
9989df3c-0dcf-4065-be13-63956eaedc2e,3229550.44,75.1,0.31,contract,16.4,13.7,1
5ab7e90f-d41c-4777-a306-1b48b0bf5d85,5279858.63,44.9,0.237,contract,4.3,17.3,1
c7c350a8-ff45-4ade-943f-a7605ef80750,3437141.39,52.9,0.196,poc,15.8,43.7,1
1c4fc4c0-d552-40fd-83c8-1ed8a8fbb2d5,4485362.05,22.1,0.116,poc,7.1,37.6,1
637dc098-4bff-4475-86b1-584be96cf5f2,3722648.38,16.5,0.311,poc,27.1,34.4,1
26393144-0cb1-452a-bf30-aa42b9593226,3575215.57,95.5,0.071,contract,7.4,21.0,1
13e6dca2-3bd3-4a63-840b-bce04d52a274,5207869.68,52.6,0.496,poc,30.6,37.4,0
31d9ee96-1a05-4cbc-994e-914dab495116,2716443.25,51.7,0.259,contract,15.5,12.7,0
6c524f65-331f-45fd-b3e4-8c77dfbf4234,5936726.12,27.5,0.298,poc,23.0,25.2,0
b6f2cf5c-6b03-4592-8575-fc4f13dd4552,3146319.63,83.1,0.445,recurring,0.0,15.2,1
a5ae198d-b774-4739-9908-9f2008a959a9,4192334.97,41.3,0.348,poc,28.7,27.1,0
ef8e5222-cacc-403f-9fdc-c1d787cd072b,4574240.16,75.6,0.344,recurring,0.0,22.3,1
923dc2b6-a112-4a89-8222-82683c7e145e,6899937.73,73.6,0.212,contract,19.1,44.6,0
dd60c6ee-313a-4952-808b-d75dcc447b24,2292373.86,62.3,0.175,poc,12.3,37.7,1
b88cabe3-86f8-4a74-99ad-f0d375193cae,7852097.23,61.1,0.371,contract,10.0,31.8,1
2ca32d05-41e5-4f29-918a-cb62f8bad610,2425862.11,64.2,0.124,contract,18.0,50.7,1
02823001-a1d3-44b7-8a5f-5f3420435c3d,6748506.91,46.7,0.643,contract,4.7,33.6,1
3c6b02ec-718f-459d-959f-912f5a8939cf,3277598.15,46.2,0.357,recurring,10.0,29.3,0
c32d2b36-e923-41b1-aea0-adff6fa1c5bb,4618136.2,60.1,0.323,poc,18.7,19.2,1
78752998-536e-49a0-b35a-f77e3604e349,7076643.61,72.2,0.645,recurring,5.3,9.7,0
46f1fad3-d6a0-458f-bfa6-42f6cab693cc,2759052.7,98.6,0.531,recurring,3.9,31.0,0
35fefe03-d70a-4a01-b1de-98140ecffd88,916216.73,64.3,0.514,contract,12.3,31.5,1
62ceb2be-1502-40c0-b3dd-856a913b4a1c,3527809.04,30.7,0.424,poc,22.2,30.7,0
0c352c1f-bcf9-489c-986b-c98a0b2b1929,9439430.46,79.6,0.554,recurring,0.0,14.4,1
21ca3686-c0db-4028-b346-21974fd615f9,4140433.82,73.5,0.393,recurring,0.0,5.1,1
ebd6713b-df74-4531-9b3c-abe70efadd52,3570751.19,48.9,0.19,contract,1.6,37.5,1
aa6184bc-30d6-4ec4-b63e-65d00b038529,1099137.17,75.5,0.117,contract,15.8,22.9,0
4968ccb2-15a0-4ed4-aa59-7402b7e5171b,13870538.82,100.0,0.222,recurring,0.0,16.7,1
e6c0a39b-d3d3-40c4-8a3f-e7df51e98728,16818139.4,79.3,0.287,recurring,8.1,17.0,1
983bf0ed-9b20-41ec-91f0-abab3127ebf4,3180559.2,97.9,0.222,contract,1.2,11.7,1
d6247d89-6446-4fc5-9801-64cd4c1c191c,3376427.54,75.7,0.055,contract,11.4,16.1,0
f24fdb99-32a9-4982-b1d1-ef5c0fc70585,2259591.47,65.4,0.409,contract,8.0,21.8,1
2f5722a6-792a-4c9c-9549-21788b41ca11,10520239.81,73.5,0.618,recurring,2.7,22.6,1
56680e18-c23b-4693-9134-fe6f1a77d3d7,14128884.3,85.8,0.537,contract,18.1,22.6,0
6875c995-fc11-4309-8186-d62cfb342d9f,3298428.65,76.2,0.277,contract,6.5,26.9,0
cb7dd06c-d675-4c9d-8765-be2cf51e7cb7,10339897.4,51.4,0.315,poc,8.5,44.6,1
746dc718-7fe8-474b-af8e-297691b98f01,3572959.39,10.0,0.216,poc,27.3,42.7,0
2337034b-910c-44ef-91d4-3d89f6a46a76,1272834.15,87.1,0.051,contract,4.6,20.6,1
9242c99c-648c-41b8-9eda-83e99033b59d,4882914.0,28.3,0.287,poc,36.8,27.5,1
a8d7f21f-0d91-4c6b-b75d-0febc7554207,12494447.84,30.2,0.284,poc,26.6,33.5,1
dc68d5c5-03ed-4c3f-9dfb-d98a05dd4696,12423908.26,86.1,0.412,recurring,0.0,39.1,1
d7479a49-3643-4edc-b1c8-8b17d8fd8fb0,5957659.49,100.0,0.68,recurring,8.3,26.8,1
2a7da2b8-19fe-4157-8e0a-8f42e4bb312e,5078531.08,97.6,0.257,recurring,11.8,40.7,1
1a1ff6c8-8133-4366-b912-6f9bcbf53d23,7177411.68,96.2,0.479,recurring,9.6,9.4,1
95273da2-8897-4f94-ab97-4da229d8c664,5697620.08,70.9,0.145,contract,15.8,26.3,1
8fcc0ef5-ef51-48f2-8a00-24891b5aff68,9123518.6,60.7,0.466,poc,28.3,28.0,1
3da74aed-28d4-485d-b7c8-6e7058202617,6170735.83,75.2,0.158,contract,7.4,34.9,0
3f6b365f-bd7c-43b6-9392-3be05a01230f,9651113.41,65.9,0.296,contract,15.7,25.4,1
4ebdcb68-8682-46ed-be7b-50ec2e911253,17039034.8,84.3,0.343,recurring,0.0,27.6,1
71f6b26e-12e0-4e61-994b-a21e56e9aedf,12340115.29,89.1,0.562,recurring,9.0,31.1,1
2c6b5ba7-58c7-4bf5-a3e6-3a698c681a14,2663683.29,55.1,0.053,contract,11.1,18.0,0
f26c4418-e6ca-42f6-b5ea-378f4ccbcc6f,3549706.82,25.3,0.078,poc,11.7,47.0,0
303b0021-ff69-437d-9cb9-15b019169433,10915256.01,41.3,0.323,poc,20.5,40.7,1
e8c94909-44c9-421b-a868-9def50cc61fb,6817209.02,29.4,0.165,poc,12.6,46.3,1
911d56fe-6244-4a85-874b-7e1024421f88,22733318.87,75.0,0.581,recurring,0.0,31.2,1
81427bfa-d82f-4fe6-baa5-0efb4aa6f519,5501701.07,44.1,0.254,poc,34.5,17.5,1
b4fd1c57-cf44-45d4-9ccb-ece191e0ce64,1161760.4,76.7,0.696,recurring,21.7,20.0,1
704f26c6-c00a-4ba2-b05f-78be3dc22ac3,8897119.37,42.2,0.226,poc,23.1,50.8,0
2682701a-ba0f-4b66-a9dc-6a603c4656ea,3615720.35,52.7,0.282,poc,26.5,36.1,1
6bb2e5c8-41be-4b3d-bfcd-5ca94cbb64e9,2784320.53,38.8,0.277,poc,9.4,44.1,1
5703827a-3e15-45bf-ba67-933d6ae0b686,2960524.64,47.4,0.128,poc,22.8,25.3,1
717fe4c2-ff42-477d-9402-f2a6c4a94a5c,4010046.64,44.6,0.103,poc,23.7,32.1,0
33dc70f6-ba2c-4116-b60b-02e4c0a3a4c5,11634100.88,75.6,0.305,contract,15.1,6.9,1
a20c2a5f-45e8-499a-9d04-12bc3e5dd70d,16742870.65,27.0,0.245,poc,29.6,22.7,1
3419c91f-84a0-4964-bf75-0a7f2daedb13,4983817.31,100.0,0.453,recurring,0.0,14.1,1
5e5df2f3-3b0a-4406-aac7-e12f87caaef5,7352077.88,61.2,0.253,contract,22.0,27.9,0
37b06b43-dac4-47ed-838e-c0fc52552cb8,1195595.68,81.7,0.441,recurring,4.7,28.0,1
90fd74e7-08d3-454e-9b6c-21a504d90441,4348849.94,69.2,0.312,contract,19.6,20.9,1
a56efa87-a3be-4206-90f9-afc3afda2eb7,5623366.49,60.9,0.445,recurring,4.7,15.7,1
22366c94-86c8-481d-830a-131dd5f9aaf7,15115519.83,12.3,0.124,poc,23.6,43.7,1
e50ee434-9666-4fb4-ab00-c22fe484d4b1,6795551.03,63.7,0.512,contract,14.6,22.5,0
197f6da8-22df-4910-b1cd-edc19f37df8d,5225083.28,88.0,0.18,contract,13.9,26.6,1
7338d80b-8ab9-4e14-956b-234741fb26f4,3565433.99,53.9,0.068,poc,12.8,30.2,0
2b3f3885-a0b7-48a9-9ff6-1d0a7b1d0214,16173059.76,69.6,0.787,recurring,12.0,30.4,0
a40ba65e-d432-45b6-82e8-91376281e88b,9665916.4,72.1,0.614,recurring,12.0,37.9,0
8baf9771-9946-4c3c-93c3-b7d75ea617c0,2803654.1,100.0,0.591,contract,0.4,23.6,1
cbfd312f-877f-430c-b010-218105989eb9,2975112.45,63.0,0.31,contract,14.4,24.8,1
0454463c-927b-46a1-b1c9-067ee9a3cdef,2226666.96,97.8,0.556,recurring,21.4,12.9,1
c75663a6-0aed-4cde-9ee7-06e9ebc1073b,2122744.34,83.6,0.42,contract,1.1,24.1,1
a6816ace-ac36-4ceb-a18d-9b10fd5da74d,12328184.68,33.4,0.339,poc,24.8,26.0,0
074f2566-7f9d-4533-8494-d5f0c3af4217,9950047.13,34.7,0.35,contract,24.2,27.8,0
d0087544-83b1-4d9b-b46c-36bf01af6f35,7440032.43,30.6,0.1,poc,14.1,24.4,0
b04ffcc6-8f45-4a31-9bc4-b683f4d8faaf,12626448.49,46.0,0.489,contract,20.4,27.6,1
d8bbe9ff-77d3-4a78-8c69-549deba11d77,1277585.74,73.4,0.531,recurring,0.0,15.8,1
1aea1763-a78c-4670-a2bc-f4d2cd949c61,8725048.6,100.0,0.285,recurring,0.0,25.7,1
0969f19a-8fa8-4a7a-a3ca-55ef8b6bcd8a,5744999.24,22.8,0.229,poc,7.8,43.2,1
2e14fca3-4f8a-45d4-8e4c-39ceba6c2fd5,12936541.32,60.6,0.626,contract,0.0,29.5,1
584e28c0-d269-47b6-9f15-518abd2ad0ed,19072532.08,61.1,0.576,contract,9.9,30.4,1
1b626317-2415-40b1-8e06-e1f539435c76,14794682.1,100.0,0.488,recurring,8.8,21.6,1
8d428ea4-43fd-4160-a8d0-13c11d505a0c,24349513.26,77.2,0.086,contract,15.0,35.3,0
c89cd56a-0c91-4ed3-8e39-cb8a6f42463c,775359.03,97.9,0.293,recurring,13.7,21.9,1
f57c6bd9-3c8e-40a2-a044-f19fadb78446,6852757.77,9.5,0.198,contract,12.3,50.3,1
95c90f87-83d8-4156-80f9-b2bbdbc74859,8179287.8,84.1,0.305,recurring,0.0,43.6,0
5ab97f83-c27a-40d0-b112-457c075a288b,5634734.7,54.5,0.421,contract,16.3,30.7,1
9f78d868-df7a-4b4c-ab9b-12335386ddd7,8178816.72,17.3,0.138,poc,22.2,25.6,0
761382da-03a1-41c4-9acb-0fa342d710c3,4835183.42,30.9,0.609,poc,16.8,44.1,0
066bfc45-2164-4402-b1d2-1c314c3eb652,2413357.58,68.2,0.287,contract,23.8,28.4,1
f967322f-d2cc-48d2-ae28-d650b6147a98,1184754.8,45.4,0.434,poc,18.9,45.1,1
4cee5b88-9f58-4090-b887-ca6755104cc7,2928945.35,17.3,0.276,poc,16.1,15.7,1
26aedf47-1ce1-4ba7-a81e-ed68596eb7dc,6880398.53,67.1,0.597,contract,3.0,24.5,0
ea3b846f-7a5f-4729-8325-19d2d7f02bf2,23561451.65,62.8,0.106,contract,7.5,13.7,1
d1ac0626-003e-42d2-9b40-6d6e49445007,23499500.04,61.1,0.427,contract,15.9,20.2,0
4bec2dca-2b81-4636-976a-c11aa363e465,11667054.6,25.7,0.211,contract,17.2,38.9,0
3d5f5f41-5214-441c-a804-2f8519336eea,4501559.73,50.3,0.546,recurring,11.7,26.8,1
d5e66c64-6d98-4945-8ae1-bcd670c97d49,10003140.79,22.8,0.429,poc,12.0,16.0,1
afe30202-28da-494c-9a03-6ca5f7973970,6988874.96,44.7,0.204,poc,24.9,16.3,1
68b47d4c-0dfd-4445-a25c-aa566fe430b6,10990399.43,60.7,0.254,poc,3.3,45.6,1
871cd156-41a6-4e72-a91c-a9706b70796e,5852074.13,61.6,0.245,contract,35.1,20.5,1
478a3997-e91c-49f3-a55d-969f6d96287a,8253220.55,35.7,0.436,poc,13.4,26.7,0
2e03c6f7-4ece-4b7e-9ab6-6c664ce7c92c,5713162.07,88.2,0.223,contract,23.7,15.3,1
2fad6a24-44e8-40c9-a893-2e350abca331,2159917.83,96.6,0.499,recurring,0.0,7.3,1
52f781b1-fd65-46ed-b7a4-7578de107ad3,4872762.81,71.6,0.394,contract,28.0,34.4,0
004b7328-b225-4ece-88d5-63c724e0736f,5373100.99,60.0,0.274,poc,19.5,34.8,0
4b25e382-67f4-4b8b-b1ad-0927499ed6f1,4539887.98,32.6,0.058,contract,0.3,19.7,1
8f8335e9-846d-4c04-b0d0-57ac11153ef7,6824740.22,59.7,0.314,contract,9.5,37.3,1
54d27099-9968-4a1d-aa1d-e568892941d9,7543300.18,54.8,0.317,poc,20.4,49.2,1
c2ad2f5d-f8ab-4978-aad0-cdbfa0034b43,2349350.68,93.7,0.549,recurring,3.1,21.5,1
71cfd3ce-5fb4-404f-a9c4-430972214de1,826999.3,100.0,0.416,recurring,0.0,37.9,1
2971e12c-d9ca-465d-9df6-2e58ad08a11b,15258297.75,81.9,0.265,recurring,0.0,21.7,1
d3865262-58a1-4c72-9bfd-703fdc6e1f36,9027244.25,44.5,0.343,contract,9.9,42.5,1
5e7a3f9a-8da1-4c3b-ad69-c84dafc08d46,9349639.36,70.6,0.533,recurring,0.0,17.8,1
e4e1e53c-1014-40fd-a55d-c235fc92ee5b,4054667.07,52.5,0.135,contract,18.8,6.1,0
598dd9b9-c1ac-4c97-afd4-548cd143ce74,22712478.49,72.1,0.223,recurring,11.3,38.8,0
c290922d-ebf2-4fcd-8367-2887f1744f50,6354225.84,58.3,0.395,contract,0.6,20.2,0
bca0125e-262c-4299-85a5-50e1fe49dbca,3124656.55,49.3,0.117,contract,13.9,32.9,1
723039a1-0e2e-4854-ae7c-39d55a151236,3257061.2,69.8,0.269,contract,17.5,14.1,1
b3cce580-d49d-46e4-8204-78a1d1c81e20,1585038.65,80.9,0.24,recurring,0.8,26.9,1
01f6dcf4-9427-423e-9cf8-9050d97742f8,5145110.34,68.5,0.558,contract,22.0,1.0,1
96961852-bdd2-427c-8707-8a9b2b92fc68,4091088.0,72.8,0.454,contract,20.0,14.4,0
b0b7e4b2-345e-4b2b-a322-dbf25a9569fb,5616225.47,33.7,0.116,poc,19.9,19.1,0
1b29ec24-f063-4b37-abb0-aafc3b76ba44,17848020.01,52.4,0.235,contract,5.7,35.4,1
65fe2a6c-1c88-4a28-a3a7-f0e59d70ea2e,2417992.55,89.6,0.535,recurring,0.0,29.6,1
b027ed30-3b6f-4697-b1e4-463e20882e83,3976462.76,90.3,0.396,recurring,4.3,28.7,1
cde8466b-aca2-4b3b-8890-089e57eba960,1565488.05,71.8,0.505,contract,0.0,28.6,1
4e6bf1c1-22fa-4a86-b466-3be7848db9e4,9128441.55,63.7,0.428,poc,25.7,32.8,1
8b2e6dba-5b4c-43bc-929e-d9e3c35ea13f,2649445.39,41.1,0.478,poc,26.3,11.7,1
f658f3d4-3f5e-4b8b-96ce-eb8e6b8621a1,8668786.91,83.7,0.318,contract,16.9,22.7,1
bb09df97-bb80-4fd0-909f-e8ff090aaabc,37332518.08,35.0,0.064,poc,20.1,39.0,1
2c6c56a3-a060-4ecc-a933-c260e7055586,2968124.05,100.0,0.507,recurring,14.3,4.9,1
e45a5668-89da-4763-a7bd-0267fde093b3,2676054.23,68.4,0.707,contract,13.0,43.6,1
4598dab5-de32-4685-92f5-d4f301cc47a4,2998762.06,38.5,0.375,poc,18.9,41.8,1
88170e8a-df3b-4327-b87a-0f6c0dcdb00d,4935199.21,68.8,0.548,contract,22.5,43.1,1
f6031f03-fcac-4963-9e99-7c9565e8e8c3,11793165.24,73.6,0.317,contract,14.5,24.3,1
eef11587-5d32-4d9e-8a97-c1f02eec6c8c,3446350.99,57.9,0.224,contract,21.1,41.1,1
3244fd48-49d1-4486-a0d1-ce7cae62905f,17716600.39,37.0,0.528,poc,16.7,33.0,1
1dcf938a-00f6-4dfd-9f7e-39d3ae34d07a,2863015.77,35.4,0.396,contract,7.8,28.1,1
66525de0-0576-4b8b-b00f-ae7589dc23aa,4630645.16,100.0,0.227,recurring,18.2,31.9,0
8d0e2aa1-0712-478f-a672-507fc294cd29,3222285.51,32.8,0.362,poc,31.9,30.9,1
37e8f695-5603-488a-b3de-77169e5b57f4,3799527.2,86.5,0.275,contract,6.6,31.1,1
cf04bc1b-859a-4e84-b49d-a2de2ee92904,3477879.75,79.7,0.045,contract,22.3,27.5,1
9ffa6023-959b-42dd-a89e-f04fe9e7d94d,14046439.98,52.2,0.1,contract,17.4,35.0,1
06dd2838-fb24-46fb-afc6-8b0a3ce90b83,2264091.32,66.0,0.141,poc,12.0,35.7,1
df527e17-b621-4658-aafb-2d25bfbdb6dd,1877970.37,98.1,0.467,contract,12.0,10.9,1
025a4de4-9456-4510-8218-0327ba342346,3844156.67,85.1,0.338,recurring,0.0,29.1,1
9b3e4d80-6e17-4a0a-800d-d3df7fb07787,5582456.9,82.9,0.49,contract,15.7,13.0,1
dc9a88d6-a659-4fd3-ae28-b5571f992e33,20814450.13,39.5,0.557,poc,0.0,33.0,0
63eba9d1-bcba-45f6-803d-7804b92b2921,5563623.3,56.9,0.242,poc,3.6,35.0,0
01b17b47-1216-419f-a668-4dcf5187a70a,9132859.56,100.0,0.393,recurring,2.4,17.7,0
f8b0863b-87f3-4324-8040-3e0558c307fd,5355314.9,49.7,0.356,poc,24.3,30.2,1
ce714c98-dd21-43b9-a191-b84e2e6945f8,20950916.5,71.3,0.185,contract,10.2,30.4,0
d97de5f4-ec89-42dd-acdf-6391f01657c2,15051143.11,52.6,0.414,contract,0.0,21.7,1
476be940-0b75-4395-a750-7748639b5a46,4189725.97,24.9,0.322,poc,23.1,19.8,1
f5c849f1-890e-4196-bd21-a442787200b0,15274294.2,33.5,0.329,poc,13.7,36.1,0
3cd01fd5-2cf2-46f4-b1da-fbcfdc760c32,3974511.19,93.4,0.257,recurring,5.3,13.1,1
19d0e7b5-b782-430e-8a80-58ed308fe820,35122666.74,90.0,0.453,recurring,6.5,27.0,0
cf5975cf-ee9d-4f28-a4dd-d3c92ed854b7,2684701.12,100.0,0.45,recurring,10.8,13.5,1
a5d005d0-7d16-4b4d-88ab-0be8b6d8a5bd,8023851.61,66.8,0.468,contract,20.7,33.8,0
1edbfb59-9ceb-4c5b-911c-1dcf3bee3205,3249513.22,100.0,0.307,recurring,6.6,44.8,0
4be71dae-0cda-4567-99a6-ac293b26dd55,6479256.51,47.8,0.253,poc,7.8,33.2,1
85f432e5-bae1-484e-97e5-89f30abedbb6,8299766.74,79.6,0.418,recurring,2.4,44.5,0
4ce31c43-1550-41de-a520-706bfa027bfc,6138422.48,100.0,0.274,recurring,6.7,7.1,1
0bbf2da8-3be3-4f06-87cc-7bf69b61e1dd,14698445.69,65.8,0.223,recurring,11.8,31.6,0
5e2e51ec-3c7d-48c1-8bbb-ef0f0f8f4bcb,8086890.75,45.2,0.147,contract,18.1,37.7,1
7fc4bbd8-bad2-472a-9529-cdf68347beed,18538869.67,76.9,0.435,contract,4.3,30.2,1
ec65a0cf-d32a-47c4-a4c2-56e973378f52,4928048.27,57.6,0.278,poc,25.8,18.9,0
63760366-f2d5-48cb-b877-23267b7c934d,2282744.12,20.8,0.209,poc,11.5,31.9,1
6d08303e-409a-4dff-8bd8-aa2e5cbd0ca2,7868347.91,67.1,0.679,contract,21.1,22.0,0
d027e1b5-568b-469b-bfcb-e2547de31eab,11862021.0,85.3,0.045,contract,14.3,18.4,1
281f927f-3524-4845-a7a1-5d12fc2ddc97,8663051.7,84.6,0.438,contract,11.6,41.1,1
c956a29a-458c-4b21-9c1b-b5f64d8e1040,1831765.55,81.1,0.676,recurring,14.6,20.0,1
df48cbc8-5a2f-46d7-9d1e-a71bb8ce3f73,11874957.46,49.1,0.347,contract,15.4,14.9,0
90dd90dd-612c-41f9-9e22-c1e760e646fb,3817751.33,92.8,0.214,contract,13.5,10.8,1
af3ede01-d303-4e4b-8329-9aa835e9bef8,5417289.11,72.1,0.464,contract,17.7,18.7,1
251ff8c1-1f4b-4136-a7f1-a0d8968ab7f9,3012858.94,64.3,0.378,poc,25.8,57.4,1
37558cf9-d3cc-4013-82d8-9b60419e6e6e,3626189.75,100.0,0.431,contract,15.9,25.5,1
efde654b-1a45-4e33-bb39-b2bff5b6127a,11415948.39,45.2,0.454,poc,16.0,5.5,1
18f29c03-e736-4d0a-b3a2-3717f99d4688,25057191.65,37.9,0.043,poc,20.2,52.0,1
af678e7f-0e44-40cd-9566-97774d52926f,10772294.19,46.7,0.247,contract,17.6,26.9,1
300d130e-94cf-4ae9-91e4-5407fbd30cbb,3822228.84,28.4,0.291,poc,15.1,20.1,0
e5bb94da-6628-4897-88b5-cfe8ec2a7aab,3974467.16,57.5,0.205,contract,8.4,1.0,1
95e36ea7-01a3-4641-87d0-6326bd2aaaa8,8618571.07,83.2,0.424,recurring,18.5,11.1,1
5b9a6245-e877-4b25-bda4-022c67290ec1,4528286.39,89.7,0.481,contract,23.0,22.1,0
25364efd-afce-427e-8df5-9fb57d2e6f93,4053227.25,59.7,0.487,contract,2.1,35.9,1
c2e00a83-2bb5-459d-922f-5f12e63a46a3,10793698.25,93.4,0.329,recurring,9.2,35.2,1
8b5c9db1-1469-45c0-b230-f08450bca1d6,1321111.04,61.5,0.459,contract,9.6,13.3,1
c1142b00-928c-485b-b30b-0f19d0a2d91f,6955488.08,42.0,0.104,contract,3.4,39.9,0
56b8a732-79de-4353-a357-ca174a82ce55,7435708.99,68.2,0.59,contract,5.2,30.0,1
bd34e7c4-a388-4455-a5f1-2052e038fdb0,2669192.51,45.2,0.511,contract,24.5,30.8,1
3f8aedc7-c964-484c-a895-a2b8d68db70d,6017640.74,82.8,0.128,contract,16.0,11.9,1
722c426f-3ef6-48e6-9efe-3caa74b562aa,10820133.09,41.7,0.413,poc,36.0,35.3,1
79943b83-2f78-4b81-8598-faf2acfd0644,24642130.11,38.7,0.368,contract,8.4,40.8,0
201a7bfc-1dad-4fab-b339-b20e203a1ed6,5946853.35,68.8,0.354,poc,15.2,15.5,0
9c168c56-078d-4b48-b3e4-46d88e0729d6,2356488.52,69.6,0.515,recurring,0.0,25.7,1
9aa705cb-a7cb-481b-be31-dc9fea06540b,3199598.03,13.4,0.198,poc,19.4,23.7,1
2370774c-4459-4697-9dd0-34512c4c615c,17460595.51,41.6,0.438,poc,12.3,29.1,0
7d316646-ea35-4b7b-a402-baa737420c9f,2149076.2,96.1,0.318,recurring,1.2,10.5,0
e45f93b3-dbe8-4483-9803-eb0f352ef7b4,11837440.48,100.0,0.703,recurring,0.0,12.1,1
22a3c71b-e57b-4452-84da-2fab82c02507,3855446.26,100.0,0.38,recurring,14.8,15.3,1
27199486-c11c-48d2-8d44-603f8b962e04,4233170.12,66.5,0.112,contract,8.3,31.4,1
e7172c1e-5017-488f-b376-9cb8d48aa9de,3471190.78,72.8,0.21,contract,12.5,31.6,1
df00625b-3d3f-4022-8b40-a7d1a5d29504,11916281.43,44.8,0.055,poc,11.1,30.7,1
c6c26e8e-2b72-4d8a-a4cc-80afc594f66f,5981768.6,23.7,0.159,poc,8.0,38.1,0
be8583db-dceb-4eb6-8dd4-a13e0206500e,2336690.96,79.2,0.221,contract,28.8,32.7,1
cf316aca-193c-4086-9b6d-e1d597dee378,2196670.37,94.4,0.233,contract,19.0,27.0,1
80517220-33ea-470d-911b-87348ead2624,2536711.08,64.4,0.411,contract,5.1,30.8,1
0e764336-a731-49d3-b0cb-0096abe0656d,4560748.83,27.6,0.05,poc,12.3,31.9,1
1b7f99b8-2339-45d1-8c35-1f4514d875b9,2824866.91,64.1,0.415,contract,4.9,37.8,1
5cd5d517-753d-4222-a72d-c932e86156fe,31264593.33,86.2,0.54,recurring,0.2,22.9,1
c162f3be-26f1-4940-9397-16f48ea3941d,5030491.34,100.0,0.238,recurring,2.2,32.5,1
1ef5decc-4c80-4d13-9e93-0f35f179cfae,11837577.96,78.6,0.193,recurring,1.5,24.9,1
d06b9d25-59b3-476e-a0f4-820b1ad18e82,3102401.56,58.2,0.212,contract,2.4,25.1,1
ba145ce3-15c7-4876-99cf-da72b3d85e90,23220535.79,79.6,0.422,recurring,0.0,27.1,1
d7b49189-64b3-4e4c-a53e-05fa72feb2ef,13590132.67,67.2,0.18,recurring,17.7,40.3,1
cbdf4af8-97cc-4eb4-8d91-9f92ab9a6817,5963438.27,38.8,0.549,poc,25.8,29.5,0
c378eb98-e624-4ee4-9e08-ad24c1b07b29,9235439.92,89.9,0.13,contract,14.2,24.5,1
00bccd31-5cfd-41ed-824d-dc9678cb58fd,904770.19,54.8,0.122,contract,1.0,18.9,1
d6a4b088-160a-4f67-b3b4-3be558b66bff,6665253.59,32.3,0.385,contract,21.8,22.3,0
5d66d130-c997-40e8-a2bf-6d2db403bcff,8869070.66,73.8,0.307,recurring,3.9,23.5,1
a9708fc0-8013-42b0-a497-5138d8bd7c94,5780385.56,65.2,0.401,contract,14.0,32.4,1
64feb95b-922b-4409-9064-3fe8b542f14a,2955215.33,30.1,0.32,poc,16.4,28.8,1
e6159ffb-1f22-4b6e-a209-6c287185feca,7974387.27,86.6,0.08,contract,10.2,25.5,1
1df176a7-47d7-4f3e-9f4f-a58d9fe731fa,4774728.15,15.0,0.148,poc,16.4,40.5,1
3665fc15-f67b-44d9-9e0a-0eac383f04f4,4890850.91,55.0,0.313,contract,11.9,24.5,0
209b053c-abef-436f-8934-56c915b27f9c,9244289.32,88.0,0.595,contract,13.7,14.4,1
d86174eb-e083-4547-bcf7-a1659af2a88f,3514472.78,50.3,0.486,poc,17.9,23.2,1
a333d30a-7c6c-43b4-836c-c1424c1641aa,4865247.25,77.4,0.333,contract,10.3,22.2,1
d4baeaeb-4840-4169-86b1-f856af7cc230,3440681.62,56.4,0.477,contract,8.7,19.3,1
e3cfdd86-811d-4dec-8017-85b83cbdd817,11276984.45,65.9,0.161,contract,24.6,24.8,0
595d9cb9-df61-40eb-9083-2fb8367908d9,6095386.15,73.0,0.082,contract,13.3,35.6,0
b0520b91-ef8c-477c-a652-7af0a09dae41,3344335.16,34.7,0.149,poc,9.2,41.4,1
e53e8d6d-14ca-44ca-b4ab-39e4ee4f60d6,2556680.94,35.7,0.335,poc,16.8,35.2,0
08a9420b-6f1e-4970-9b8d-536be150f909,2632753.26,78.8,0.625,recurring,10.6,21.7,1
948a4ea2-70b4-4faa-b087-66724a13f2b1,3611849.19,35.6,0.132,poc,19.3,23.4,0
20f4e8d6-015e-42fd-a396-c5ced406c896,3756559.63,37.6,0.677,contract,12.6,26.9,1
7ddbf7af-62a9-4c99-8f90-b025b6ede55f,3609513.99,50.6,0.335,contract,8.8,28.4,1
8da11ec4-9bc8-4cb9-99eb-f1002df93709,2943643.68,39.7,0.037,poc,18.1,30.7,1
9dc1a41f-266c-4bd1-a1c4-4e251abe0878,5284542.77,95.8,0.316,recurring,17.2,11.3,1
66ca4eed-356f-4971-8110-ca886680b871,7905476.6,33.0,0.643,contract,16.8,37.1,1
4b600386-9423-40ed-89bd-3f063acd672d,12927121.27,73.9,0.168,contract,14.3,16.1,1
d68387e2-d052-4146-b558-bf701ba2f30f,5561663.85,86.5,0.765,contract,7.3,34.6,1
33a5f826-d9f1-415b-9fbb-e74ca7ad8fd7,3145178.41,73.6,0.153,poc,25.2,17.9,0
bf2dcb7b-ecdd-4397-aeaa-0976d62a0c8e,11143053.62,38.6,0.188,poc,13.0,43.8,1
bec41138-3873-4173-95d6-70dac5b2abe7,5566769.24,33.3,0.223,poc,16.7,32.4,1
37d652b4-ba3a-4f80-b1fd-6a95c1d17272,21340662.27,42.1,0.463,poc,16.8,23.8,1
bc140264-a29b-4850-bde0-982def1b1858,8492012.38,61.0,0.325,recurring,0.0,20.6,0
7026aa3c-38dc-42a0-9109-6c4b8d8476c3,7886698.29,73.1,0.676,poc,14.8,26.2,1
a3e8fa5a-338d-44c8-a335-12a3aad3f4cf,6506860.18,30.1,0.343,poc,20.4,39.1,0
3fca0151-e387-41a9-9460-27a57447605a,9528079.25,84.3,0.48,recurring,0.0,30.2,0
b14978fa-a765-4f7e-977c-ed89cedfa1de,26328620.37,97.6,0.298,recurring,17.6,30.9,1
1fe6883e-2ced-4580-a89d-a7b8a7476b42,8532365.72,35.1,0.348,poc,16.8,29.5,0
a61fe30b-9082-46c7-bb51-cbc4de0d9bfe,8258063.51,49.8,0.016,contract,16.0,24.0,0
523d4f7a-c258-4700-98bc-dc774303353b,22393317.09,61.8,0.281,contract,20.5,33.6,1
61240410-51cc-4d64-8dd0-d8089745725e,7085419.96,64.3,0.458,contract,14.2,31.4,1
edbf3cd8-6dfa-4be2-af81-23981b2d2d94,12688191.34,77.5,0.433,contract,16.7,25.9,1
d1762803-1789-4ddc-a615-bc541f00055d,6372272.31,34.2,0.322,poc,24.7,33.0,0
c04e9d9a-aba2-4de6-981a-786aa3d24763,11514923.01,100.0,0.41,recurring,12.3,24.1,1
705f354f-09a2-4079-acb0-515059d3e1ad,1550534.64,64.4,0.219,poc,7.9,10.5,1
3ded81a6-5ac3-487b-af15-6865f78529f2,5115332.06,48.7,0.06,contract,6.3,28.3,1
b4b68945-ed17-4d9a-aaa4-d80057a3209e,8264532.99,97.2,0.236,contract,11.6,5.9,1
ff3f57f5-8189-4207-9617-08afb3c75e8c,6804882.28,100.0,0.299,recurring,19.3,15.6,1
baa98109-3ac5-478d-9311-d04bf65ae846,4141177.49,18.8,0.508,poc,20.3,13.0,0
3b1d20e1-01ab-4842-80f2-369837ba60d9,5535479.61,60.8,0.058,contract,12.9,30.8,1
772aea67-cffd-41c3-b63a-92a617825b05,3894130.91,80.5,0.32,contract,6.3,38.2,1
d78f0fb2-a4fd-4a3c-ab62-28be6ff2ef77,4759311.09,89.6,0.468,contract,6.9,4.4,1
a443bec8-4596-4def-8b3f-c1af59c07399,4696617.87,65.9,0.386,contract,12.7,31.3,1
6ffd9baa-a0a3-41f3-a7c5-b9770e525b50,1452007.7,90.9,0.54,recurring,0.0,14.2,1
505b97ca-3480-4eb4-baa7-528e08d9ebdc,1436192.77,78.3,0.127,contract,11.3,20.5,1
b184ad19-bcb4-4b60-8d32-54a14b56bb80,1508336.71,39.7,0.673,poc,18.0,20.8,1
0f481848-461c-49fe-a5f4-a71ebe4ca19b,6051177.35,95.6,0.606,recurring,7.2,19.3,1
f4e03ac5-3973-4058-8766-ffbe8319a663,9619034.3,39.9,0.284,poc,33.7,26.0,0
a69d3d8c-9144-4243-a6f5-0ccb684609d4,5780910.49,62.9,0.346,contract,15.2,31.0,0
179f7d54-bdfe-41e0-a294-6a12072360ff,13809878.89,88.0,0.162,contract,26.3,32.9,1
d8f35c71-f35b-4214-b489-f9ddd2b8b606,2296015.02,49.4,0.343,contract,10.6,34.4,1
b51ca86e-c4fa-4a81-9e0b-363182cf19db,7433098.21,75.7,0.264,contract,0.0,16.7,0
1ffc3f1b-119f-4cde-b9e1-b2a46002a5c9,1770189.82,98.3,0.18,recurring,0.0,20.9,1
b1a06dc7-61d0-4b66-b327-64b5e1e55d0d,8346579.19,69.0,0.134,contract,0.0,33.0,1
cc25dd05-2fb6-4462-9864-a0a83e82c259,2570776.88,87.6,0.236,recurring,0.0,33.3,1
05e23ac0-acb4-4a60-8089-4b065067d5bc,14710203.11,67.1,0.276,contract,6.8,35.3,1
df63435a-950e-4903-a94e-07cebd059913,7024119.45,12.6,0.056,poc,26.0,38.1,1
58ceda91-d3d0-4e88-9502-a197a38606f9,9225893.67,44.5,0.85,recurring,7.4,16.0,1
d8eab72e-a120-4036-9896-59bcfbd57412,8850576.09,60.2,0.375,contract,19.1,1.0,1
4326f641-4d39-4a7c-bba8-49237fba84b3,4335752.62,70.0,0.691,contract,4.6,30.3,1
32b44dd3-43ae-4677-856b-3d08f4e5d13f,945100.99,68.4,0.091,contract,23.3,23.1,1
253e07ee-dfec-4656-a640-21e5805a8548,2107752.36,72.7,0.265,contract,29.5,23.5,0
e715eb30-5fdc-49b4-899f-20ca94ee5e6f,6726235.17,79.3,0.394,recurring,9.1,33.7,1
786d1abe-4a7c-4d4d-b8d3-502bdfe83133,2556736.5,59.8,0.257,contract,10.5,35.7,0
76009969-9327-4caf-b869-4a485c96dfc6,6342985.94,54.1,0.232,contract,20.0,32.5,1
de70476d-6cf0-4d3b-923d-e7a4285d3ade,6255650.6,74.9,0.287,recurring,0.4,25.0,0
c3e5a49d-b7ea-457f-b527-9f6cc7133f39,4567180.46,46.4,0.113,contract,5.2,36.8,1
8a2f4a35-7660-4975-87f4-d12204e1f547,4159205.16,69.6,0.296,recurring,7.1,46.8,1
f2010884-0ba5-4c34-82d2-c86b840f45b2,5362296.64,45.6,0.044,contract,23.8,25.8,1
a8137043-2e80-4412-8f73-2811bd23719a,4245388.04,66.4,0.308,contract,0.6,21.6,1
b21da83a-bd98-4b4c-9088-05339e50f9e1,1175988.7,77.4,0.214,recurring,10.4,29.7,1
6665db03-791b-4bb7-8675-8d28e5ea3060,21895153.85,51.7,0.518,poc,26.5,26.4,1
ff40baa8-0e07-46e8-95a9-6662a17986e9,11364075.3,52.6,0.22,poc,28.2,21.8,0
7350b3c7-6633-4e92-bd62-9989c3815eaa,7117579.56,79.8,0.284,recurring,10.5,42.0,1
b2295f6c-3a73-4848-b63f-4f968550114c,12994835.15,58.8,0.194,contract,19.2,45.1,0
19d80967-5c1f-4253-aee3-155612cba79e,5556544.8,100.0,0.704,recurring,8.2,15.3,1
d44e022f-413d-4c5c-8ddb-14d58246aceb,6129539.41,69.6,0.351,recurring,1.0,32.0,1
0a8b9995-7548-4200-abba-1b77a5114efa,5164416.71,86.4,0.018,contract,0.0,42.7,1
636b04f5-d9ed-4070-bd62-f09b89403cdc,4223651.64,73.1,0.177,recurring,8.8,37.0,0
ab32d834-f90a-4c5f-bec8-879b15dbf3f5,2422666.2,44.1,0.708,contract,13.7,26.5,1
30e5834b-3389-4ba3-8d5d-de3c34895b04,4064289.05,56.9,0.67,poc,33.1,18.3,0
dfc76543-16e7-47ac-b452-5e5de2bbbe0e,1329335.29,22.6,0.216,poc,16.9,37.8,0
52131681-e842-4538-8e53-26f3d17ccdae,6786611.66,62.6,0.499,contract,0.0,14.5,1
5c03d4c9-b3d5-4007-9a5e-94070cf80bc2,2948566.22,37.8,0.149,poc,15.3,42.2,1
05f93f89-2c4a-4b5c-92df-c359de039261,4825333.38,61.4,0.265,contract,17.1,23.6,1
205382c3-6f33-4c4c-9829-d511d9f9566e,3308544.45,70.1,0.228,contract,0.0,29.8,1
ec4d53b1-825d-4ba2-890a-54935816f9d4,1317393.3,54.8,0.509,poc,27.8,6.1,1
c84f1284-a0ce-4a62-9d4d-529a7738a47b,3371374.67,56.4,0.792,poc,20.5,20.5,1
dc3fc87f-e1d9-4a17-8a0a-607953d6ef5c,8457339.48,62.5,0.167,contract,6.3,11.0,1
31f8ad84-5152-4094-93ca-0969592e6c61,5122015.98,71.3,0.123,contract,9.0,13.0,1
d6d995d8-efba-416a-8e46-3ff534ab073a,41553636.2,49.9,0.11,poc,32.5,26.9,1
c015146b-4da2-498e-ba2a-0ccdc2b9d045,2809255.51,31.8,0.361,contract,3.4,30.5,1
8fc0e451-7e5a-4e36-863f-88dcd97ba8ac,14318208.62,49.3,0.191,contract,24.7,59.3,0
28a39c4e-b8ea-4018-a95d-68e4d554aa43,10493811.51,56.5,0.226,poc,39.1,23.4,0
32f7f8da-fc45-4739-8d1f-c6c7f21c35d8,5984914.55,69.9,0.569,recurring,16.2,18.6,1
c7d43bc3-5b01-4466-91bd-0f34381b0a5b,5359909.16,48.8,0.369,contract,20.2,27.2,0
ea6ea59f-1aa6-407a-a214-f666f409097d,3125481.4,75.9,0.732,recurring,0.0,24.8,1
d13f72d1-aad0-4a22-9dea-f6158fc2c3fe,5229158.25,47.4,0.157,poc,19.7,41.6,1
9835671f-8457-488b-bc6c-ff79be9d88a8,13608200.7,93.9,0.583,contract,6.2,10.7,0
45fc673e-5ebf-4438-8766-baae53e24531,2716074.18,100.0,0.363,contract,0.0,22.9,1
a04589aa-823d-445e-92d8-7bbf01622fdb,10090157.01,100.0,0.401,recurring,0.0,27.7,1
7b2dd048-ce3b-4cf7-8ff3-0ed1f0b3d2db,4522703.17,29.3,0.446,poc,23.1,47.4,0
5cc3f496-2a0e-41bc-af94-ffb08a104c41,1738025.66,57.5,0.083,contract,16.4,43.8,1
bc667c57-5f5f-4dfc-b14e-53929f0ee706,19019000.65,100.0,0.296,recurring,8.9,17.9,1
7e12807e-6f6e-4d61-9ee0-df6abc207589,5630698.51,61.2,0.12,contract,12.3,33.9,1
a4b41c72-5adf-48d2-95bb-0b6f7a1d1e01,6787652.0,98.4,0.612,recurring,5.9,32.3,1
027ce3fd-9a61-4bb9-a384-b4589c9a719c,23192260.22,72.1,0.2,recurring,0.0,28.1,1
806288b8-ae47-45b1-81f7-1cbd325422ae,17277456.34,65.2,0.448,contract,7.1,20.4,1
91a8ba18-31df-4884-8fc5-aad95252ba49,4471279.14,69.2,0.297,contract,13.3,32.8,1
25a99868-cea3-4c20-a9bc-fa63cc3a374e,2640299.7,42.0,0.215,contract,0.0,35.2,0
f4c3312d-57c2-4a4e-83c0-ef2f46ac05a1,3042790.42,42.3,0.078,poc,22.0,31.6,0
5101a350-303b-485d-bc9d-b82a7faa35a1,3664837.14,75.8,0.399,recurring,0.0,15.8,1
0b51090b-37ec-4a7a-8323-9e7ebbe13f18,2456213.31,90.3,0.356,recurring,2.7,28.3,1
ce5afb4c-d0af-405e-8a38-172db0c82111,4329714.55,56.8,0.167,contract,19.0,31.6,0
7dffe787-41bb-44a0-a856-2cc350759706,6583143.09,32.2,0.149,contract,13.2,40.6,1
a313d1f1-1f15-4c95-b908-a4e10a4eea8d,1944029.99,59.7,0.163,contract,0.0,41.4,1
2d124175-d420-4a1d-afca-41281bc291bb,7860085.83,88.4,0.394,recurring,6.0,21.8,1
4221fbd8-c009-42e4-92e9-7536f9a7547f,8504400.44,83.2,0.346,recurring,5.0,26.9,1
7d8202e4-9190-4746-af94-d9036cf24cf1,4649274.76,33.3,0.363,poc,29.0,30.0,0
858244c1-b724-4733-b0f0-24b8fd977900,2623818.79,81.3,0.298,contract,18.9,27.6,1
1db9ac9b-c747-4a83-b7b7-549e046f3387,3598996.0,89.9,0.325,contract,4.9,20.0,1
d303d5d6-5e87-40fa-b166-37bc9781f516,19069880.97,52.8,0.25,poc,11.8,45.7,1
0716e8a2-4f40-4108-a377-89efa27391f7,939508.88,58.1,0.408,contract,23.0,17.3,0
76d37936-4246-4a60-b505-e72ff3dcf673,15052441.83,77.8,0.115,contract,8.8,12.3,1
83cc09ac-0a3c-4abe-976d-c1c6d56cae96,9595113.08,40.2,0.489,contract,0.0,37.3,0
e3d8b0ab-8a48-42da-b205-39d7eda1fac5,6991817.63,69.1,0.322,contract,7.0,37.7,1
b486ea25-c084-434b-a2d2-70419ebed45c,10443219.14,66.2,0.338,contract,16.6,39.0,1
5016e79b-d57b-494a-9003-591ccf412815,8758503.03,70.3,0.354,recurring,3.2,35.1,0
bbaa338b-2d94-4b19-b6d6-7a5dba9db025,4099413.62,69.6,0.405,contract,18.0,19.5,1
857532a2-3e7a-4959-bfe2-baeeed5ccb3a,2072480.25,89.5,0.405,recurring,0.0,32.6,1
94952a79-58a8-4b74-a707-0a95b9d5085b,5807012.82,58.4,0.274,contract,3.7,33.8,1
03a4b6ea-2e1b-4628-a07f-375488b65069,8311083.05,100.0,0.191,recurring,6.4,31.6,1
972ebc4d-0fe1-4215-afae-0f3777709db2,11464065.19,59.0,0.448,contract,11.1,20.5,0
9718d30c-bd69-4b62-a600-a5e4a6d1d4f7,2655277.44,89.4,0.452,recurring,4.7,16.2,1
47573ae4-5cca-47fa-8e49-35b588abcaa9,2702505.01,90.6,0.274,recurring,11.8,42.8,1
875753ea-6704-4798-833b-a73b81147ef9,4918667.98,64.6,0.396,contract,11.9,23.4,0
c9f89815-2f0e-4f56-a6cf-79e566bc48dc,5074637.51,68.5,0.542,contract,16.3,34.6,1
2dc872f6-eaa7-4ddb-9f59-d84d202341f3,4605508.07,46.7,0.341,poc,32.4,32.7,1
0bdfb8ca-869a-4ebb-8230-e66c04d78d4d,7872802.63,66.7,0.159,contract,15.8,40.2,0
b4331592-26f2-4bb9-bf82-736e81770eb7,8112332.32,44.0,0.238,poc,8.2,39.7,1
2cb52ce0-076b-4d3c-8c51-bc114789d691,7791166.82,63.5,0.369,contract,13.4,23.5,0
1ef48135-7cdd-4b99-93e2-00cccc4f843e,7746378.25,92.3,0.836,recurring,4.7,14.8,0
16c9191a-6775-4826-abf2-0dcfa577a61f,4603757.97,38.4,0.324,poc,28.2,31.8,0
8a1c9587-3e4b-4de2-922f-4657193db574,5770990.93,31.1,0.227,poc,2.1,13.8,0
dbffb617-3281-4444-8792-518f119b37d8,5213447.76,34.3,0.385,poc,15.0,33.7,1
a5148819-eb60-443f-a0ac-f34161111af3,5830239.72,78.9,0.762,recurring,0.0,25.1,1
6a0b5bf8-7ded-4e53-9e5f-d4a078552332,21119122.3,21.3,0.127,poc,11.2,36.3,1
28ad0e5f-c8bb-42fa-bdfa-b660e8fa2bd5,3340845.02,68.2,0.405,contract,3.8,27.6,0
5df939a7-6066-43f0-b184-2d981a03fd15,10120911.5,87.4,0.342,recurring,0.0,19.0,1
69ce93bc-91d0-4056-b83a-a15ced3fa02a,6659492.38,62.5,0.463,contract,10.4,24.9,1
ac0ab9d7-8956-40a1-883e-729983211018,4636071.93,64.5,0.187,contract,0.0,17.9,1
859915f8-0ce5-4a5f-bced-eb139c29c37e,9749056.89,88.7,0.498,recurring,16.9,25.0,1
1c835a43-ed59-4e0d-93fe-cc99090aaa04,4165037.6,40.8,0.145,poc,29.1,30.2,0
3baa9c68-a073-4eaa-ba04-c209a69d7918,2114013.53,37.6,0.088,poc,11.6,27.4,1
aa051240-af1e-490f-9bd3-70e12592fbba,7481074.63,84.5,0.232,recurring,0.0,29.4,1
5e97600b-11bb-4194-b444-fce39050f652,2956916.48,49.7,0.354,contract,21.2,19.0,1
a8179941-0eec-4b34-b230-7f59e304368a,2487509.57,71.7,0.016,contract,7.8,25.4,1
33cc3dfc-a9d4-486c-bc52-327cbd150ef8,11241021.42,70.7,0.248,contract,22.6,53.1,1
0a227533-8d07-44bc-bb31-b756404ab349,12136004.56,43.6,0.169,poc,27.4,25.8,0
fea0d013-ce76-413b-ba1b-a82158f4823a,12619530.09,0.0,0.267,poc,17.6,56.3,0
ac56edeb-73f8-4af7-ac6a-65d355c86629,15702106.34,88.3,0.337,recurring,0.6,31.1,1
6baf7a6b-6bcf-4b7d-bbf6-70d51f64088e,7907227.05,70.2,0.232,contract,20.8,8.8,1
47ab1cb3-267d-42fc-910f-041aa2dcb165,9239186.55,88.7,0.132,contract,0.0,39.3,1
51054dd7-6047-4398-bcc4-06c26c23fe93,6661176.77,66.8,0.301,contract,13.4,39.2,1
7cd45ab6-eaee-4344-8e32-4d80e2df15d3,1941973.29,37.8,0.463,contract,6.9,36.1,1
9e615a94-f740-4d18-b258-bafc10d004eb,1231828.11,92.6,0.383,recurring,0.0,29.3,1
5644c251-bb51-492b-9fe6-f0186b4c668b,5005409.71,100.0,0.227,recurring,2.2,26.1,1
5a6d4a88-a1b3-44a0-a296-7199e564e3d7,3925646.14,69.2,0.166,contract,8.2,47.1,1
3368fbde-e027-49c0-a47e-1e318d95327c,10335352.23,36.2,0.132,contract,19.7,44.7,1
0d4c9443-3afc-48ee-ad2f-9242bccf873d,16093615.93,79.5,0.18,contract,8.7,14.1,1
b92f8458-9133-4592-8ffa-f5b681f657b4,3377762.89,79.4,0.357,recurring,6.2,17.8,1
793a27bd-8695-4508-a261-0b9df445f99a,11295498.96,76.5,0.479,contract,9.7,20.2,1
8b64f166-4293-4dd5-802d-74b9ee8487b4,8613592.87,22.9,0.511,poc,23.3,33.2,1
b5a41353-9034-4464-9097-a4e7bad49148,17884484.17,47.4,0.183,contract,17.4,25.9,0
32eac93b-dc89-4730-94fb-3922e69367a3,4038729.33,41.0,0.142,contract,11.2,32.9,0
0be2bdb1-e5b7-41a9-807c-de1d0f7bb928,19948415.27,54.6,0.348,poc,14.1,26.4,1
6ec83c80-34ca-4486-b097-7b1eaa9ad5b2,1752185.08,98.1,0.278,recurring,11.9,6.6,1
576a5e8e-aba5-4f9a-a7a0-4b8d9891e631,8892530.77,84.5,0.61,contract,14.7,16.0,1
9d69fb4d-c38b-47d1-9f62-c68a358ed068,12210204.37,64.9,0.188,poc,12.4,40.1,1
de4d173a-0584-41b9-a4c7-66c631889271,13812396.92,63.4,0.458,contract,6.1,34.7,1
94494d8d-7833-4997-9203-e3396c40511c,7333903.12,60.8,0.399,contract,19.6,39.4,1
5fca8914-071e-401f-8865-a50652c46d41,3224664.35,44.0,0.367,poc,35.9,30.7,0
b018d99b-b008-483a-9f5a-eca25504e731,8866861.49,83.5,0.198,contract,22.1,37.2,1
153129b2-9e2b-459e-93ca-242baf44a90f,4144636.29,39.6,0.24,poc,24.8,25.1,1
dd1e9628-e63e-4281-b681-4d5eff12f853,2128993.9,97.8,0.533,recurring,7.1,16.9,0
4cf89c95-11ef-4eb3-9eb9-12fa2e3136f1,6041067.14,47.6,0.432,poc,14.9,24.7,1
b07ea139-3802-41af-a61c-5d4e95f213d2,2836187.39,69.4,0.273,contract,13.5,24.2,1
2d99f7b9-fc79-406a-8a68-db4bcf72ec35,4460877.87,68.3,0.494,contract,18.4,23.6,1
ba06e518-1f72-4c04-8b67-0cdc4794e2e7,2152002.79,27.7,0.264,poc,29.9,34.1,0
23784b11-e3be-4289-8eda-0aa5088135ad,2960840.68,41.9,0.073,poc,8.9,37.4,0
afee6d93-b40c-435d-903b-6521fa83bc79,3989130.22,25.2,0.038,poc,10.8,33.3,1
d143a86e-51b1-4875-8efe-41e7900974da,6159923.34,78.9,0.366,contract,6.0,7.5,1
7537dc51-ce20-4c81-98c6-f9b7206ddd30,15537749.28,85.2,0.554,recurring,2.9,35.8,1
d62fd614-a2f2-4146-b8ac-bcb67505f12d,2510867.17,100.0,0.154,contract,11.7,22.8,1
420f2b9a-4522-40c3-9299-02dee65351d6,5780334.34,86.1,0.602,recurring,13.6,32.9,1
c66dc4f2-cdea-4894-a6b7-6bb82457dd02,7815355.32,61.4,0.375,recurring,10.9,32.3,1
05e2a914-fb0e-446c-a706-52c34dadf6a1,1916876.68,62.7,0.631,recurring,13.1,22.1,1
91c82ac9-75d9-48f7-865e-a1b820389a56,2531506.49,60.1,0.517,contract,9.3,27.1,1
e042e9aa-42f5-422a-bc07-269689a81ac1,5080793.1,100.0,0.566,recurring,3.1,24.3,1
8c9d4cd7-5e6a-4ed1-80e8-3581976baa41,12136187.83,62.4,0.11,contract,1.2,29.1,1
d4a35d35-aa00-4648-9b41-d2854fddfda4,23892401.23,85.0,0.159,recurring,0.0,14.0,1
d436cdc0-8f99-4d33-825d-e4e5f568ee26,12770009.41,46.8,0.178,poc,7.5,42.0,1
5d08ca63-065b-4d70-9935-ee7be8ae556a,684751.21,100.0,0.169,contract,18.4,22.7,1
9523ae79-48e8-45c4-a9d9-b3d47592343e,14675244.13,51.8,0.38,contract,16.0,37.3,1
db5eb0db-90cf-4707-bff9-f2957e473a63,4614095.5,32.4,0.199,poc,13.6,31.4,1
b48c33c4-765e-46bc-833b-6cbcf9846ed4,4796121.04,67.1,0.444,poc,18.2,44.9,1
aeb8d129-f887-4236-9efe-873133abac8a,7393061.36,90.1,0.159,recurring,0.0,28.7,1
9ff97c87-0538-4c9a-b103-0addb21fd18f,9650118.0,55.3,0.282,contract,21.9,38.7,1
3c34f171-233d-47b5-82a0-deb3b712d5af,2903288.15,53.2,0.24,recurring,12.6,23.2,1
e90a05ee-e171-43a9-9c97-762c33f812be,3238695.45,59.2,0.365,recurring,9.9,25.6,1
79120edc-8008-4be8-a427-8d59821bc790,7835285.69,83.1,0.324,recurring,4.6,17.9,0
981ae749-b71c-43aa-ac0d-433405244213,6627249.04,25.0,0.156,poc,29.8,38.4,0
cca4b61c-759d-4f4e-b25d-ca2794302401,1500484.21,88.6,0.199,recurring,0.8,14.5,1
508b3724-d193-4c22-aa82-c995ee0caec5,23470174.83,59.5,0.397,poc,9.5,48.5,0
6d2885ac-393d-44ff-add9-9056c65e5373,3138904.95,79.9,0.54,recurring,1.7,16.1,1
d9b5d1f0-5e12-4b1c-8b88-430773b0b129,13052187.07,54.7,0.414,poc,28.2,46.6,0
197d508f-8da1-4a6c-8efa-b7a3113d0f99,4411691.49,73.9,0.295,contract,16.2,16.0,1
38ce1c56-13cf-471d-a67d-d1c01b872904,5453323.52,57.1,0.25,contract,9.7,15.1,1
989fb03b-51e6-4361-a2c8-d7458afc0fb5,10601781.54,79.4,0.29,contract,7.7,24.5,0
a672445c-459c-4d2e-8363-06df96c10cd2,9667322.9,55.7,0.222,poc,14.0,24.2,1
4a2563bc-7c31-47d1-8ed2-88af94333014,2052650.22,65.3,0.369,contract,1.1,26.0,1
a55ae91c-38a3-4008-b617-3dc2b97a657c,8336062.04,31.7,0.159,poc,2.2,38.2,0
651451d6-5884-46ed-b509-57ef2bbec2d8,2697068.5,53.7,0.393,contract,12.4,44.1,1
0f9ac21a-21dd-48d8-8a72-7e4a506091cc,2689301.53,67.8,0.268,contract,11.1,27.2,1
e5fc98e5-db8c-4cee-94f5-2db41941073b,7950260.31,30.5,0.1,poc,34.8,42.6,0
8757d34d-29b4-47af-9aa9-45bc66d0ee07,1833775.22,58.6,0.106,poc,5.8,15.0,1
4d2b5b75-3449-4a50-a23a-7319dcff50b6,1990598.73,75.7,0.274,contract,16.1,13.6,1
69fefc27-2b8c-4af2-8836-4f65199f62d8,3454133.67,67.5,0.229,contract,8.0,25.5,1
3e2b9330-78f4-4041-bb00-91c5c47a5b12,4861332.32,34.2,0.198,poc,30.7,37.8,0
d55e1fe1-6759-4926-9fd1-3076db777a13,4650506.87,82.0,0.622,recurring,1.2,38.5,1
3de2ddb2-653d-422b-bded-270707e97313,3122312.54,42.5,0.491,poc,24.2,33.7,1
8984643b-95e8-48c3-b9b2-b700b365bcef,4493098.75,49.5,0.229,poc,13.4,37.6,1
031b8ea2-c5db-4343-8f9b-1f33a1082a66,28953168.21,18.3,0.217,poc,24.6,19.6,0
1cd2bf89-8eba-4a87-be76-a1375f96d554,3629204.79,36.0,0.412,poc,15.2,19.0,0
cb7c2ffe-09fb-4dc9-bfd3-c9aab614c2ee,5183462.85,92.1,0.317,recurring,16.9,16.8,1
69984a9e-3b19-411d-a5b8-27172a032fd3,3143854.97,83.4,0.518,recurring,0.0,9.8,0
e7adc641-95d4-4886-a02e-52f9cf60e310,4843148.34,52.1,0.595,poc,7.5,29.9,1
90c8b9a0-3d48-4de8-8d7b-f97aa2252f6d,8344160.24,68.5,0.587,recurring,0.0,24.2,1
3fe0c9ef-c291-42a4-a9f1-eafe5e0aed5f,5171033.3,82.4,0.267,contract,17.9,19.3,1
9c6969ee-bc5e-4acb-9f8b-adef23bdb486,18508003.32,26.7,0.25,poc,37.4,48.0,1
b0c60935-aa19-4326-89be-03da8214f1d5,6637797.02,75.9,0.207,contract,0.7,31.0,0
a5812735-f0f6-4808-8641-cdc9cbc5643c,22066644.52,83.8,0.434,recurring,0.0,24.6,1
1b6449a9-2697-4ab2-bc70-efde1fff2438,10129517.1,69.9,0.481,recurring,16.4,29.9,0
e7ce79da-37a5-4988-86d3-e2c502bf0729,6248246.6,44.9,0.598,contract,19.9,28.5,0
119e9d79-d18f-4d43-896a-38ae2c82ca4b,36192634.5,47.6,0.107,poc,27.4,33.9,0
eb7b0167-a9fb-4f74-85ca-b09df1465e13,5895153.32,58.2,0.067,contract,11.7,44.3,1
40594d8c-a54c-42a8-bf2f-fd189d0a34f5,12647156.25,64.6,0.209,contract,16.0,32.5,1
8be2e7b3-32b9-494e-9f53-c77adca435b4,2432435.21,75.8,0.559,contract,19.4,31.7,1
c1d0c1fc-03a7-475c-9846-ccdeea88d232,16643191.41,37.5,0.528,poc,30.2,23.5,0
23d260d7-5446-43eb-9c49-6d4fe267265e,6060934.93,60.0,0.349,recurring,0.0,23.9,1
06a84f44-6b1f-4522-90fb-5d8093acae10,2482798.45,60.0,0.18,contract,12.9,34.2,0
4a66be20-fa69-451e-9f15-2407c397fad7,18401465.27,41.3,0.24,poc,21.9,31.5,0
fe9246be-bdd4-4bd1-92c6-6bd5cb9110b7,10422615.96,69.1,0.359,contract,13.3,17.6,0
acbf89d5-5ed5-466d-b33a-ee0623da7138,8677599.08,53.8,0.034,contract,19.0,30.0,1
80668931-73ff-4b37-8089-1ecdf03f28fd,8153162.23,56.7,0.073,contract,2.3,34.8,1
887dfb42-4576-410c-8baa-b3440bd9fd35,5308883.09,71.9,0.131,contract,7.2,24.4,1
7b1887e1-fc3e-4e27-a50e-82dd955a9a0a,5120159.23,96.3,0.468,recurring,0.0,37.0,1
47d80277-b638-4e7e-8aa4-f6f6d480c181,3516447.54,51.8,0.384,contract,16.1,24.1,1
2b59d48f-afa7-4f0c-ae23-7cab5fb5cb8b,3632415.63,32.1,0.332,poc,10.3,38.9,1
20f4a4f8-2661-4db2-b8da-b2a07aa358f8,4037681.26,42.3,0.184,poc,23.8,37.3,0
90ca3e9e-489d-4b4c-a1ff-4edc01d009ae,9031446.24,60.0,0.35,contract,17.3,25.1,1
501a9554-92a2-4128-9fae-2f8238979dad,6599368.67,71.2,0.262,recurring,0.0,28.0,1
b9ba732d-b6f8-49d1-a373-671901023ca4,2746778.67,55.3,0.41,poc,23.5,7.3,1
38818cda-fc4c-4c90-85b3-24995c4f0566,4779909.06,55.8,0.186,contract,18.0,44.0,1
40f016e9-21a6-4c7b-b932-76e5d1b237e5,4077268.8,62.9,0.307,contract,0.0,25.3,1
6b35780b-befa-4194-9138-3eb4f29eafa2,13057749.34,44.2,0.09,poc,27.8,26.3,1
c79feb60-4ad3-422b-b739-0e429a4eec01,5446000.25,94.0,0.409,contract,17.7,19.5,1
a99a67f8-69c6-46f2-a28e-22041030dea0,4489962.56,75.0,0.491,contract,20.5,30.2,1
cce637b2-78e5-42b1-8019-2e3d7136146e,11604883.5,85.8,0.545,recurring,6.4,16.2,1
8702a1c2-4ea2-4649-ae7b-e62c5506ba01,4951476.14,60.9,0.519,contract,4.2,29.6,0
1b48eeaf-0274-4893-98b1-31fa7f6ea90f,8532885.89,75.2,0.603,contract,27.6,8.2,1
01aee74c-2d0c-4e7a-a5f6-326229854733,4773350.52,61.0,0.16,contract,13.5,31.6,1
a32ea28a-4595-4de4-af6f-572bf7dadaa1,5073967.04,54.7,0.631,poc,12.7,39.3,1
4023011e-0835-4060-8bf5-ad44e7a27e88,8188806.04,51.2,0.084,contract,11.9,21.4,0
c7690821-6c81-4361-b016-0f03f90eb890,3412325.64,36.8,0.363,poc,12.3,40.9,0
54d931c7-ccd7-4cd4-b151-e1c041b75549,10588052.97,100.0,0.452,recurring,15.1,34.4,1
eb7f8403-afb9-448e-9c5f-be6d506cb202,5065183.27,60.1,0.499,contract,20.7,27.9,0
6e40642c-67c7-452b-a54d-84b801922544,2328242.65,27.9,0.57,poc,15.9,38.4,0
d2f7d48b-7db7-44cb-bc9a-e8d8527b9648,9827134.23,49.0,0.174,contract,4.0,18.8,1
2e799b41-05c1-41ba-9d47-fa3766d023c9,1644905.62,68.8,0.443,poc,6.2,26.8,0
10e285f0-ce7e-4347-b9c9-20c399970757,1676073.22,90.8,0.572,recurring,7.5,16.8,1
94e815ae-b314-41fd-9f5f-d45549eba0dc,9782529.98,87.0,0.384,contract,6.8,35.1,1
bef551f0-d4c0-43e6-a813-c6c1e0c165a2,7645212.35,58.8,0.172,poc,17.1,20.5,1
a2c37488-e41c-4b0b-b730-ca600292fb93,12964565.52,61.9,0.474,contract,2.1,16.4,1
f472cb70-37e1-45ae-94f1-3ab4ab640b1f,12379781.84,93.1,0.301,contract,1.2,22.1,0
291d46d5-91f8-4704-90e0-107c82554dbe,2612125.43,28.0,0.184,poc,23.5,31.0,0
1db42ab7-0351-4d7d-b986-86ed363af9ee,4809241.1,64.8,0.278,contract,17.5,31.3,1
10dea23f-8938-4b1d-a63c-7d5e07b097f5,7881222.86,26.4,0.303,poc,24.9,44.9,1
54769558-e9ab-43fb-914d-cd7b4812f42f,13236830.75,34.8,0.697,poc,23.1,47.2,0
9dbf325e-5823-48ef-83ee-67aaa185e4b3,7099742.44,38.3,0.154,poc,39.7,51.3,1
595c2371-4e73-4964-9291-1b14c744a8a1,4082537.94,79.6,0.274,contract,13.0,30.5,1
86e7f524-0497-4c12-ac03-cd97302415bd,2771831.27,94.6,0.729,recurring,15.3,11.5,0
164b191e-96cd-4036-95aa-1b456e6b2917,12137278.14,40.1,0.188,poc,8.5,25.2,1
fcf6ef34-9105-4dcf-b47e-ba7588af0b1e,2308894.18,76.9,0.264,contract,2.0,30.7,1
4699a2b2-6ed4-4de5-a7d7-4f4e219be248,5738219.41,68.6,0.717,poc,13.3,11.2,1
e652f898-3dcc-479d-949c-9424e6762287,6137699.44,67.5,0.504,contract,5.4,23.7,1
86e08b72-6670-439a-a498-41e47b247d88,4446543.42,39.8,0.451,poc,21.8,36.9,0
6a2002ea-54b8-4cc6-a03e-35409f5ce0b3,35159798.43,34.0,0.181,poc,32.0,37.3,0
0a72d3d1-e84c-4f84-959d-b2914c753e17,9241023.65,36.0,0.098,poc,31.6,25.1,1
3291ec1a-eb48-4ae3-8b25-1eacfeebc602,6287206.0,58.1,0.22,poc,27.9,37.7,1
aee81944-92ee-4b48-960d-f07c31420503,3703086.98,82.3,0.568,recurring,0.0,22.1,1
882c9a1f-9a74-4db0-bd26-af9bc1bccb71,3638957.14,100.0,0.564,recurring,0.9,11.3,1
63507d90-044f-4ebb-a1fb-a6c31bcb65fd,12449195.47,29.4,0.058,poc,3.6,33.0,0
600a2973-6d52-4bc7-af68-ff1c5193dcc3,11077663.21,52.4,0.355,poc,23.3,32.7,1
f7dfc948-ab02-4149-91a6-fcfe0d6dcf15,7078417.55,64.5,0.351,contract,8.5,25.4,0
03ea0f4d-03b5-4821-b59e-ea98204fc422,4521243.95,77.1,0.412,recurring,0.0,24.8,0
1ccb30eb-6ac4-47fd-973c-ce8f3784b6bd,996603.83,100.0,0.257,recurring,5.2,20.5,1
1feba082-4f8b-42f1-b838-8687869c548a,24198296.63,95.8,0.345,recurring,6.2,10.1,1
08cfa9df-1462-4cc4-8d39-f19b89c71be8,5551772.83,79.4,0.164,recurring,0.0,32.8,1
500dccfd-5e8b-468f-80e4-5d462cb98161,2241873.05,78.1,0.062,contract,6.7,28.6,1
09ea5a5e-53e1-4cc0-bb03-0038d01c313e,9475795.27,64.7,0.282,contract,17.9,32.4,1
f4dfb10d-24d5-45e7-b3fb-ef24847b5c5e,1975043.67,41.5,0.515,poc,25.2,35.4,1
3138063d-f025-4f1e-8103-258f5ddb5b5d,1500958.15,64.4,0.127,contract,0.0,43.6,1
16a30e2a-b070-43ed-864f-a117e34040d3,9910836.34,80.9,0.249,recurring,11.2,32.4,1
37248769-47cb-45da-8afd-a8b7bc10fb82,1173629.58,37.4,0.326,poc,5.9,42.9,1
b27678c6-715f-4849-b842-c32d0cce3a86,6391539.82,45.9,0.435,poc,17.2,20.8,1
dde45f19-10b7-49d8-9fab-46cec1235a2b,6785430.42,73.5,0.112,poc,25.4,34.0,0
806cddcf-a4ff-4997-8d43-b26a35152942,4602046.01,66.1,0.296,poc,22.1,19.5,1
071575e1-9a09-44cb-ba53-edd47c2d2fbf,2504920.17,95.8,0.489,recurring,0.0,19.8,1
6d51bb8a-5888-4e21-bbfb-af22fbdaca1a,13690813.51,51.6,0.259,contract,29.8,25.2,1
7623589f-8797-4f9b-889d-41e0030d2277,1563237.35,88.4,0.604,recurring,7.9,29.6,1
0024b7cf-f496-4edb-a38b-6a1dde2d091f,10225586.81,47.0,0.164,poc,14.6,33.9,0
22033389-c96f-40de-910a-60472be6c2f0,835309.27,72.1,0.487,contract,13.9,27.9,1
73bd2f86-f0da-4a0f-be35-1e3cf249240b,5824182.91,83.6,0.265,recurring,8.4,20.0,1
e5e23c8f-9e98-4fec-991e-941fe8f4a567,5991122.88,60.2,0.258,poc,23.2,24.8,1
372c7f35-a64a-4c72-9692-9445de03f8df,6405400.46,78.6,0.468,contract,19.1,21.3,1
a767d1a0-9ea6-4963-b804-0c884eae8d92,2926022.62,100.0,0.485,recurring,13.1,17.7,1
d501f185-8924-4435-a438-5950b562808d,4933795.22,77.9,0.322,contract,12.2,26.1,1
dc918d8d-fd90-4a11-ae92-01dfce6ee508,6375935.94,59.2,0.303,contract,6.9,24.9,0
854c3f86-c29d-43e3-9992-0ce1d4ee23e2,9445287.5,73.2,0.336,contract,16.5,24.8,1
bcfe6b52-72ee-475a-aa03-0134d66671f8,6523435.73,57.0,0.405,poc,14.2,33.2,1
5e9ffe10-0c83-4211-8278-8d6fb08d88b4,8053872.93,49.8,0.603,contract,10.2,24.7,0
c6ba3aeb-f4a0-4b30-8c3e-524be04731be,6017522.18,50.2,0.167,poc,30.3,21.4,1
926ef185-7d88-4d9d-b9ab-d0fd738fe774,6428766.98,16.6,0.3,poc,27.7,49.5,0
6773b8ac-fd66-417b-89c4-4aca8383a319,3564389.24,69.8,0.115,contract,17.5,26.4,1
cd919727-e32b-436b-9d1c-cc3732eac115,3226346.4,31.4,0.589,poc,27.5,14.1,1
a909cb1f-6390-41ae-b17b-978eb9800cf0,10020381.75,75.9,0.657,contract,34.3,11.7,1
28336578-7d96-4ae0-b161-1995e089238e,14255529.99,85.6,0.434,recurring,0.0,19.5,1
d085e70c-7d14-462e-a427-9775dbb84554,2734722.7,95.6,0.333,recurring,17.1,32.8,1
e7124cba-a3a5-4b4b-88f4-51b07a597f2e,10584302.71,83.2,0.697,recurring,5.2,1.0,1
dd1d2d54-72c4-49b5-8898-d1b693e976ae,4248067.71,68.8,0.437,recurring,0.0,35.9,1
dfb054a2-3e2d-45cd-9800-ae3bddc39922,6640546.82,81.5,0.295,contract,8.8,15.3,1
aea0760c-6210-44d7-8996-ca2eaf4aaab4,4085006.35,0.6,0.052,poc,19.6,23.4,1
388bd9da-9fa6-45a2-a398-08b320a25bc7,5560022.48,96.1,0.387,recurring,3.0,16.8,1
7cfafdc9-76a6-46df-9bba-b935a3292b0f,4765503.8,76.5,0.568,contract,7.6,12.9,1
5b54a52d-ac76-41c2-8627-b53bb39473bf,4229046.8,65.7,0.189,contract,20.6,20.7,0
6097473a-a666-4c42-a5b0-daaf2d1368a5,1419797.19,40.3,0.418,contract,4.6,27.9,1
54e8649f-3d07-4313-8e1d-0fb34c9e7db5,7293418.29,86.0,0.506,recurring,7.2,38.8,0
cf9589f7-674c-49b9-9599-54529dcc867d,1868187.81,62.9,0.229,contract,0.0,28.0,1
0a15ed18-924d-4a6b-b583-f3cfb72da8b4,11810381.85,68.6,0.228,contract,8.7,33.6,1
db9547ce-a490-4bb1-be42-6d11ba34a315,4804700.68,77.3,0.121,contract,11.9,40.2,1
a59465b1-6be7-4010-9afb-4587aab81cff,3178267.1,13.6,0.119,poc,11.8,38.0,0
62330939-906e-4ec0-9824-a5049d0bb168,3696868.68,96.8,0.687,recurring,11.6,27.1,1
d693b89e-da4e-4035-b628-d61737cdc0c4,3445056.29,80.9,0.166,contract,23.5,28.7,1
afced623-3d18-42c0-b1f7-29c5d54567d7,11061941.39,28.6,0.107,poc,29.3,34.3,1
ca0e8edd-7c1e-48e6-a86c-d19dd2911437,6180931.88,93.6,0.659,recurring,0.0,20.6,1
22f870e7-8965-4b6c-9ea4-cd977dadaf4b,11007272.21,90.3,0.432,recurring,0.0,24.3,0
8d891bae-0826-42e6-a05e-e64b678a33d4,1846252.44,65.6,0.369,poc,23.6,16.6,1
0431ab69-a320-4fb1-8253-416761312ad4,40900334.29,72.9,0.282,recurring,14.1,41.5,1
813d45ff-6569-401c-b6cc-e8e67178c033,2937544.7,58.8,0.122,poc,9.8,26.1,1
adfacdf0-cb24-4963-a8ec-4d0499d8201b,4042686.77,63.9,0.204,contract,5.9,22.5,1
390740df-f00e-4eaa-9b7b-a241226511a8,9358977.17,17.4,0.51,poc,8.6,31.6,1
62444195-393f-4498-870f-0a62958f114c,12036002.86,42.8,0.137,poc,2.1,31.1,1
c359c4b8-4be1-49c2-8ccb-9e2706c7509e,9045142.73,80.5,0.3,recurring,0.2,19.3,1
5d8795af-35f5-47d7-b68f-fd2929a16f6e,792898.43,78.2,0.481,recurring,8.7,33.9,1
4c1a6315-e6c7-47e1-bd79-574035ef6812,16970798.5,33.8,0.196,poc,15.2,48.5,0
f65e457c-1b46-4891-aa2d-196471a60931,5252612.53,57.6,0.069,contract,30.2,24.6,0
494d36df-c532-4b1f-8eaf-12effc46e40d,6994631.73,39.4,0.257,poc,22.1,50.9,1
432f407e-1c55-4407-8bd1-4c90be8a4392,3431473.88,54.7,0.518,contract,11.6,40.1,1
22286b00-1dff-4bb2-904d-b5289f02e4b5,10131822.77,31.7,0.145,poc,13.1,35.2,0
f1ae399b-d908-49a4-a0f0-5815c26406d9,5640860.98,97.7,0.243,recurring,14.9,16.1,1
9bd5681c-85e0-4802-8cdb-df11bb0073c8,4331294.7,35.4,0.483,poc,29.2,53.3,0
2fc73ffe-541c-49b1-8e9b-98aa271bdc0d,5245228.13,82.5,0.61,contract,21.5,39.7,1
904952ee-624f-4393-b5dd-9815546f3494,2443061.41,57.9,0.399,poc,26.8,44.0,0
3c09035d-7886-48cf-847e-835555198bf0,5657036.68,71.0,0.562,contract,5.3,18.5,1
3a2be811-bc67-4ccc-a4f1-6c969af11c40,4002927.99,100.0,0.342,recurring,6.2,24.9,1
e591b14a-3ab3-402c-a4c4-4640ed98335c,3825289.94,92.3,0.3,recurring,0.9,19.3,0
775d8ba5-6aba-42d4-a5da-076ba33223d7,2837840.82,62.0,0.264,contract,21.7,27.5,1
19a51287-a76f-4a02-a328-7be098128408,26694638.76,22.4,0.45,poc,13.6,34.0,0
f4648dc1-cac4-48d0-98fa-33b91c2498e6,9237553.08,67.6,0.496,contract,20.7,36.4,1
bcfc14d2-2d6e-45ba-a294-1763a1f73533,2484970.93,52.9,0.595,recurring,4.4,16.0,1
2ba44ddf-6788-465c-8273-75c0fd0d29e2,6568853.81,43.3,0.217,contract,12.7,32.8,1
2a46d959-a476-4c3a-aeab-3d151aa3c5bc,10215235.0,45.9,0.284,contract,10.6,39.3,0
1f9bc662-5094-4807-bf92-fd3c97d323cc,6923397.2,100.0,0.562,recurring,3.3,39.2,0
7995ecc6-c90f-41ad-b4ca-19398d9bbf9d,17168882.74,39.9,0.176,poc,19.3,31.9,1
ae8b874d-159f-4d4c-9457-398940b42911,3059257.06,82.4,0.654,recurring,2.1,23.0,1
297abb45-f855-44dc-81c2-afc8715bbb51,3859151.93,57.2,0.361,contract,11.8,17.8,0
9baf1ad8-0af4-4bee-a0fd-e39c22ffb948,3569005.62,95.4,0.283,contract,12.0,11.6,1
a6ddc81e-2900-4e1f-a7d9-6e5baedbb12c,41505719.89,74.7,0.412,recurring,0.0,18.6,1
fbb51592-3edc-430f-9086-318170d8a7d4,23573597.01,49.5,0.265,poc,13.2,38.1,0
972aa5cc-03a8-4c68-beab-df6b668d3b29,1666638.44,40.8,0.486,poc,29.4,30.4,1
ba615baf-098f-46a7-9603-7530775ad0c7,7369358.18,72.4,0.054,contract,1.1,31.8,0
a6a5d224-4797-4a85-8d65-77e7050c6b46,8209550.02,80.3,0.124,poc,23.1,16.8,1
9b43add9-ab24-403e-94d8-94fd85442d13,2175841.21,35.9,0.433,poc,4.1,42.1,1
fbf09bf2-9f19-4612-a27b-1dab2bed997c,6826994.58,79.5,0.258,contract,14.1,9.4,0
d3cc32dd-d23d-414e-aeb2-88cc410d646a,29697177.74,43.0,0.324,poc,19.4,28.0,1
cb12c273-d902-41f3-9c36-d05abffe0310,6583873.54,86.6,0.848,recurring,10.7,24.3,0
d3d5a984-4662-4454-9910-bb218d292ffc,18942927.45,69.2,0.629,contract,16.5,27.7,1
e0f42175-d92a-4956-a8f2-f12d731be352,2113778.82,47.6,0.292,poc,18.7,34.3,1
9c8290f2-a0f9-4eb6-8dcd-2a956829cc90,5758254.16,77.4,0.26,contract,11.0,18.6,1
27ada138-1b30-4388-864a-e17b9a617561,6145926.76,87.0,0.447,recurring,0.0,23.4,0
f6b6635b-d12a-4de4-890e-02a80c64e56b,2258218.32,42.7,0.072,poc,5.0,46.0,1
814c9aad-acf6-41fe-ab39-4e8935c0615e,17835297.29,86.9,0.272,recurring,5.7,25.7,1
b805c4db-0a42-46c8-be69-36b7f48f8502,6333303.98,43.2,0.475,poc,32.6,12.7,1
1eed0987-081a-401d-a04f-81ff1bea4e9e,6699268.18,47.8,0.072,poc,28.9,31.4,1
1dcd9c56-0923-494d-a313-b02ca2413112,5746997.05,52.0,0.237,poc,23.1,12.3,1
f2799bed-a7f4-43e1-96c5-7939f0af01be,13477198.93,89.6,0.36,contract,10.4,18.5,0
374d3f7e-b8f8-4079-9e3c-5d9d43b19662,7777247.32,67.5,0.497,poc,24.2,20.1,1
fcb0a2eb-06ce-49b7-9ddf-c03eb7ebed35,2914510.46,80.4,0.274,poc,17.6,16.0,1
801491fe-c222-439b-a6d8-9ad35e57ee01,11338201.77,49.9,0.405,contract,2.4,33.8,1
42fd8422-f872-4a42-859f-76c62244a506,2229053.55,36.9,0.451,poc,24.2,31.8,0
cbafaa09-82cb-43c4-8c05-bff75a2c25cb,3330526.45,68.9,0.278,contract,16.7,34.0,1
3ad7dce3-7fe4-4bea-9e44-13df49fd4d5c,23609643.18,94.1,0.29,recurring,8.7,25.8,1
f236b146-f329-4b23-835f-ab6b7e015b3a,3599071.21,68.0,0.707,contract,25.9,34.9,0
92c0b677-291e-4f3a-854c-3941b3d7b3e4,31487033.6,55.3,0.531,poc,17.3,31.9,0
090bb3c9-f873-4a24-a0f4-9a565acafad5,5145260.46,67.0,0.172,contract,22.7,20.6,1
298a6733-b6b7-40de-afd2-6979d30bf624,2535813.43,42.4,0.192,poc,15.3,44.4,0
fd375925-f726-4694-badb-19742817b655,3894123.67,41.5,0.326,poc,11.0,43.4,0
2cf09431-7bf3-4823-af38-50f541307ade,7046691.26,71.4,0.344,poc,16.7,14.6,1
a28e5908-aa85-4a95-8e4b-f4d5c98fca0a,3960768.18,37.4,0.186,contract,27.8,38.1,1
c30feecf-5f36-4b54-8004-5a587482607c,1650085.16,27.5,0.302,poc,26.9,29.2,1
108052ec-29b0-423e-a994-8156a7a5c3f5,9374951.52,27.4,0.76,poc,29.9,38.1,1
915ce71d-8cae-40ee-b7fe-718fba80b3e3,3758707.95,76.5,0.261,contract,23.3,19.7,1
132ac027-3110-44ef-9210-7c8bc7506186,11546179.69,30.4,0.404,poc,29.9,27.4,1
926dd21f-7038-45d7-8ca5-5b2dad1b7e1b,1292420.7,30.4,0.057,poc,37.7,37.3,0
00d40d87-53d5-4dd5-99d3-0e7763c1a0f3,5717143.62,53.2,0.165,contract,14.8,40.0,0
3d909699-8559-4e59-a41f-65e0ae64e666,11340198.01,35.0,0.296,contract,2.2,31.4,0
cf10e5a4-8b19-4688-9675-3fa23d36b7aa,9081635.44,64.1,0.223,recurring,1.1,26.6,0
4d102b50-5277-48f2-a2e5-3bb215f8d379,3923050.09,61.9,0.138,contract,18.6,33.6,1
0f6b7b53-790a-42f9-8294-c57d84b96b23,4566081.31,90.9,0.014,contract,0.0,13.5,1
9b5ccf9d-7adb-4f6a-9a11-8d6d3e6859d7,11111201.54,70.0,0.27,contract,17.6,36.7,1
383e06bb-6a2f-43ba-9644-78ab50c018b1,4725248.96,40.2,0.333,poc,5.0,34.8,0
464ecf00-53b0-4174-a013-b0a4c81df23a,7318422.38,84.9,0.392,recurring,1.2,24.6,1
116f2c34-f32e-41f9-ba7f-0f5a70d83140,6185572.23,58.9,0.269,poc,18.2,30.6,1
9751c54a-41b4-4f86-b379-55ab98aa215f,1170113.63,35.1,0.118,poc,28.6,55.8,0
4ab084af-4a96-45a1-b346-136dcc791aad,1417431.56,40.0,0.373,poc,25.2,27.4,0
79422464-dca0-4ec7-893c-54c331bfbd51,28856854.79,77.1,0.667,recurring,2.8,32.4,1
f6e704f0-b74a-430c-a2ac-16085df8cd83,14647110.3,63.1,0.266,poc,26.0,24.6,0
f515b76d-e786-4719-b1fd-857d2f320da6,2189725.96,71.8,0.211,contract,6.0,21.0,1
f26a5430-0a99-405a-b309-bc0d9a3157b0,2448395.92,68.8,0.204,contract,0.0,29.0,0
36d93fe1-1de6-46fb-ac5d-99f246d4f8e9,4974036.43,16.8,0.183,poc,23.8,53.3,1
4adc9bb8-4d6c-496b-a952-a6e0ec92150b,5317961.89,40.7,0.432,poc,7.3,34.6,1
ee4931b4-ad70-4a7f-a6be-af9392f6a0ce,4003878.68,42.4,0.381,poc,29.4,25.6,1
e3e31d12-04a5-4816-9ac0-d771b0956c34,2047388.79,86.2,0.321,recurring,3.6,41.3,1
1548ccfc-931c-4ae6-995f-eeae2da26ef0,2839286.42,23.5,0.225,poc,17.2,23.4,1
cb95ca76-ed31-4fa2-ad29-8d87c1a4c36f,2242026.76,62.9,0.108,contract,5.7,27.2,1
9fa8ac5a-89db-44b9-a4e2-0c06843a7c42,6754715.55,59.8,0.56,recurring,0.0,16.8,1
a93611d6-5377-4dc5-b8c0-f724888853c5,5194780.58,83.3,0.362,contract,0.0,4.7,1
b706ae74-d699-4612-8824-0fb09821ad07,3998791.03,27.8,0.405,poc,10.8,30.4,0
f53e6877-6865-45ac-89b8-ef70808712d5,3581833.07,95.4,0.295,recurring,1.1,21.5,1
18365fba-1e4f-4ad6-804f-6307c10898e3,4947459.86,36.3,0.145,contract,13.5,27.3,0
78985ba4-e224-4f7e-9f54-83b536312816,6561359.18,25.0,0.449,poc,19.7,25.3,0
4bbef077-d79f-4dec-9ade-2ebe97a35e77,12341670.58,92.8,0.358,recurring,5.7,11.3,0
1424324c-0869-41f6-b764-35b781e0d01a,1958978.45,86.3,0.427,recurring,3.1,37.7,1
a9147dd5-8973-4056-ab86-9009bb7e9d5b,5993680.3,78.6,0.557,contract,23.6,25.8,0
033508df-eb57-4b7a-8496-7eaf519669e0,5497587.99,13.2,0.061,poc,16.1,36.2,1
f417580e-a97b-4a37-8204-d2f6e2b2773e,4082564.04,81.3,0.333,recurring,0.0,25.3,1
4a286bb7-ebcc-4c8e-95e6-3b1bd6c6625b,4020774.15,20.2,0.441,poc,27.8,29.9,0
5ecdf7c3-06ec-44e4-b435-a225631a20db,21001385.35,39.0,0.118,poc,17.8,45.1,1
30ba340e-4201-4b88-b91e-11e244a9b46a,4256059.68,76.0,0.198,recurring,13.6,11.6,0
4355d13e-998f-4f2d-81c5-eea9c7457658,8848687.64,92.5,0.26,recurring,0.0,11.9,0
db87e842-28ce-4531-9e51-55f1d507ec68,9745843.53,94.1,0.566,recurring,3.4,10.7,1
0107aa43-aecf-45fc-b664-854a07bc8c86,3037557.09,14.8,0.297,poc,8.2,30.0,0
a620db5d-e912-47bb-b7aa-4a3b688086a6,5468565.65,61.4,0.378,poc,25.1,31.7,0
47946ad3-b04a-43ef-a435-941e310158f6,4681869.48,75.9,0.809,recurring,0.2,52.4,1
7cac198d-ea41-4755-a61f-a006d15f283a,5501161.8,89.6,0.378,recurring,1.1,26.8,1
c128cb71-1292-47d5-8380-b38692835367,6120324.36,31.2,0.569,poc,21.5,23.5,1
8c565e8d-53da-4fdb-a579-c157291e5a53,2619168.0,56.0,0.07,contract,2.5,16.0,0
a7845372-58b8-434a-ab10-4c4c401a0ede,3387782.56,100.0,0.363,recurring,5.5,4.9,1
bca932d2-b8d5-47cf-a718-ff93c0467a22,8854895.71,81.0,0.451,contract,3.2,28.0,0
b3fd8cc9-6add-4274-a96a-1ca40e687afd,3867437.64,31.0,0.24,poc,20.2,37.0,1
888d2cad-cc0a-46a4-bf9b-9ec1d370e782,4865745.89,22.7,0.089,poc,16.6,57.8,1
dd2aaf03-8505-4c39-9f59-d4ecb7e40734,18865905.92,100.0,0.345,recurring,0.0,18.4,1
f506387f-3b37-485d-a726-6f2b6c96068e,6362002.86,100.0,0.306,recurring,0.0,26.7,1
e0ffabba-a78f-42c6-b672-d85f569b4193,7953359.26,67.1,0.237,recurring,0.0,11.7,1
f489f0aa-a8ad-45d5-a028-0e59e2aebea1,4160020.58,51.7,0.081,contract,9.0,33.1,0
17cf4361-8fd7-47f4-a74e-d632dc647315,14238120.41,69.1,0.22,contract,18.4,51.9,1
a255afb1-843e-4fc4-b206-eb823fa22f9a,22885621.71,74.4,0.488,recurring,6.0,15.3,1
0bf6bda8-b1f0-4dac-a7d4-ad7f5213ceb8,5501095.02,72.1,0.437,contract,27.5,34.8,1
9aeb8be5-e4a2-49b9-8526-8f21c310f5f5,9565345.86,47.1,0.328,poc,30.6,33.0,0
51f62e59-9bc3-4d3d-8a19-46d01ce92dfa,9645688.57,50.9,0.477,poc,23.7,21.9,0
50517ef8-213c-4d97-ae63-3cba1f67c3d5,4804805.98,22.4,0.05,poc,35.3,27.6,1
5a76527b-9d2c-491c-b753-d98e0c67ffec,7180714.14,47.2,0.069,contract,8.0,32.6,1
59a298a9-a4d1-45c5-8418-2a4b3d56ec37,6524966.27,79.0,0.413,contract,25.2,30.7,1
81c6b45d-5fe5-4366-b92f-04406c96b9a3,3860367.37,88.4,0.31,recurring,7.8,13.7,0
42f459fc-d94e-4887-9f1c-2a669d6524a6,6282294.48,86.5,0.728,recurring,9.8,1.0,1
97c9dc3e-c6de-4c03-9e9d-2312542859b5,9857125.85,100.0,0.505,recurring,0.0,20.6,1
2610c24c-2cb5-4f97-bc9a-aa3d4231d8a5,13052358.35,55.8,0.367,contract,9.3,36.8,1
4b4d6443-c2f6-486d-b232-1b3f79275d5b,4065089.34,90.1,0.234,contract,17.0,38.4,1
89731b69-7e85-4e27-83f9-835ebceec16f,2918553.49,62.8,0.383,recurring,19.1,8.0,1
708a11a5-cc9b-491e-8c67-b166082a8c95,2182376.2,38.6,0.172,poc,4.1,34.7,1
9263a05c-da81-4fe4-88f2-cb9ad97c30cd,17739898.06,62.0,0.085,poc,31.1,34.8,0
3a70fae3-067d-43e1-b89f-2c2bbdb9bd13,1907964.67,56.0,0.085,contract,6.2,42.5,1
314048e7-b3b9-4266-bf65-85d8c7365b40,17851420.74,60.7,0.22,poc,16.5,28.7,0
17adfe88-a361-4071-b718-a2e833aa7edf,4826936.39,41.2,0.386,poc,12.6,35.0,0
8d369604-07ff-4388-b96d-4e8f98c7c98c,5532726.68,45.8,0.227,contract,26.7,38.3,0
e4276951-1953-4506-92f7-b4c1e956f8be,5996762.62,59.5,0.527,recurring,19.7,13.6,1
ac145c0b-5b87-4d86-8ad8-9b874e897adc,10563858.57,75.6,0.154,contract,6.4,32.4,0
a852eba0-8c9e-4c41-b615-228b4199a937,3069590.8,45.0,0.195,contract,8.4,31.0,1
11d69f6d-07e0-4dab-b242-2ad24b7663b1,2457567.94,57.8,0.119,contract,23.8,27.6,1
be09a0d0-f792-4f85-aacb-bc9dfd22886c,2039405.59,74.3,0.319,contract,12.6,26.8,1
596ffcd4-9f96-4da8-9890-732251f899c3,7585295.12,58.6,0.111,contract,0.0,27.0,0
ccad8b2f-d330-4e7d-9f13-4d04d4b57861,3937757.3,89.8,0.042,contract,11.1,37.8,1
5a55a436-5bc1-48a6-8534-3ecfd1e84d43,6189220.9,40.5,0.068,poc,27.8,40.2,1
a9e7c140-3b10-4540-ad82-97c92aa8dbad,2911744.66,89.7,0.224,recurring,0.0,37.6,1
009b48c3-e236-4132-81d5-2fa3d3a2621f,5126685.39,52.3,0.462,recurring,0.0,30.1,0
cd36e2fc-80a3-4635-85c4-ae2333ebdcff,3342593.42,48.1,0.317,contract,6.1,21.1,1
affd821d-ce41-494e-a2ac-2e9c3552146c,5843446.73,74.6,0.392,contract,16.9,39.0,1
20c14610-48d5-4711-a8ad-e3c10f821d1b,3223336.18,32.1,0.504,poc,13.4,20.4,0
faff7f8b-9206-43ce-be3a-f051e67da3a3,5138630.64,69.5,0.108,contract,24.1,23.7,1
531de725-45a8-4239-9f7f-1c52833e1437,6351527.87,71.0,0.409,recurring,1.6,31.8,1
fa2dc747-9f68-4481-adc4-9c4b9f0c2034,1593899.35,87.3,0.584,contract,10.1,19.0,1
b975a604-9f10-4576-a615-b1db2078075e,4845199.98,77.4,0.38,recurring,0.0,36.5,0
12afdcf0-ec29-45d8-b952-ae2169b982fe,6511509.5,34.8,0.284,poc,23.9,33.5,1
1c9466b2-9f83-459a-9411-fe65d983a13a,4476397.67,100.0,0.363,recurring,0.0,33.8,1
0d9f7e83-664b-45e3-85c0-d5d2dd34638b,11397846.09,47.4,0.076,poc,37.1,32.6,1
c7ebf1ba-31d4-4b9e-b1a6-ea505ecb212c,3249891.15,94.7,0.279,contract,22.6,17.4,1
fbcb4110-ebd6-48be-a341-62567c795bff,13314427.71,94.3,0.297,recurring,9.0,12.1,1
e0aeb4e5-52be-4a19-a28f-7da753fdbcde,4045190.43,69.5,0.421,recurring,10.6,27.1,1
861b2ef5-770f-4ae8-b908-36d3a3480df2,2441393.47,68.8,0.262,contract,21.0,13.6,1
a0a0a08c-a31d-4ff9-94d8-2addff7f9a4a,3010905.99,42.6,0.185,contract,18.9,40.1,1
57cf8326-6507-4121-bf39-6813f86f5c45,5508978.6,49.5,0.416,contract,10.4,33.0,0
fca83215-36de-4cad-a153-cb399d4def0e,16179589.42,99.0,0.751,recurring,17.6,19.2,0
fed1e6cb-d655-4367-bf01-b48b8df4528d,11466994.83,100.0,0.421,recurring,16.4,1.0,1
8caa7a17-43e3-4f0e-9636-ceb6d7188110,4854368.74,66.5,0.212,contract,11.9,46.4,1
2017e987-9788-47d3-a529-87aa8b929d59,5211075.63,51.2,0.58,recurring,8.6,24.5,0
f15ab9e5-c928-4ad5-bddd-499ad0a022fa,6380358.7,88.9,0.409,recurring,0.0,40.4,1
a8c26b02-220f-4efa-ba0e-5b0ed49bac73,4331343.16,66.5,0.46,contract,9.5,33.6,0
9d21fd9a-6e1a-45aa-90c2-3596b7d915d6,9565067.66,46.0,0.26,poc,17.7,8.4,1
c09109ce-22f6-4cc0-9e7c-12054290f663,3754328.65,35.0,0.454,poc,25.1,23.9,1
f26d84d5-fa4d-49b4-add5-b0ca0be8b0a1,8454959.71,53.0,0.212,poc,19.6,35.5,0
ec11b6bc-497b-4e64-8c9e-f6631ee97fdc,10711525.49,87.7,0.379,recurring,17.6,23.9,1
5afeea36-4e8c-4254-9957-a642aecee1fb,3709271.48,69.5,0.386,contract,21.2,25.0,1
80f14f09-37ad-4f37-96c8-fef24d6da198,7123023.29,77.7,0.14,contract,5.2,22.0,0
9dc9b96d-578e-480f-b57a-e0cdf563a568,4618211.82,73.7,0.43,recurring,1.9,20.2,1
45d3e152-5ed7-40ac-af1e-2b6528303e56,4328152.16,46.8,0.488,contract,11.0,43.8,0
d56b4489-0e00-48a1-b85e-d1367e70b7e0,6111698.4,72.7,0.233,recurring,0.0,29.8,1
fe1ca840-d065-4ed2-b478-f762fd51aa01,5694687.5,72.8,0.615,contract,0.4,16.7,0
4abdb7b0-2641-430a-8c17-de12f5b7356f,6845487.34,82.8,0.195,contract,12.3,36.7,1
fd82c860-a7de-4cba-8fa1-44f562e61c82,3684060.91,52.8,0.202,poc,27.2,38.6,1
6de93671-668c-49d1-b29f-8e80cc9f7171,4214560.78,54.6,0.817,recurring,11.3,41.3,1
f50967cf-9943-4757-8bca-a9826990ef30,3049411.57,57.4,0.064,poc,31.9,18.3,1
8531dd79-10ed-4f40-ba20-23ef92804923,10429030.04,56.3,0.185,contract,14.4,28.2,1
b330d195-4fc0-4967-8f8c-15fc722ba74f,9858121.57,38.3,0.242,poc,10.9,50.6,0
78ef97fd-3ea6-4a3b-b000-f9048f20303c,4541203.29,79.1,0.539,recurring,8.4,15.4,1
08f2136b-252e-4f43-a9a6-f1955f7a3874,3218974.48,76.1,0.07,contract,7.3,38.7,1
577d025c-b085-4ae0-a78f-bd8a390bb0e5,1543371.44,48.1,0.226,contract,24.6,32.8,1
2d4bbfad-73f4-407b-bf82-7fde0af3f03b,6228538.45,42.6,0.345,poc,31.0,19.2,0
c4c82401-b89c-49ea-82ac-0596f0876b5b,13255395.78,85.4,0.21,contract,0.0,23.6,1
97bd7b98-8944-4857-9dbe-9f7301a9c996,4199408.74,68.6,0.107,contract,17.3,44.2,0
f5885120-1b65-4ee9-aae5-159dca979b7b,3524655.68,98.9,0.447,recurring,0.0,17.4,1
f4e221a9-d035-4ed1-912b-7bc6a8a8b37a,2266614.18,48.7,0.074,poc,14.8,37.7,1
2b738612-58cc-451a-8e02-2e18effdf5b5,8042840.1,26.7,0.501,poc,28.9,20.9,0
59929ebe-2328-41af-b1a7-168add706a3d,3686867.03,51.4,0.426,poc,38.2,26.3,1
a325638a-b545-4580-91dc-b64e457c1d97,16740008.75,58.9,0.082,poc,25.7,29.1,1
67fe73b1-afc3-4f91-a133-db10954c8066,13247887.49,64.5,0.204,recurring,0.0,27.2,0
e6d5ca9d-59bd-41c3-8b41-b9765ad206b0,6625405.5,90.2,0.277,recurring,0.0,33.7,1
d10e5393-05ff-4ad0-8bb1-e4dcddb42e14,2442142.25,52.3,0.698,poc,12.9,50.6,0
b568aab5-4bd4-42e0-985d-2f4e104cc349,6729440.62,24.4,0.136,poc,12.6,45.4,0
3ed8060d-13ac-4b70-81a6-02aed659973c,12500454.22,28.6,0.423,poc,25.0,30.4,0
7e5556f3-7a08-4578-b278-16189f4214c1,8710205.73,42.8,0.75,poc,12.7,24.1,1
3de514ef-23e0-44f7-a4a2-89c4088441f7,7326343.36,85.5,0.552,recurring,16.7,26.3,1
03315eee-7f31-4fbd-8a68-244045cdb49f,3393015.06,26.6,0.181,poc,23.3,25.9,1
90ff3d57-370f-4401-94aa-d8c06d6cac61,11243345.33,21.5,0.163,contract,0.0,34.2,1
c14248e9-41c0-412e-816b-611604df2653,8493167.06,77.6,0.46,recurring,5.2,11.3,1
b372529e-2530-4b8b-af83-5930934de0c9,7330162.28,75.2,0.378,contract,15.0,16.1,1
79b65ff0-3bfe-4b5b-b829-a41a218874cf,10650914.34,46.1,0.292,contract,12.3,9.8,0
6634d8e0-24c3-4e42-a574-fa92b2faefd2,12385610.5,65.5,0.167,contract,15.0,42.7,0
55988ac0-ed8a-4f0e-929f-585471a8fab0,2747613.69,68.9,0.15,contract,14.9,25.1,0
6dbc72fb-89da-4a8b-be58-a628d2ddde0e,9817686.64,29.4,0.201,poc,11.7,25.9,1
fd98fd53-c8e2-4d3e-86fb-70ae143af6e4,9933298.41,75.1,0.375,contract,16.4,13.9,1
27b657b0-689f-4645-a512-bcbf5acd6630,5810502.43,57.4,0.357,contract,12.0,18.3,1
383c7ff3-b02d-4e68-b530-db9d0ac93d4f,5371532.17,21.8,0.211,poc,15.9,32.4,0
b15a4ae2-3723-4f02-9c63-424c348a71e6,6447412.41,41.4,0.223,contract,11.5,30.5,1
87af138c-7ef8-4d06-a005-cbf9537f8184,3993674.19,87.6,0.194,recurring,22.8,30.8,1
cd964f70-4401-41d5-b816-b6e26eec7179,3936789.07,100.0,0.238,recurring,8.7,31.7,1
258a32c9-eb52-4e19-9174-2511b5b79506,16243138.61,100.0,0.472,recurring,10.8,23.8,1
6d6f39e7-3749-42a3-8656-89d1ce6dcd85,3417289.91,100.0,0.685,recurring,12.1,23.3,1
25f63de5-efed-4b78-8ae8-246ccf4a41e8,6120800.12,73.8,0.135,contract,23.2,33.4,1
ea24bec4-364f-4053-a819-e231faaa9445,4254324.37,51.7,0.237,contract,7.1,12.6,1
41deb55f-849f-4bbf-ad6e-07885c981c02,7144598.77,100.0,0.416,recurring,0.3,20.3,1
8519c23e-eb66-4189-bc77-dffd95a7ec83,12089316.62,46.9,0.34,contract,18.7,48.5,1
1441366d-6ea4-4e9a-9724-36307743b279,8332861.98,72.2,0.203,contract,16.4,38.4,0
6b85dc8e-c70f-49f1-b4fb-e55e24735fc9,3920995.73,65.3,0.059,contract,15.5,35.3,0
455775b4-d1cf-4cb4-89f5-649f8a07f672,4719536.67,89.8,0.529,recurring,9.7,29.7,1
4d9b503c-82d1-4d17-b0aa-9786029b6f73,1672151.03,87.2,0.519,contract,4.9,34.3,1
d1576f6d-6c31-4259-8765-2f08181e166c,17751895.1,72.0,0.511,contract,8.6,20.3,1
bd76c889-5c67-4b44-a253-025503addb5b,2080476.64,70.2,0.032,contract,11.5,20.6,1
6be8bc7b-5062-4cef-ace6-a8891353685d,2480807.02,30.7,0.447,poc,28.7,39.9,1
827411c1-bfde-45d0-bd03-e75e44e6e951,3521572.55,50.5,0.555,poc,15.8,27.3,0
10fbe5e2-0ec4-4d2d-ac89-a36a74882598,7450151.0,79.3,0.318,contract,9.6,39.5,0
6fc8eb6b-c544-4278-a6d0-6f4c68f90249,7705849.06,96.3,0.644,recurring,10.9,6.1,1
c932dbe4-cb35-4100-bbc7-d6e22c579fa6,10013888.19,24.8,0.317,poc,7.0,25.6,1
146b9ad0-449b-4f25-b0a0-1eb7df64b719,3527893.76,26.8,0.487,poc,6.0,38.7,1
c2749acc-9af9-49ad-9121-1a4c31d78630,2507529.46,93.3,0.277,recurring,3.2,15.5,1
10cb3356-3ee7-40fa-9f3c-278a54094834,2627103.71,81.1,0.307,contract,26.3,39.5,1
6ff8ee27-fb45-4e1e-80db-eabf234523c8,10707869.12,41.8,0.063,poc,20.7,4.7,1
5fd9c355-d54f-41a2-a0e9-b60eb0fb1e8d,4107244.44,58.8,0.541,contract,13.5,21.4,1
b9bfdaf8-2d1a-4ec5-a449-09bc8b4c3a90,1684498.68,87.8,0.19,contract,11.5,18.9,0
79471d76-a509-4553-956a-3011cda59a4f,7069493.14,7.1,0.326,poc,13.8,44.2,1
35b7e768-bfe9-4aeb-9114-205b41d6b762,12853894.43,63.0,0.621,contract,0.0,24.7,1
0387c148-41ac-4407-b81d-6eea277c1c2e,5559721.58,41.8,0.64,poc,21.7,24.1,1
9a3f8c6a-c00a-47e9-b426-7194632e576b,3232720.78,77.4,0.209,recurring,0.0,35.0,1
2c94468d-afff-4892-a899-ac2910c26a05,5501241.74,40.4,0.139,poc,11.1,17.2,0
7f02fdd2-230b-48fb-acf5-fdb5074af316,6343254.22,45.0,0.161,poc,13.3,25.4,1
fc71dc8f-04b3-4fce-be8f-7dcfffd28892,4834541.07,40.0,0.199,contract,18.7,17.0,0
4b98f90f-c50c-4cdc-ac3c-841b66d9049c,4350050.86,69.7,0.283,contract,8.9,27.9,0
7320dba2-e1cd-45c0-92c2-bef9c24a0aa5,9763018.94,54.3,0.643,poc,35.7,35.0,1
7c26190d-fadb-49e7-96e4-130c4942c832,2880382.55,25.7,0.327,poc,23.2,48.5,1
aa90fd4b-0178-4a1a-99cc-d72d0166de9b,8724887.87,19.5,0.296,poc,20.4,16.9,1
801833b7-6404-4439-a417-d5eb3111ce14,4640389.28,68.2,0.076,contract,19.4,34.0,1
f1e71a5a-8877-4657-8adf-181db8330dbb,8897288.0,83.2,0.208,contract,5.6,32.7,1
d1804c4d-c97f-43a4-844c-75647d43576d,7887032.52,36.5,0.368,poc,17.8,37.3,1
64be4325-7644-4c9b-8db0-62fb46e717bb,3577496.57,53.2,0.21,contract,1.0,39.9,1
bba75fe9-1ff0-4a8c-80b7-762c0a676b53,4712399.64,39.1,0.234,poc,25.6,39.4,0
882e672a-10ad-4929-a109-b7e778173a07,1463936.41,100.0,0.769,recurring,15.0,10.2,1
15f845ce-9dcc-4f51-9384-ecbe6983c7ef,2673106.16,83.9,0.561,recurring,0.0,15.8,1
80b45e24-30bb-4af5-b791-d378444aa137,20835463.69,81.8,0.499,recurring,0.0,24.2,1
935af571-d7f9-44f9-bd04-915c3cf4e014,4121790.22,100.0,0.576,recurring,19.1,9.7,1
30cbed21-96b7-4148-868b-a3a6d95e99cf,2966440.78,65.4,0.374,contract,24.4,1.0,0
dd8519f4-2862-47f8-b558-8a81a3181507,13936671.8,36.3,0.58,contract,21.6,7.7,0
036abcbd-3842-457d-9eab-8d3966c3968b,2281999.06,51.5,0.637,poc,23.2,37.1,0
dfa179ee-587e-4367-b6d0-11b2aabdef56,3213946.71,51.9,0.14,poc,39.7,25.5,1
6d7083e5-7430-4c59-9074-098bf63f0106,2077953.65,82.0,0.259,contract,23.6,1.0,1
e26eb242-1b3b-4167-9787-0510fa79d181,4129498.14,23.5,0.25,poc,20.4,23.4,0
86234651-1b7a-4a13-96a5-ab424fff9fcc,4344775.15,60.6,0.258,contract,18.6,2.0,1
44408db1-0519-48a7-80c0-7363b32fc2f1,6869604.78,38.2,0.071,poc,20.6,44.1,0
e9177eb6-0889-41b1-8c2a-aa6819e2c79a,2710037.33,61.2,0.786,contract,31.7,37.2,0
7a7d716e-e1ae-4080-a4c4-392c67b43f2e,3847961.78,51.9,0.471,poc,16.8,24.3,0
535f2ed3-851a-4ad2-b4fe-23bb5eeb6e35,10760665.31,88.9,0.269,recurring,0.0,13.9,1
0e735cea-8056-4863-b12f-8ff0b2c76121,7436872.36,1.8,0.118,poc,18.0,38.9,0
b624dc0f-70ee-4f92-b03d-cb84db9846e6,3976769.74,46.4,0.519,contract,12.7,45.8,0
2510944e-fbdd-4a42-a701-fcc6e2e09297,8777151.21,62.4,0.08,contract,20.9,43.1,1
b5f42b13-4159-48fd-ad16-5df577b9ee89,16174241.17,48.4,0.486,contract,16.1,37.5,0
2df0acc0-33b2-4ed9-beee-bebbde4843f5,7140769.46,80.1,0.362,recurring,7.5,26.4,1
5e0039ed-feca-4a89-ba8a-e1278bb88019,1282765.74,60.8,0.097,contract,6.3,27.1,0
dd74a6cc-7ed6-4da2-b98e-29e075f40898,4526759.81,77.1,0.645,recurring,24.8,27.8,1
bc348a61-e7c5-4388-8e17-590517f9fe50,4025794.09,72.8,0.45,contract,27.3,14.9,0
33acf91b-3d06-4932-8c50-44f25b72ae14,10807274.69,26.8,0.132,poc,14.2,50.6,1
ccbb1584-7a39-4ee9-aa6f-63ac99fd1d50,8924410.33,34.8,0.376,poc,13.7,32.3,1
d594387a-7482-445f-8743-6005819f0a58,4752056.67,27.2,0.227,poc,14.6,12.7,1
9f1fb84d-f735-4c6e-82c1-0fea9a5739d4,8271177.78,85.6,0.543,contract,10.7,28.9,1
56f7888b-63ad-4a07-a1d4-4d1af3c78e00,7915379.09,69.1,0.44,poc,21.6,21.1,0
8b53e0a6-2d62-4def-8eb5-aea5720ffac5,2057103.16,76.8,0.24,recurring,5.6,10.5,1
e2c0219f-64a1-4f3a-8207-6c50391f10bf,8642518.19,49.8,0.349,poc,27.7,35.5,1
27cf6836-dcf6-40db-8d05-a418e7600dfe,7764989.32,66.2,0.12,contract,3.9,49.8,0
2135b17e-9795-4577-bd23-e2afb8d865c1,9690617.76,21.9,0.794,poc,16.1,28.5,1
040df76a-be04-45a1-9d1d-1e800eb67ac4,830290.97,42.5,0.63,recurring,0.0,29.2,1
3a54f76e-543b-4317-b29c-fd8fa00bf0dc,4052064.05,79.6,0.319,contract,22.3,33.4,1
556080de-d072-4394-b593-772c7de9895b,4453761.66,90.2,0.113,contract,17.8,42.3,0
a82e72e9-02e7-40f5-bc63-f4c543a7a3d9,3077959.98,35.1,0.073,poc,20.8,41.3,0
85fddd2d-8ab5-4fdd-b76a-53b60bd77349,7948667.44,46.5,0.156,poc,22.6,27.2,1
3a906e9b-766e-4cb9-8dc4-c994bbb87020,7203255.25,66.9,0.216,contract,5.6,14.2,1
3264d640-30ba-4cb0-a172-a8f994114dc3,13839968.6,100.0,0.462,recurring,1.8,41.0,1
78731d61-6d2f-47ea-85b0-6c01b64d3a5c,2457179.89,89.1,0.464,recurring,0.0,23.2,1
ff9031dc-130c-447a-a2c4-c46c94b118d9,2234782.66,60.0,0.251,contract,4.2,39.5,1
aa35aaa9-80f5-4798-b51c-f33e5dec5af1,11453949.99,24.0,0.386,poc,23.2,30.5,1
00a95295-3ad7-4f49-b12f-a418d4c2b84f,5597848.72,69.3,0.059,contract,3.2,22.8,1
8dae954a-64ea-4b25-81be-1a82457bfff2,2145865.52,19.6,0.474,poc,29.5,34.3,1
1db42d0d-062d-4100-a02c-850c79eda44d,4615970.22,100.0,0.846,recurring,0.0,35.4,1
f448654c-e743-46f6-87d2-3d15cab0982d,2887166.58,18.7,0.402,poc,33.8,43.3,0
3ab23b78-fc0b-4ace-9726-b0b1a8d8aa79,12564739.8,62.4,0.097,contract,0.9,40.0,1
52d3f853-4499-4b10-9f8f-e0b5be63ca82,5438132.69,40.9,0.114,poc,20.1,24.1,1
dcbdab0d-9a97-492c-b0da-71660dd19e47,4848566.04,57.4,0.346,contract,8.5,6.6,1
9f077209-dbbe-468c-80bc-3477a833544b,8170619.11,32.5,0.254,poc,21.2,20.2,0
f019676d-0418-4c66-94d2-70798715fb11,2159646.14,95.6,0.396,recurring,2.9,11.0,0
9219754c-cfa1-4e6d-bee0-e8a93ab1d7a1,9062542.23,71.5,0.263,contract,7.1,39.4,1
ba121c67-228b-48c9-b334-ec0491f35b0f,7778247.09,20.6,0.226,contract,15.6,32.4,0
eb8948e4-b12c-4ac0-a3af-b97754eece78,10075209.03,47.8,0.273,poc,31.7,32.3,1
ae3c3c17-1d0d-4e4c-b465-f2680e2bac36,6413983.98,82.4,0.586,recurring,14.8,24.7,1
d7b2d43a-dab2-4867-9e46-007ede19de28,8545628.44,53.1,0.382,contract,1.1,40.7,1
b21d6696-3d76-4e20-a831-938c00c26ff8,23341475.18,33.9,0.136,poc,20.5,24.2,1
f52c7658-35aa-4281-82a5-5346d42866f4,10273001.75,73.0,0.088,contract,5.0,21.5,0
3a17c968-72b3-41b9-8dbf-bc8e18465060,6349583.8,72.1,0.099,contract,12.7,23.0,0
8ac71ada-4183-4528-be21-5385eb3cf74c,10105467.36,68.8,0.473,contract,22.7,46.4,1
0e9202a5-3b23-42d7-aadb-337fb68f1d06,6991089.33,57.8,0.316,contract,12.8,20.5,1
47dcace2-da57-4594-8b6d-cb23fdbd8917,4505202.2,62.3,0.37,poc,14.0,10.3,1
77e45afe-fc19-4f9f-a6eb-0968f837aa7b,19005302.14,65.7,0.139,contract,10.6,7.8,1
b4abe2fd-84b8-4b9b-a9e4-4b6fc5ba5298,15962303.07,52.2,0.367,poc,10.1,46.2,1
685b069e-9ade-4d82-961b-7c2c71c8989b,2510794.2,47.4,0.274,poc,24.4,30.0,0
aead9d08-2c63-47db-b399-66482b560fe9,4548846.27,95.4,0.595,recurring,0.0,13.6,1
54bffa82-7a78-4641-a62a-bad45cfa5f1d,3674176.68,61.9,0.166,contract,11.0,29.3,1
3ff67ded-e11a-41b3-9efa-42c315836d3c,4370115.62,55.8,0.247,poc,17.6,26.4,0
0144355e-6ab7-405c-87ad-7dd2d04ccd1e,8204795.53,75.1,0.159,poc,25.5,25.5,1
05a27842-0a2b-4f6c-811e-6be72fa11e5a,10436647.56,85.1,0.542,recurring,14.1,47.9,1
82bc5fdc-d2c1-4bfd-98a5-9139c8a7dd90,9923331.09,63.7,0.04,contract,0.0,37.4,0
fdbcfa7c-979b-41fd-a75d-66370bd08933,7257656.73,24.9,0.242,poc,15.7,27.1,1
5a470b07-d413-402b-931d-8819c8f7ff47,3451764.8,59.2,0.308,contract,4.3,22.2,1
c4d9b564-b950-42d6-9ba5-716a78b1cfe2,3392550.6,75.5,0.179,contract,21.2,17.0,1
bf5f33a9-7784-47d6-ba6b-662327e2e39b,18641854.22,64.6,0.296,recurring,1.6,14.3,0
00800ed7-f9df-4a1d-96e6-26686be225ba,16910114.41,38.9,0.257,poc,16.8,32.6,1
c7f89918-348c-4380-b0cd-012c819c6e71,9656729.91,100.0,0.269,recurring,2.4,16.4,1
ff3ecefa-5c00-491c-9ec5-532a5e57648f,8533902.88,62.0,0.369,contract,2.3,35.8,1
2b3708d4-f311-4c4c-9562-2e77067c6aa3,4555402.35,36.9,0.298,poc,9.6,37.6,1
8353542a-25f9-4f3c-bff6-2214c03eb590,6539519.65,100.0,0.542,recurring,5.0,21.4,1
396c9561-dd31-482e-807f-411bf05fa801,2201628.41,100.0,0.372,recurring,3.0,15.1,1
183c742c-fb3e-4417-9e75-55dade1b53ba,6415365.63,76.0,0.137,contract,32.9,20.2,1
b2cc7529-0e44-4b70-b055-4bae110e58f2,8623836.33,72.6,0.532,recurring,0.0,19.6,1
45d18706-ab35-43cb-bd22-01299d0f2af0,6695209.37,89.5,0.402,recurring,11.0,41.2,1
36173230-f5d4-4640-ad7a-0ef745aa3615,1746012.37,61.9,0.422,contract,14.0,29.7,1
3c63a2a2-a605-42f3-acbc-b431bd1b186e,4032952.63,30.0,0.29,poc,13.3,19.2,0
2915cffa-2765-4ce2-868e-34b0b2d93d8b,5059512.31,72.4,0.252,contract,2.6,36.3,1
609df580-02b7-41cf-aba6-07183ca8ab45,3014988.99,59.5,0.179,contract,30.1,35.9,1
f4f2a7c3-b5b2-436a-971d-7d561e3f2a51,4827858.65,49.6,0.28,contract,11.6,30.0,1
a5b0cbee-3185-4676-9125-7b8879f23a82,10337741.12,54.6,0.255,contract,8.7,26.4,1
3b4cd794-4b8b-4492-b66e-1e96bf805143,1409198.63,86.9,0.278,recurring,0.3,17.6,1
5afc0875-3ddb-44a5-8b06-f1ebf7e7371d,15631898.57,32.5,0.209,contract,12.4,24.0,1
45bc407e-9ae3-44cb-81e0-8e9e37bba24c,2941586.13,77.3,0.238,recurring,15.7,39.6,1
3582f0a5-01d9-49cb-a6a8-020724000924,7752997.33,47.8,0.376,poc,19.5,39.9,1
8afe976d-b8ce-4e93-9e70-28a954f9ecfa,7828395.25,39.8,0.273,contract,0.0,35.7,1
3a073e21-91e1-45f7-8250-12186087616d,9368627.68,62.3,0.264,contract,14.7,11.7,1
dec228a1-ab3c-46fd-b213-76e5fce14774,7779567.44,24.7,0.199,poc,32.7,56.6,0
4257b31e-e284-41b9-8c98-c0c1fe49e21a,5844377.64,87.5,0.362,recurring,2.3,28.8,0
79d9d8be-cd9d-4387-b46e-6990fb66271a,6365610.72,56.7,0.142,contract,10.5,29.9,1
17ea71ca-b3fd-4f9e-b998-8492cda04700,4856168.22,89.0,0.295,recurring,0.0,19.9,1
a4d575ca-1729-4af4-b42f-a2775e512747,13587083.34,75.0,0.377,contract,17.3,43.1,1
ba693403-15c2-4879-a8e3-942b1e2b3db5,5508675.22,53.9,0.272,poc,24.2,41.3,1
81bd5fd2-43ee-476b-8dea-3e89b8ac5406,15211490.8,44.2,0.125,poc,21.3,31.5,0
17e626df-1f25-4b15-b70d-0990eb20e6bb,2532915.71,71.4,0.146,contract,23.8,9.4,1
77f970ff-7873-43aa-81bc-00e9cca5f40c,15244983.71,41.7,0.067,poc,17.4,24.0,1
5c764003-08a5-426e-ba13-6ee6b642e1b8,3945265.79,60.5,0.286,contract,0.8,19.0,1
8441f577-286c-46b9-9597-26faa48b0b73,4216502.78,54.1,0.313,contract,10.3,32.9,0
aeb22a52-4bd6-4c97-93b7-91fbca690e0a,7421999.48,89.3,0.426,recurring,6.2,26.3,1
c42e7983-1032-4ddc-8a69-056efd66d1e8,3543074.98,57.6,0.358,contract,19.6,31.6,1
12fc2480-8ee1-4807-b2e3-e8ed4673eb22,4493561.38,84.3,0.15,contract,19.7,16.1,0
a715c4c5-a084-4da9-9c92-29419a96f964,36416961.22,77.8,0.748,recurring,0.1,24.2,1
6bb0effa-4c50-46cc-a527-fd3bc7cf85a0,4656642.89,45.9,0.097,contract,11.5,26.9,0
84664340-8629-4990-8605-cdc9485f44ca,3420208.95,62.8,0.587,recurring,0.0,17.8,1
e0bc166e-9727-45c1-a294-1182b5cd35bc,1464861.59,51.5,0.542,contract,0.0,54.4,0
bdac9889-ea16-4024-b4a6-92cc821c0310,12285969.38,100.0,0.423,recurring,7.8,33.1,1
5064ff05-35f5-443b-8518-5057bfef3db9,3061471.61,90.4,0.19,contract,2.6,23.0,1
8a45dafd-bb95-4cbf-b785-9397e055adfb,16725810.08,59.4,0.413,poc,2.2,13.1,0
efc63603-832e-42c0-b865-480b856b16dd,9004481.09,70.8,0.206,contract,0.0,38.2,0
674e244f-cc0a-47d9-b456-0d610bba3813,4924571.02,74.1,0.799,recurring,11.2,25.5,1
e1d7c0c4-13ec-4923-9344-0446a9b8be3c,12448891.25,87.0,0.534,recurring,0.0,18.7,1
4f3db03c-784c-4453-ba38-a5bf27f5389f,2562468.84,55.4,0.17,poc,12.0,13.1,1
8e9fa090-7264-49bc-89e3-db05600b5ff6,17236333.35,38.7,0.229,poc,14.7,22.1,0
20b76067-d55b-4a5d-a8dc-dbdfe3c49e1a,4818704.39,57.2,0.237,contract,8.6,39.6,1
41d531ab-93cc-4700-bd59-daa3c2c7f287,2254713.4,64.4,0.201,contract,16.5,15.1,1
cd28f7ee-6ff9-4a29-b36c-3c774fb17bec,16966615.65,76.3,0.608,recurring,9.9,9.6,1
30bf3b16-81dd-4b88-aeb5-602705155259,6338664.13,66.6,0.217,contract,7.2,28.7,1
ef8ce821-7d54-482d-aec9-57386f4c751a,4070296.95,23.9,0.468,poc,19.0,42.4,1
de458623-c74e-4ce3-8013-02212fdce53b,2615950.12,68.4,0.338,poc,15.5,30.5,0
8cde11e5-0071-4fac-b2c0-e80380e111fe,3218323.51,91.2,0.376,recurring,0.0,23.0,1
79f3eff0-3721-4dbe-aeb5-9c4a60e680c8,8288566.35,56.5,0.22,poc,16.1,38.2,1
4fc7f875-8c7c-45af-9e61-e7eaaf7eb639,3581464.96,54.1,0.311,contract,8.7,20.3,1
9dfd2cd1-0de7-4e9b-ae33-a83577abe902,4532908.14,73.6,0.463,recurring,4.6,19.7,0
ac2e08ab-1c67-49c8-87f8-b96d1806fdab,3847638.22,65.4,0.633,recurring,0.0,17.1,1
f026965d-86ed-4d45-9a65-7eb906b02577,8305351.78,45.5,0.136,poc,29.6,21.9,1
d3c611c0-84e5-4fd7-a4bb-d723362cd684,4288017.52,100.0,0.328,recurring,4.2,29.5,1
a67b4496-f19c-4334-bcb7-c2f15e9f54aa,2225393.31,18.4,0.118,poc,10.9,29.6,1
2f4fedc3-4a1c-4d7f-a536-32008a58dd66,1443730.36,79.5,0.477,recurring,0.1,23.7,1
89b98aa2-3210-4f63-addc-bab2bd5cf3f2,1136611.08,68.7,0.244,poc,22.0,19.2,1
d24228dc-cf4d-4289-9677-d46f023ac465,4903444.37,65.5,0.596,poc,12.9,20.7,1
4c100b5e-ca47-466b-8058-ffc8a2ee0ce6,18086831.58,77.4,0.45,contract,12.0,32.8,1
f610ce92-3e06-45b9-945a-8464a34c7675,4337434.53,23.2,0.608,poc,16.2,18.3,1
f1b9ab69-7878-4fc9-bb40-2f89d2417f3e,2327156.52,64.4,0.254,contract,5.8,10.9,1
61cda7c7-0417-4af7-ab3b-f3f6c8dec424,6648725.14,34.3,0.097,contract,8.7,57.7,1
a81d37a4-6a82-43af-a1f9-3a8e557833d1,5784236.52,91.2,0.522,recurring,6.2,9.5,1
74934e80-6c1f-43ed-a542-183f1599410d,5405105.04,48.8,0.144,poc,19.8,28.5,1
bbd8d8ae-ac7f-45b2-be81-2a456a886213,1687382.37,100.0,0.564,recurring,0.0,33.9,0
d3f5a2ae-481c-4823-968f-424e9256a429,3478256.56,40.7,0.269,poc,20.3,28.1,1
4a43e743-d7e7-4554-875e-6faf8cc5bd16,4215541.84,20.8,0.406,poc,16.7,23.6,0
bb7aac14-cdb4-4e17-9b86-72826f7b2991,2935666.04,81.6,0.238,contract,6.9,34.5,1
dde17b61-ee67-4218-856c-8aaf0e4417bc,3103540.51,92.3,0.353,recurring,14.0,18.5,1
458a466c-c7b5-4ab5-ade7-d715339ab198,6453210.21,16.0,0.453,poc,11.1,34.3,0
7690f90b-1cb5-4be4-a938-553552c43c7a,5004140.04,96.4,0.682,recurring,0.0,21.9,1
65749f96-e8f9-4518-b30b-0830cc4f1646,3240667.33,82.6,0.655,recurring,9.4,8.1,1
38029680-b8ef-4ff7-ab24-fd9471089293,1570034.51,66.1,0.43,contract,13.4,17.9,1
ea71affc-1417-4990-a0aa-259d7336b631,5296642.07,79.8,0.35,recurring,5.2,28.2,1
00860013-8257-403c-8477-2bb0ecaf2a4e,5004838.02,53.8,0.34,poc,16.4,22.8,1
c185a09b-add9-42ff-9aaa-842198ff2d3e,7407737.0,70.2,0.39,contract,17.0,29.0,1
4344d07d-bda7-42b3-97b1-c08c3d870d5e,2976924.67,28.0,0.342,poc,18.4,42.1,1
648313e6-1e95-4ca6-9a8f-d0dd8c2d4302,6490889.19,15.9,0.288,poc,25.0,26.5,0
1bdbfea0-b7ae-4ff2-92af-7cfd31794042,7285300.19,74.5,0.255,contract,18.2,23.3,1
2318c4ca-1729-4760-b868-5c16d62e47ec,3767610.06,37.5,0.156,contract,15.8,25.5,1
cedfc290-435e-40d8-a6b8-e113eec83dca,5915819.88,41.0,0.432,poc,16.0,36.0,1
f346cf04-1ccc-48b1-a032-09ad3f9be498,6166173.87,68.4,0.427,recurring,0.0,25.5,1
08bf39fa-12d1-4363-9727-91b2c5636fee,5324751.91,32.4,0.251,contract,11.0,51.0,1
fa420ecd-3b1a-408e-a592-e5220d7ad211,7976261.53,51.5,0.123,contract,15.4,42.4,1
6630a760-8f81-4272-967d-426d37e49b73,7570643.99,67.0,0.728,recurring,5.3,22.2,0
0386377e-9dc6-486e-b3b1-3af66ea315c3,3090207.53,79.4,0.611,recurring,10.9,17.4,1
9bda6e63-ce1a-489d-b8ec-ff2c36fbdb71,15949951.88,92.4,0.399,recurring,26.7,24.6,1
26a3b7e3-1f7e-4ab6-a841-28c937fa4247,21547977.1,65.4,0.526,contract,16.8,52.1,1
2380d6da-0b61-4fe3-86e8-f07fb3fb9880,8578574.0,22.4,0.187,poc,21.1,42.2,0
2bb44f21-cbdd-41c8-b85c-e0b250d494f8,1790751.6,55.9,0.335,contract,15.8,26.1,1
a4a2983f-3940-4ca4-abcb-c3d87d1356c3,4343368.59,50.9,0.276,poc,29.1,23.2,1
b8280f96-b90d-436b-8463-b74c4e3b5f8a,3047977.77,70.7,0.656,recurring,18.9,27.1,1
c302cb20-d2e6-43f1-930f-5b3bc74de2f7,6995507.55,59.0,0.435,recurring,4.5,42.1,0
2c586152-7312-4ebe-ac63-919f6702245c,4961220.12,34.6,0.486,poc,25.0,18.4,1
aec41549-fb66-476e-a66e-efa65544851a,4100126.02,77.0,0.372,contract,22.3,13.4,1
745d3e20-46d7-4957-95f4-0510619f2fff,6779891.52,65.1,0.401,contract,10.3,26.3,1
e96e3b07-6c3b-40ca-b664-3a5fa798dcab,1272007.81,82.7,0.301,recurring,1.9,33.0,1
32af69bb-4c59-4f6c-8d0e-f3448e1c3ade,2118854.21,51.3,0.198,contract,11.5,41.0,1
398b5aa6-0cd2-480b-bbc5-f49a0cc3fb17,15993706.95,74.3,0.333,recurring,7.5,12.3,1
4247d7f8-6b04-484c-bcd2-b0433b5201ee,4152362.91,89.5,0.297,contract,15.5,18.7,0
c10c04fb-43cb-4c45-b3e8-bf06c3b64e4c,3416928.28,59.6,0.419,recurring,6.3,37.4,1
8260bfd4-201a-4301-baaf-a2969e9f04d2,3755357.8,37.4,0.161,poc,19.3,26.6,0
095544b6-39dc-4605-a9db-4fcd359df7e4,7335288.04,44.9,0.435,contract,2.6,20.2,1
5a82fd5c-89c3-4e1e-9762-bf84edfab502,2062194.1,84.5,0.214,contract,7.5,26.2,0
5c3061f2-c6fc-41b8-bd6d-dce721ffcb4b,11517856.41,51.1,0.429,poc,20.0,35.7,0
d26d284c-b1f8-467c-9571-c6f3ba9f7f28,15553444.52,75.6,0.41,contract,7.8,24.8,0
e2d8b52f-2c2f-41e9-bb6a-75df18787f5a,2592210.26,75.4,0.309,recurring,0.0,35.1,1
974dd93e-6ba6-4fe8-b9a5-2902572d8e15,1648556.77,62.1,0.167,poc,28.9,28.7,0
770f3e26-e6c3-42c6-8d62-c7696f8bc350,8501880.79,29.6,0.547,poc,14.2,30.5,1
c33ca71e-fab3-4c5e-b135-89d11c71283c,18776460.45,100.0,0.433,recurring,0.0,19.5,1
404e9914-e9f1-4067-a870-e68b2243debc,2989880.53,87.0,0.097,contract,11.2,15.2,0
01fe351c-e0a7-40d8-9b5e-58bee781d1f9,6541306.24,99.8,0.179,recurring,5.0,5.3,1
aaad2acf-79a1-4c53-8a9f-e55690ea4783,1823120.71,53.8,0.319,contract,11.8,27.7,1
abe9212b-26c0-47a5-b6ad-3d78d24585ee,4326154.31,48.0,0.388,poc,15.4,23.9,1
c878d0d7-8352-4bf4-8f8e-14b8c1590c20,3814895.83,36.2,0.154,poc,23.3,27.1,1
d84d7cfe-cced-4909-ab81-1d3557eab2dc,2775315.25,64.4,0.555,poc,31.6,33.8,0
0030d941-857c-414c-9e1b-bcd6c8dff9a2,12042582.29,28.3,0.168,poc,14.0,20.1,1
f8ea76e2-8e98-4f8a-9a71-0d7deef623fb,4361725.83,75.4,0.54,contract,31.4,24.7,0
abaa4020-b060-475d-b144-b4798c81803a,19107014.24,47.7,0.197,poc,10.1,27.2,1
b2407683-8f25-450e-87cf-6f48a3647c96,3380843.4,83.8,0.382,recurring,2.5,21.5,1
5bb3bd1b-ad26-4bd6-8a64-657a2eaac470,5409090.44,100.0,0.605,recurring,13.3,10.4,1
e9d6af25-4ab2-4cd6-bdf5-90d021a46dd2,2852170.66,65.1,0.198,contract,18.4,13.4,0
f84ed42e-790f-4788-856c-a63bd28c5c9a,15680223.16,26.7,0.262,poc,10.9,44.5,0
cd8dd02e-9d1d-4ece-b881-bdea47cdb200,7582436.22,62.9,0.053,contract,3.2,30.8,1
e2d4c8b0-c010-4999-9b57-3688e224284d,5698056.24,72.0,0.317,recurring,5.3,20.9,0
be3312bf-7e77-45a6-aa41-41c8d55c2f3c,2480831.6,36.6,0.249,poc,11.2,26.5,1
dd7c9244-6471-463f-8256-239b6827d77e,3659822.05,80.7,0.462,recurring,2.8,19.4,1
6b30537f-39f4-4b8c-8d01-ef488a0b46a1,6478104.79,39.7,0.481,poc,16.7,25.4,1
84668287-87b8-46be-9e7b-1986a153f060,1069331.3,42.0,0.287,poc,25.7,32.8,0
98d4e278-6031-452c-b281-2a4992a1dd5d,1765274.76,66.3,0.195,contract,0.8,29.6,0
04a15414-fda9-444c-a6b8-44473f8460d4,2843457.17,56.2,0.248,contract,0.0,14.3,1
276c65c8-9b95-4292-965d-40e11b3d5d78,18781441.98,31.0,0.248,contract,22.6,38.1,0
c5eaca91-ac07-429e-9cb8-8093d994ea97,7831444.98,72.1,0.343,recurring,15.5,2.5,1
7afcc980-fa48-487f-94ea-52b1ce880bbd,4851101.5,87.4,0.219,contract,16.3,18.0,1
dc735754-673d-4435-98bd-2e031efad9a8,9003725.0,42.0,0.275,poc,17.7,47.1,1
09af0732-10c3-45dc-8261-b96316c1ec53,6286081.85,53.8,0.402,poc,15.9,40.2,0
afe9e9ee-4ac8-4696-9b71-ad39f0c70af5,9362871.43,59.1,0.049,contract,20.3,37.1,1
e7d2a819-68bc-461c-b196-5b4dab92d145,5414873.55,57.4,0.221,recurring,0.0,32.2,0
ac68be1d-13bc-49b9-be63-768a4935eada,6924259.38,67.3,0.343,recurring,13.1,16.7,1
1fbb5218-23ad-4bf9-8246-4ff27e5dbaf5,12164966.83,91.6,0.761,recurring,7.4,17.3,0
e3a83234-7eea-4f95-a028-976b479cdd85,12753026.98,12.2,0.063,poc,27.7,23.3,1
e4476be8-dbb3-4b73-9128-50699956ea13,8026535.57,54.5,0.257,recurring,0.0,28.6,0
d5aa0eaf-4254-439e-954b-60f284bfc384,1288891.21,100.0,0.554,recurring,8.6,7.1,1
7608efac-d51c-46da-b8d2-4ff32aa2f341,4189467.44,66.8,0.429,poc,13.5,31.7,1
8e7ef262-5563-4ae7-aad7-ba6e4cea03be,14772887.15,49.4,0.19,poc,19.8,23.2,1
542e5f55-67a3-43c1-b92a-18e99dd28729,5484623.61,89.8,0.557,recurring,0.0,41.3,1
46c6bc9a-9708-4141-8ccb-ba37f447bdf7,5702203.4,40.6,0.405,poc,31.2,39.9,0
81dfb587-3fce-473d-891d-3222f22f8f75,2425066.24,59.3,0.254,contract,6.4,41.7,1
dc5257d4-e78a-4fc7-9419-b0db4dd0e826,16072578.08,48.0,0.311,contract,12.8,19.4,0
6b52096f-f73b-4452-8077-6680b511c810,7605825.57,82.9,0.919,recurring,5.9,18.9,1
daec7993-d20f-4828-8a64-30f222892f99,3724572.5,65.5,0.39,contract,8.2,27.6,0
3e508616-1348-434e-9c21-ca38f849fb3d,1762121.39,82.2,0.609,recurring,8.5,9.4,1
0febbd44-3bf4-462e-8b90-a1286a0b471f,4318120.25,68.0,0.291,contract,12.9,27.7,1
8fddb00a-fab6-4b76-806f-db140351c3d7,5193303.34,34.8,0.042,poc,26.3,24.9,1
345f3e2b-35f9-4d99-94bb-c55fddc4c06c,8084716.65,51.0,0.131,contract,13.8,29.4,0
bfa5d373-62de-4009-a048-c95edfb69e3a,3374321.43,74.3,0.23,contract,8.8,23.3,1
6635f48b-d382-4ca6-b560-844ee0d44fbe,4864222.35,62.7,0.392,contract,15.1,30.5,1
bb5d8f87-5675-4cba-841f-a95794b91dfd,5250242.43,36.5,0.166,poc,28.1,31.5,0
079ed1e1-9459-413e-b89b-74952b4b7829,8095008.35,48.5,0.162,contract,6.5,38.0,0
4dd2d3e5-4170-4493-b09e-71bfef653aee,9830229.69,63.8,0.145,contract,20.9,29.1,1
d8fa573f-025e-4171-ab84-4cb3bfd7c797,7871928.11,75.8,0.223,contract,15.0,39.6,1
17077e10-60dc-4471-9503-7caf9065fd2e,2994520.49,58.2,0.331,contract,4.7,20.1,1
e777367b-4ea3-4350-b4e4-ea962548e755,12001458.42,80.8,0.646,recurring,10.5,31.7,1
849c2cad-9ae2-46cf-8fad-9820db59970c,3940969.48,98.1,0.208,recurring,0.0,29.3,1
ef4f21aa-e71e-4509-a859-51bbef52ec08,14981249.78,7.0,0.427,poc,24.0,33.8,0
4c871df1-cead-4870-a5b7-6294ab7a346e,11009410.17,84.8,0.371,recurring,2.0,22.5,1
15840df0-15d7-4427-ab6a-e3693b789b15,2785330.63,57.9,0.476,poc,17.3,31.9,1
f736b023-5422-420f-bb1b-ed4a1119214c,1939936.67,68.7,0.369,contract,12.4,21.8,0
0dffbba4-858a-4db7-8729-282a9d9527e3,3480519.64,68.9,0.419,contract,10.6,19.6,0
5ba0196f-119e-4157-b12a-42d7439c9d71,610752.7,100.0,0.259,recurring,0.0,17.0,1
b68c0398-0856-4b99-9d9f-00dc1d19b153,5050261.57,75.4,0.065,contract,11.1,33.3,1
f3d61e47-30f5-4f75-b422-c8a59a3a1d4a,12879822.87,58.8,0.088,contract,11.4,13.8,1
1e7cc58b-edec-4f73-ab97-64b848f3f65b,5704314.13,62.7,0.016,contract,22.8,28.4,1
beb2e6a5-300d-41b0-8ddc-01e232c19145,6186601.89,69.7,0.228,contract,19.5,1.6,0
9629f103-55c6-4c92-8e43-b620ce7df37d,4728909.06,32.4,0.176,poc,11.9,21.5,1
ee925a3b-efe0-438b-80b2-28b001f1b949,2449432.43,72.7,0.295,contract,17.7,26.2,1
02ad8ad4-265a-4883-ae85-af7181d5f774,2460142.45,38.1,0.169,contract,22.4,49.1,1
2512de88-ad05-40ed-92f9-9fe883461aa6,9370804.66,78.9,0.426,recurring,0.2,24.4,1
216d105d-e604-4cbb-85ea-2d41ddd3cbf8,13942165.06,79.7,0.474,recurring,2.4,20.2,1
bea6d923-4a34-436f-b067-ba6f57221f01,28754225.59,86.2,0.446,recurring,8.4,10.4,1
4f77cfa5-da29-422a-855e-8e96ed9b2b6b,4028184.94,70.3,0.498,contract,1.1,44.7,1
1af7c291-98c4-4a67-b6d5-73e0a580f3b5,4979446.38,45.0,0.2,poc,28.2,39.9,1
e1f7b9b0-1c76-4719-9259-390996c7b63c,3971784.54,64.4,0.515,contract,3.3,16.5,1
82f930cc-f9d5-4d1e-9b1f-04ed3b8f24b1,17782140.13,74.9,0.576,recurring,12.7,7.0,1
5b415456-e8c1-4e59-8bac-36aca453c070,7350525.75,67.8,0.054,poc,20.8,40.8,1
e99c5e1d-ca3e-4a0e-929e-deacbf16d3e1,3714223.08,75.3,0.612,recurring,11.9,21.4,0
9def22fc-2053-4ba8-8917-7d480e308c01,14829930.49,37.9,0.35,contract,6.7,30.3,0
41529572-e606-49ff-8f99-2fc67ab2b882,13940575.17,70.0,0.167,recurring,3.0,21.7,1
47d6fdfc-72ee-4a15-92e1-aa324519643f,3772765.43,95.7,0.363,contract,8.6,37.1,1
aa0e3895-e8d0-4c93-b697-7f91625e5fbf,638447.55,78.9,0.509,recurring,0.0,14.1,0
5846de37-8cbb-4762-ab06-b2777e33ba37,9281942.36,72.7,0.476,recurring,0.0,22.6,1
3706799a-517e-4ccd-9724-6cc27a2b177c,2178109.6,76.9,0.127,contract,24.2,21.1,0
9c076260-436e-41e5-a0eb-ebaa26ce7b14,5566680.98,82.7,0.17,contract,12.0,36.5,1
4c251f68-ed2d-47b7-a864-d235f908f99f,1345998.88,58.5,0.22,recurring,10.5,16.9,1
89f43e8c-2d34-439b-a1ab-8b3f3a84732c,10469464.18,48.3,0.435,poc,11.8,29.7,1
24b62cdf-0f58-4bae-b176-22e94a6ba465,3298067.55,65.5,0.393,recurring,11.7,46.4,1
3babb79a-2922-4856-89a5-290f9776bab6,11223279.4,82.6,0.165,contract,22.5,28.4,0
d097a425-f932-4f84-ab31-cdf53118da13,5039725.58,69.1,0.145,contract,34.0,32.9,1
49d5c42e-6a5f-4114-b106-f5bce6f633ad,5767222.64,100.0,0.245,recurring,10.3,34.0,1
da2ea586-511c-4b9c-a1c4-3273b112c372,11012405.19,43.2,0.487,contract,13.6,29.9,1
da3cf497-044c-465b-904d-304ae139aadd,4216436.98,31.4,0.593,poc,29.3,37.3,1
c0b374be-bed3-4d41-8439-f0d40af76672,10843569.03,93.7,0.851,recurring,12.1,36.1,1
dcb54eeb-c47d-4adf-bd3e-6ecd671dce1f,8348649.14,46.9,0.341,poc,12.6,20.4,1
63d55102-4078-4e69-bc41-01a4c32b406f,1737897.44,79.1,0.177,contract,15.3,30.1,1
c7fb46de-0f45-46cf-b49e-6683dd7a3089,4317945.67,25.6,0.089,poc,10.1,39.0,1
a21b4d80-454a-4aae-91c4-6ca78f539ba5,4676736.59,79.6,0.195,contract,0.3,23.7,1
658b247b-dcb3-4958-a165-f5d08310631b,7935538.67,90.0,0.457,recurring,10.4,21.2,1
fc589a18-66af-4aa2-aac4-f4c66a206af2,2503524.43,56.2,0.571,contract,13.0,15.8,1
2e6a512c-0f4b-40ae-a409-832122da1559,1558838.28,46.3,0.744,poc,33.6,36.2,0
7a9dea4c-75a2-44a0-9c0a-541e2fc23c88,3574876.8,28.7,0.13,contract,8.7,34.7,1
8304b292-dcc5-4543-9e1c-2aefa229db9d,3954135.67,44.0,0.143,poc,21.6,40.8,1
a9489178-72a5-44e9-ac45-49d8551411dd,3057575.67,77.9,0.077,contract,4.6,21.3,1
033f4edd-484c-4306-8b2f-dfef9c28f023,5025161.18,38.0,0.207,contract,0.0,29.8,1
b86b5399-8c9a-4f3e-93fc-f54d27588ddc,19177302.04,35.4,0.139,poc,21.3,39.0,1
e2e71a5b-015d-4248-8c51-75b089d7ee9d,12657624.33,38.1,0.111,poc,26.3,36.0,1
bf9afe83-aeec-4a85-aa11-12eed6ff5a85,2254450.75,98.8,0.237,contract,10.1,34.3,1
1c30f76a-9f6d-4cc6-a1cd-06caeb8f1dd0,1969230.4,71.3,0.561,recurring,12.1,27.7,1
785a3779-c299-4671-a474-8bc8952708e7,4561370.18,73.4,0.101,contract,16.7,39.5,1
1fb810c2-8dea-4489-abe4-c1b8cfc68c18,1492006.19,78.9,0.343,recurring,0.0,27.4,1
d143f679-594f-4716-86fb-1d239e038005,15509921.4,25.2,0.247,poc,29.2,39.0,0
081735ea-df01-4455-abe4-3f1e626928d4,4707848.33,69.6,0.245,recurring,17.1,39.7,1
eeb25813-72d1-4321-be54-2d935a007156,8005700.07,46.3,0.504,poc,15.9,45.8,1
1ae5f840-b6bd-4490-add2-cf1a4046e0f7,7916081.54,63.0,0.105,contract,17.6,17.6,1
5f3e2810-095b-4b83-89e5-bba5d2b76498,3389004.14,82.0,0.673,recurring,9.9,15.7,1
4bb81fce-9ad0-470b-b5ad-612f87c363b5,9449103.56,25.9,0.352,poc,22.5,47.1,0
691adb52-ddb5-4559-b8f7-03bf45d59a9d,3838946.75,54.3,0.297,poc,15.0,28.8,1
c21f64be-213e-4fce-85b9-36346676ffde,2122591.74,100.0,0.764,recurring,0.0,15.7,0
c67502f1-e4c9-49ae-bde0-8bc0a72879d7,7352498.0,70.8,0.445,recurring,1.1,3.9,1
75d503b4-4dc5-4c39-9acd-854c8831412a,7459973.3,80.7,0.386,contract,13.1,13.7,0
71e4aa94-2855-4a5c-871e-e3aeec024833,3033596.91,67.0,0.223,contract,10.6,22.4,1
6078e9e1-355c-4305-98b4-8f3b2263c129,2116757.13,36.9,0.541,contract,12.3,43.0,1
cdb656f4-17f0-403e-b0ae-a52d22225ff2,5514699.16,35.2,0.175,poc,25.3,22.5,1
73ad9633-49a0-4879-a628-7925132a3206,5901682.21,28.4,0.218,poc,18.1,35.6,0
fc4cde8c-0e3c-40b0-b07a-38c0d7ca0be2,2895438.1,96.0,0.566,recurring,6.5,18.4,1
586c5290-cc6c-4557-8d99-c1c5b54190d6,10575663.66,46.6,0.021,contract,3.5,42.8,1
301c77e0-3159-4830-9a53-f2c5d719668a,5492910.82,78.9,0.185,contract,17.0,27.6,1
bd90e9e2-50df-44af-88fb-27f855b43cac,17727872.33,53.2,0.344,recurring,0.0,43.1,1
b007eb39-919d-4cd2-b5f2-e9187411cc2d,10747322.55,28.1,0.379,poc,21.4,37.2,0
986472ee-d4d1-4c7f-9a23-3c11fb18685e,1875446.84,98.1,0.314,recurring,0.0,20.3,1
01bbd84e-1890-485e-a13f-4cc77cc5af32,5373109.95,5.7,0.06,poc,9.3,32.0,0
a2a4972d-3ea9-4890-9970-cffe1b50f9e6,3453152.56,27.0,0.465,poc,17.5,35.7,1
0c7b361e-974a-4747-87f0-3db0d5bba002,6005678.61,79.1,0.543,recurring,0.0,9.9,1
026018ae-2e81-4f74-8539-957c85ea74ea,9505752.9,89.5,0.338,recurring,8.9,42.1,1
744caee6-01d9-463a-9136-68dbbcf9905b,9073881.97,38.9,0.647,contract,10.6,10.0,0
447a4a2c-0012-4b64-a534-1d947c9d1bdc,22629096.47,52.9,0.449,contract,3.5,35.1,0
a595b86f-1bfd-477c-87d6-53e556b5910b,21351717.37,100.0,0.325,recurring,0.0,3.7,1
5fb02a0f-3c27-4ddc-a87e-cedd8ff42ab4,8686846.09,54.0,0.501,contract,23.9,51.9,1
ee24c410-a2e6-44e9-abb9-28ffb321494a,12733187.7,58.7,0.389,recurring,0.0,19.2,0
dd8194bd-5850-4194-a3a8-534f11392599,2100201.79,87.9,0.781,recurring,3.6,16.6,1
93ecc5b2-33bf-4b35-8f30-d3955322c9ad,2267820.48,95.9,0.469,recurring,0.0,28.7,1
38069366-090b-4744-91e4-5b3eecc5160e,6315406.94,43.5,0.156,poc,4.2,28.1,1
ce95f655-2152-42b1-ac55-ec78bb101c40,7685146.35,69.8,0.236,poc,12.6,42.7,1
ba026a62-e3bd-4143-816b-dfa2f4e298aa,13889041.51,28.9,0.025,contract,9.6,46.5,1
9a3447aa-2e7d-4cea-b03c-859cf5509153,14386046.18,70.2,0.424,contract,12.8,17.8,1
99eeb896-62dd-41c8-b9cd-fe792fdbb037,9823284.73,40.4,0.071,poc,3.0,36.9,1
b2600780-a16e-4c5a-badf-2d0e889107d5,3078086.23,53.0,0.391,poc,26.1,37.9,1
4decfc70-0365-42b9-979f-7047f83e3643,18108345.68,63.1,0.194,contract,12.2,42.6,0
7c94fb75-f6d6-4acd-8c8d-f2a581545596,15439089.18,32.6,0.622,poc,30.1,20.7,0
ccb2fdbf-4755-4d9a-8e0f-e13a2f09a409,1554360.03,80.5,0.251,recurring,6.3,21.2,1
ded36c94-33eb-48da-b9ed-4105df483cec,13637159.03,87.8,0.561,recurring,4.2,12.1,1
6a416cb2-7bd7-4707-bd33-d271917b27ba,10718529.84,38.8,0.161,poc,17.2,45.7,0
01331b3f-e65b-4777-a4af-a0f94c18c0bf,4385593.49,44.6,0.45,contract,9.6,28.8,1
071aeddd-c9a1-484c-80ed-c36c880708d8,1965628.8,39.1,0.488,contract,18.1,47.4,0
fb6e8091-0edb-467e-99b7-1c4bd5f392b9,1782479.84,82.5,0.403,contract,15.2,32.2,1
58b56228-0dd2-4c8f-918d-924f2dd48904,5044643.7,58.8,0.254,contract,12.9,21.1,1
7799045b-95b9-48a1-817e-ba111a5c8652,5691170.4,17.0,0.16,poc,31.9,35.7,1
de51a2cd-fb01-43ad-8633-65bfce279137,4248815.38,92.8,0.215,recurring,0.0,22.6,1
550a4a8f-724b-4439-bb89-064653426763,2190988.12,22.2,0.055,poc,23.6,54.6,1
e82f116f-202b-4d5f-ae2e-39ab58708583,2123431.28,67.1,0.218,contract,0.0,34.5,1
8808ff37-4324-4292-9fba-cc79dc46573a,6776398.34,71.0,0.199,contract,11.8,25.3,1
7d2994ce-e701-4af0-9fb2-1d5ce692a44e,4255596.33,68.2,0.258,poc,34.3,24.4,0
1ac5625a-9e27-4982-92e1-115f188ed7d4,9639288.12,44.8,0.136,poc,15.0,46.2,1
aa11daff-3f87-4d73-b710-6e9b0c6806e1,1776960.31,90.2,0.462,recurring,0.0,29.1,1
a9d79492-2daa-4b39-85a4-e6c0f50ea0bf,3906314.35,53.5,0.189,poc,25.9,46.7,1
352b34dc-ef07-47a2-8b91-17a9f91cd84d,13418007.23,86.7,0.318,contract,9.8,39.9,1
8b5fed7e-bbac-4de8-8614-7c8d4d3aa5fb,5759954.79,24.0,0.284,poc,32.8,19.5,0
bc1d7232-4b6e-42e9-b71f-0455202bed33,4896842.7,59.1,0.138,poc,22.0,25.8,1
8e08661e-315d-4ae8-a5e1-8fe486081ec7,13183973.26,59.7,0.275,contract,9.1,26.9,1
e2d05ddb-b05a-4303-9e41-eee512913a15,6365347.51,87.0,0.357,contract,20.7,33.8,1
0856c032-1e9c-49e4-aa5f-d21091f04497,3402276.76,41.1,0.29,poc,32.3,29.6,1
3c1cf00f-c167-465b-9c51-5114c52febd1,4283750.17,48.7,0.058,contract,16.4,22.3,1
a442dc33-b0b1-4d84-90ca-07c12d274e66,2584226.94,73.7,0.363,recurring,5.3,31.6,1
506924de-baf0-4f24-9484-9ab6e5f9041d,4789987.09,35.7,0.558,poc,17.3,29.8,1
eecd5d3e-073a-48ea-987e-0e3b3a4e4cc2,15089848.12,82.0,0.69,recurring,4.9,25.1,1
70fe372c-06bb-4592-8aa9-cbcd1ced35ed,4366996.71,33.5,0.367,poc,19.5,36.5,0
b67ab115-03b4-4cfc-9956-0e52f2697706,4276584.26,85.8,0.467,poc,10.1,52.6,1
432caf3c-a8c5-4c84-b194-df6ae3a336dd,4949829.54,36.5,0.12,poc,5.7,27.9,1
aab1c49c-4d25-4b35-a6fa-4707adc36d2c,5636952.88,76.0,0.24,recurring,0.0,34.3,1
aa6d3e3f-8964-4511-a896-83df1cb35d4a,2351717.16,41.3,0.288,contract,14.4,30.1,1
f39721b0-5498-4697-bfc5-82416b85ccdf,5914952.99,55.5,0.364,contract,10.1,33.3,0
06201487-7982-44fa-8e90-295f0b81d54c,7128044.25,54.4,0.262,poc,18.6,20.2,0
65b28d11-ddab-4ebc-9fcc-57289aff832e,3486276.59,87.9,0.614,recurring,6.7,23.3,0
5c1a936c-02da-4ad5-8d32-79a8f52b0ee0,840400.44,60.6,0.411,contract,22.8,40.6,1
27441010-5fe4-48aa-8f58-f9a8101efcff,8002326.04,19.1,0.461,poc,23.2,38.2,1
f37a8fa3-fb06-42e5-bffa-ed42a1438be0,7420896.02,31.3,0.221,poc,22.9,21.5,0
3e6704a8-9c7f-4818-a86f-dfb7eceb3703,2701684.64,74.6,0.305,contract,13.8,35.2,1
a248ae90-a2ec-490c-9213-bf070e437404,1970345.84,71.2,0.61,contract,13.4,28.4,1
77b15660-af79-4ade-8a5e-e5234a98d3ab,5271540.02,76.7,0.224,recurring,5.1,38.3,1
487ca84b-ff1c-4560-bf4a-4f1f0aa3df67,8648187.52,84.8,0.397,recurring,10.9,16.8,1
93d5d9dc-0246-4afb-8fa9-d3fa914868cd,7219831.19,52.5,0.566,contract,6.5,42.0,1
27109ac6-5fff-4d3c-8396-bb7406e41d5e,5793248.54,75.5,0.407,contract,0.8,26.3,1
42f45d95-3943-40f9-a805-0cf45ab04b01,5450825.5,47.8,0.329,poc,10.3,41.6,1
8718f206-76e5-4d01-b6fa-f5110331596f,7648838.13,70.0,0.642,recurring,3.9,28.0,1
02f36117-27cc-4b25-b8c3-43d0c7e28b81,11993726.45,18.1,0.33,poc,32.5,36.1,1
de83f4e2-20c0-4a80-aed5-954a1e1cac6c,1617877.89,70.3,0.474,contract,17.4,12.5,1
5b30a50f-db7f-4ae2-b205-b06e0b227b97,5959901.06,70.3,0.526,contract,17.5,14.4,1
8043dc0a-9b52-49ed-9516-1c6267a434b2,5320538.03,71.3,0.066,contract,33.6,37.4,1
a7781961-2f62-4324-9551-27ac08edc5ef,1516825.86,57.1,0.104,poc,20.4,28.0,1
a074ef14-2ce4-4048-b0cd-30f9d2e8a1e4,2557111.05,82.9,0.503,recurring,2.3,14.9,1
607c963f-33a4-4cb7-8563-d4653a19904e,12225912.04,72.9,0.507,contract,7.9,2.2,1
b179f01f-4bfc-46ae-84e4-728c003ba1a2,6222024.82,54.3,0.355,poc,23.0,30.6,0
02f2769f-70cd-4514-a238-5a6a1c70f0de,8147829.8,42.4,0.315,poc,20.0,40.4,1
2bf3c300-92a9-48e9-a350-39c00fe4ffd2,1880965.21,37.4,0.343,poc,42.8,36.9,0
c408cd6b-5915-47ed-8651-72a7425ddd43,10494586.55,50.5,0.239,contract,0.6,19.6,1
859609ff-2df1-4c57-add2-1b2c52471774,5840275.8,56.3,0.046,contract,11.8,17.5,0
1653a1f0-cd54-41da-af4a-833966be4109,5795675.82,67.4,0.682,recurring,3.6,25.0,1
24264829-0e7a-44a6-a768-f64e349eda31,9390782.77,57.5,0.452,poc,22.6,30.4,1
1e4409cb-c837-45bf-823a-2964c06af3cb,3788861.04,75.8,0.296,contract,7.7,20.5,1
f06d0d01-4922-4a5a-9487-4d77232ed3d1,8139471.24,29.4,0.12,poc,23.0,32.9,0
8a5f7a7e-8f88-4463-8521-f06c792ebcd4,7937513.54,55.4,0.167,contract,14.3,23.2,1
46996c1b-5b03-4cd7-b768-63c5a7d338c6,1969577.12,1.4,0.624,poc,24.4,44.8,1
df233b58-2554-4789-95d2-c82df17d9ab4,5483150.16,29.4,0.321,poc,14.7,33.7,0
4ae0941a-65e5-4585-971b-ba7f5a9aed6f,8100939.87,64.5,0.097,contract,0.0,16.3,1
d1aafbef-06ce-448a-91a8-b259204b4170,7887290.81,31.3,0.652,poc,26.2,19.6,0
0bd9094b-7b17-4037-b2e7-1208167ef147,5936043.46,29.0,0.205,poc,17.5,22.4,0
e1d9c4b9-fc67-4846-9cdb-4dd58a57077b,5067863.8,100.0,0.27,recurring,1.5,29.4,1
5c55c6fc-677d-441f-a7e1-ea514b55f047,7784347.92,58.7,0.493,poc,14.9,31.9,0
3f2e3219-fc4b-4165-9f1a-1453f2a011d3,15523457.19,90.7,0.331,recurring,8.2,2.9,1
deda1f58-73bc-467f-895a-ef5483b0b604,4185649.12,76.3,0.108,contract,3.7,42.2,0
6e283197-7709-4f71-a06a-a378de4930a3,4539470.98,51.1,0.424,poc,34.8,28.2,0
19e3782a-de74-475b-9ac6-f2c3d813b5f6,4351045.69,61.0,0.303,contract,17.9,17.8,1
9ae1f661-f06b-41cd-9f43-68a9f2876543,2077566.02,60.7,0.285,poc,11.9,31.5,1
459f3f39-5d28-4e26-92ad-fad27fe98911,19887703.59,55.5,0.21,contract,26.4,25.6,1
0774aa59-2dd4-4b85-a5b9-ec0ab6686852,2448993.37,76.3,0.118,contract,30.2,31.6,1
1f2f2992-7b9e-4526-9f99-5871b75083a7,9059927.78,97.0,0.596,recurring,7.8,21.8,1
bc19b795-ee5e-434b-bf97-ffd9169ea7f0,19517596.11,83.0,0.731,recurring,0.0,1.0,1
bfd769d6-bf68-4ce8-9952-54e94f7e6483,3459817.43,60.7,0.107,contract,6.9,24.8,1
d51533b4-a79c-47c6-8c1b-b63b66102627,5376193.65,73.4,0.074,contract,18.8,27.6,1
1a842c5c-b348-44dd-bb54-64f9eeae6994,28925580.93,71.5,0.556,contract,15.9,24.0,1
358f7d73-7be9-4d4c-85d3-97673a9da372,6479488.93,88.6,0.868,recurring,16.0,17.5,1
ad900fa8-630c-4e05-aa4d-36e0f1e827db,12042571.44,54.9,0.034,poc,23.4,41.6,0
6c5b4dfc-1734-4ecf-895b-8e546f656369,6983018.37,72.2,0.179,contract,8.5,22.1,1
1c1a1fcf-5c22-482d-9f69-89b2dbdda0f4,16139500.14,76.3,0.624,contract,3.5,12.2,1
66453358-4ef2-45dc-b957-3143c3e73df0,5448647.08,84.2,0.144,contract,12.1,11.6,1
31a858a2-953c-4ea6-9097-244d503c4466,2140006.95,49.3,0.025,poc,19.9,12.5,0
0b8abab1-4f21-4f58-aeed-19e2821d9264,5025295.47,54.1,0.438,poc,9.7,23.4,0
51193741-c76a-45d1-bb3e-39c52c3e17e9,2449868.34,48.9,0.056,contract,10.8,27.0,1
96acfbaf-334a-496a-9787-82fb0a51f7cc,557283.31,81.5,0.214,contract,1.1,30.9,1
6239ef1b-8964-496d-9d02-86bd3e803abb,7586312.07,15.1,0.242,poc,30.8,33.2,0
0c6c0b59-2af2-4b53-816e-5196cc9703bd,4694841.83,20.0,0.151,poc,27.7,28.5,0
356d2983-4381-4142-aeae-f9aaf9e8e47d,7124996.31,38.6,0.064,poc,8.1,48.8,1
37e27178-c0fd-4f42-9efc-948fb5e8602c,2847148.57,55.6,0.167,poc,31.5,13.3,1
5846cb0a-399e-40a1-a3cb-5d1434e54466,2563035.94,35.6,0.246,poc,30.3,35.6,0
6d3184bb-47e4-4e33-8805-005eb3abe2ac,5721351.27,64.5,0.133,contract,1.3,38.3,1
0ffc1bef-236c-48a0-81db-33aefd90c1c1,4472028.92,90.6,0.504,recurring,3.6,7.4,1
53d27d33-715f-4ce9-b748-57ef1a138025,2236044.27,96.6,0.292,recurring,12.9,15.2,1
b55ae6e8-945a-487d-9e91-a587530e03b1,15124304.34,57.5,0.329,contract,9.5,40.4,1
80c72867-4e91-48b1-ac46-a6a03564aeeb,11301431.87,100.0,0.655,recurring,12.6,4.1,1
eead04ef-020a-4509-a96d-93ab028865fb,9649570.52,49.6,0.137,contract,12.3,38.1,1
f754b0b3-8cd8-45de-8b22-e7fa6ca6f8dc,2538352.71,82.9,0.424,recurring,0.6,12.3,1
6eee03e6-c14c-4c9e-b802-68847c5980fa,5975839.54,29.9,0.422,poc,26.4,42.2,0
ff4fc60a-d0bd-4fc2-9214-6756aed52f1f,1473429.68,31.3,0.14,poc,23.7,39.2,1
7b9839bb-fdab-4b22-b5a2-68a8977956e3,4398876.48,98.1,0.139,contract,14.6,27.5,1
b0db3288-b676-46e0-b5c8-d25baa8f9bef,4997820.94,48.8,0.366,poc,12.1,24.0,0
b88eb3bd-5dc9-4982-9bba-b2348ddd497e,1087858.35,34.9,0.341,poc,13.3,32.9,0
53c918ca-169a-43ee-9239-aec066869c28,1802785.08,55.3,0.634,poc,19.7,40.5,1
801aef8e-7f65-470f-b9bb-b033ace300b7,10106471.92,40.7,0.136,poc,25.8,38.5,1
169e87db-e78a-4a7d-a110-b1d9a7db47e6,4042908.13,57.0,0.088,poc,9.3,7.6,1
351babbc-8c56-4979-8677-f9c0739609d0,13241839.45,75.5,0.321,recurring,12.1,22.0,1
dadce413-82a6-4a89-a776-f0023995b296,3478097.1,48.6,0.122,poc,14.5,27.9,1
ed1d82b9-3d70-427d-8f72-44f24c227181,9807199.23,42.0,0.188,poc,18.3,14.9,0
2bf42a2b-12c2-4847-ac0b-8b13a1fb1229,1731844.42,21.9,0.727,poc,14.2,31.6,1
41ae848f-fa8b-4a86-906d-3c09784220c3,4593268.58,27.5,0.12,poc,15.5,51.6,0
5757de54-d1de-4d54-a05c-0a1701a848d7,3618760.92,81.7,0.428,contract,23.6,6.6,1
697c0b1f-f484-4f7e-9da0-e9e879a8717e,6823945.75,64.6,0.137,contract,3.3,4.6,1
def38383-258e-4259-9d43-53f109fee387,7215620.14,55.8,0.16,poc,33.8,35.7,0
2078f956-3fb1-43b9-a785-039043f5046b,1803649.72,49.0,0.692,contract,18.1,53.2,1
5f3b3013-a0fc-44db-a818-4657c16c135a,28229076.42,81.2,0.458,contract,15.7,41.7,1
487951c7-d5a1-4f50-92fd-3911de5cabba,7569479.26,35.1,0.37,poc,23.8,24.0,1
af074dd9-267e-4c81-a846-3530f2a6331a,3772951.74,99.9,0.43,recurring,0.0,22.1,1
9e260f22-bb4e-42dc-a711-54d8ddd76200,4283796.98,66.1,0.451,recurring,8.2,23.4,0
3f65a218-7241-42b8-933f-6db60146083a,2919777.82,86.3,0.407,contract,17.0,35.5,1
df737b6d-75e4-4ede-8937-aa3f42a25cec,1789251.01,66.0,0.529,contract,10.7,42.5,1
36d326eb-60c6-4e75-b8c6-84816f8d2f06,10843509.21,30.4,0.071,poc,31.7,26.4,1
17365caa-9cb3-48cd-a31a-8ba24bd3ed28,6428725.21,32.2,0.131,poc,29.8,36.9,1
62318bb1-ca29-405a-9fcb-4c31db00d847,12198792.4,5.3,0.354,poc,9.3,38.5,1
8187c010-e69c-4403-be4b-4c314ae10bbc,5211330.86,58.0,0.144,contract,25.7,27.5,0
9ae67833-fca7-4443-98b2-c0fbfcb0c0a9,5984797.42,50.0,0.209,contract,8.2,28.8,1
63f9f52c-02b2-4048-a235-afe5179d7e20,29867200.21,64.7,0.222,contract,13.9,28.8,1
35f7b117-b280-4ed3-9964-5f30d7819d07,9462702.81,21.0,0.133,poc,22.6,41.0,1
a5de5fa9-203a-4fcd-90b7-3c592eccd8ba,4922370.62,66.9,0.332,contract,16.0,19.8,1
5e1d12c6-a0e6-40b2-a1bb-eeaae26a362a,2755844.69,85.9,0.316,recurring,4.4,1.0,1
c8f917d5-7a31-4f64-b25b-881a8a074de6,4489641.13,75.7,0.129,contract,7.8,31.7,1
ce966a22-7f54-4e54-8c39-df764cc892c6,5753148.14,75.0,0.553,contract,12.0,25.5,0
287d482c-ef0f-4fa5-99e1-2aa2593c9a03,2588920.56,45.1,0.36,contract,26.1,17.6,1
f6c7ea71-b001-473e-b036-a71359185408,9712523.83,33.8,0.427,poc,19.2,12.3,1
38928ac8-970b-4a26-92af-e53dc7148826,4535521.74,63.7,0.318,poc,14.0,32.3,1
8b612d63-35ea-4cfe-adf1-e920dfce5870,6562909.65,43.0,0.324,contract,10.4,27.7,0
e79bf26f-c766-4b78-bc89-d5bf5e6d9917,1041898.92,59.2,0.249,poc,26.2,38.7,0
ef93dd35-8247-4d4b-b5ef-afcb63143668,20885093.85,39.4,0.19,poc,32.0,26.8,0
f930522f-f711-4f0f-845d-35baea004689,14037284.07,24.7,0.09,poc,28.4,48.7,0
592680a0-a3a1-4471-bb74-026f16ecc923,5078425.6,76.6,0.335,recurring,0.0,14.1,1
5efbae4a-e8b3-4c36-b6c7-5fc22d2c7b4d,6465075.0,36.3,0.394,poc,15.9,35.2,1
c7bd7ce9-cdca-4594-98cf-ebd192c10b2c,9812743.52,29.8,0.355,poc,21.4,25.4,1
7095099a-122b-4cd5-a389-eca37c4424a6,3229094.7,42.7,0.521,contract,12.8,35.2,0
cce84883-110b-464f-83a1-bec91de21d79,3127112.93,29.8,0.135,poc,24.0,25.2,0
1ab9d0f2-113b-4490-b2e4-6b659ac6480c,7388246.86,67.4,0.06,contract,30.3,28.8,1
2ef9d901-2cdb-4bce-a2da-0256c215ffc6,4294518.93,53.1,0.572,poc,13.8,14.8,1
82613b13-b5ea-4caf-b5f2-b7670767ebc2,4281248.9,48.2,0.254,poc,20.6,28.6,1
a8db294c-fd98-48d3-8fde-79a69c5677f9,7682053.82,45.9,0.082,contract,12.1,36.3,1
bc526fca-a8a1-4c58-be3c-17cfdc7581d7,4921322.04,39.4,0.467,poc,5.3,25.8,1
b4ad6a77-c02f-46df-96e8-9bbade2036ea,10814485.88,47.7,0.113,poc,25.2,22.5,0
c73a0bf2-b2f9-48b4-81f4-2dd2c91b974b,2337046.38,74.6,0.11,contract,0.0,18.5,1
01f3bbaa-2750-47eb-90cf-cdce2d4cfbaa,2239554.14,45.8,0.144,poc,14.8,33.1,1
2a7ebec4-3c0f-475d-824e-274a795d3d31,1433322.02,27.9,0.532,poc,29.6,25.9,1
e459a340-1239-4291-8775-a156d8b26749,43476942.99,87.1,0.507,recurring,5.6,22.3,1
20f984cc-8a0b-4cfe-9c74-d16f7d2e59ed,10653910.92,80.2,0.493,recurring,14.6,25.2,0
768d99e3-7a27-4aaf-b63e-0b05312e0f2f,500000.0,78.9,0.164,contract,4.6,31.4,1
9f0398aa-3944-4546-8134-c4910486d75b,2109685.2,94.8,0.632,recurring,0.0,15.9,1
60584d54-e26a-437d-a20a-db002d80877b,7825619.34,55.3,0.149,contract,0.0,26.6,1
8ccc2e82-38e4-4ac7-b7bd-56de3fb99b66,7058802.5,79.2,0.485,recurring,3.5,14.8,1
b785fe23-4d55-473a-a732-49a40a696941,4858933.26,30.3,0.495,poc,19.6,39.7,1
7889e4bc-990e-4749-a3b9-999dbfb8ce00,5873900.97,16.2,0.352,poc,23.6,43.5,1
d38716c4-569c-4c9b-9aa3-d247368b9742,4184959.65,51.8,0.232,contract,11.4,39.3,1
9cb62fd5-720e-4808-8da5-25986b55b8e7,7587053.74,66.4,0.591,contract,15.3,17.4,1
6ebbed07-e5e3-49bc-8367-82150643e866,1608861.63,31.2,0.611,poc,15.5,26.0,1
dce121af-aebc-444c-a018-c89f9b5783e2,9096972.88,41.3,0.421,poc,28.6,18.4,0
8a5b6222-974e-4ece-bf7a-533f1e27bcdb,12385436.46,55.9,0.048,poc,16.2,16.8,0
160f7363-96b3-4e76-8f50-f7ba96e554b0,2577143.26,60.3,0.485,recurring,0.0,25.1,0
9049d99b-8a93-49cf-9498-056127522350,4201901.22,60.8,0.302,poc,21.9,21.1,0
5d547039-8ad8-420a-b7e4-8702c0e3bfb3,8366110.32,96.1,0.735,contract,10.8,7.0,1
ae756394-2566-4123-97d0-de30ead38dc9,3010619.26,34.7,0.271,poc,25.9,45.5,0
66c5d3f9-98b3-4350-9625-73b8fb78019b,7452737.19,50.6,0.31,contract,13.3,20.1,1
16347dac-6680-479b-8994-edfa18e76c66,4349372.33,61.3,0.204,contract,11.0,40.5,1
4e9968e4-97a8-4c64-994f-149b54ea6cb5,8597740.06,29.1,0.586,contract,16.5,34.7,1
cc2f4026-85d7-4931-a0be-6fcf3b4200a1,2621542.8,52.2,0.288,poc,21.3,34.9,1
b3263f39-805a-4bb3-ac2d-6152477d3a00,10724424.37,39.2,0.202,poc,14.6,20.8,1
559ef3c0-9a59-436e-acb3-465b750fcd3d,16393479.48,35.3,0.376,poc,18.3,34.1,1
8beff878-7674-4a54-a01a-0a9e64cf4697,2506115.77,46.6,0.177,poc,3.3,21.8,1
eeff679a-3804-4bba-8572-a1e474f26d10,2042113.48,58.0,0.109,contract,20.4,44.2,1
b81798f7-a4f4-4aaa-9fae-90e374853bf2,3091455.78,86.5,0.211,contract,22.5,44.1,0
29424644-6dc2-4c00-b408-01327fd4f083,5505207.52,83.4,0.372,recurring,4.4,28.3,0
84e4a2d4-6cc6-439f-b88b-19a648ab2697,6569405.56,44.8,0.222,poc,23.8,24.6,1
e7b29708-da43-45d2-912d-ea600616c15d,7747616.38,90.4,0.229,contract,19.9,26.4,0
703911b2-7281-427a-914d-13a67a92eafd,2791788.04,84.1,0.482,contract,14.6,35.0,1
837d4e5e-65de-4ddc-b5a4-f52055fa18a0,7752318.34,55.0,0.454,poc,18.3,32.6,1
5599025f-07b4-410d-8448-3dd08a513ca2,5899669.98,18.1,0.342,poc,28.2,44.0,1
15f2a9b6-8a93-4903-abde-9bd436e8097a,5179305.85,50.7,0.245,contract,12.7,35.8,0
3fcc3559-f893-46b8-b2ab-3c557fa75a38,2543246.18,80.0,0.264,recurring,0.0,26.9,1
0a5d5adb-2494-452c-aac9-f06077ae8ea7,2184631.38,98.4,0.37,recurring,9.5,20.8,0
98be614d-b8ef-4607-a1a5-3bda4a9f4420,19059455.54,46.9,0.343,contract,11.9,13.5,1
25b603d7-f00a-45c2-9c69-e726b3cc034f,1466132.48,57.2,0.472,contract,2.4,49.5,0
dc91ac9f-ffee-4ddc-8c31-581b9eb14a03,2911455.59,100.0,0.211,recurring,3.5,26.3,1
81b1fcf9-b087-4e81-813a-4748a806828e,3196447.73,98.1,0.434,recurring,0.0,26.5,1
16f8fb5a-caa1-4ea7-a6b3-cf532dca9d67,5816734.09,52.6,0.12,contract,20.2,39.0,1
69ab5784-78c0-4ec7-8fc0-199420a429fd,3741179.09,56.2,0.694,recurring,11.2,22.4,0
d81c47b5-b114-4c79-8de4-9241c599880a,8640110.49,76.1,0.427,recurring,8.9,24.0,1
8c8b88e3-8730-473a-9fe6-89743a038905,5315949.9,85.2,0.429,recurring,2.7,25.8,1
6f1cf26d-0999-4825-9d1e-efbfa9b17b7f,7294028.84,61.5,0.356,contract,0.0,8.4,0
a5b9b076-9c75-4839-b9c3-83d83eec07b0,11508047.36,2.3,0.164,poc,15.9,51.1,1
7255b6e7-71ea-4ef6-9faf-92ccaa9a7ecc,1334336.68,56.6,0.216,poc,19.3,15.2,1
bd092c4f-e33b-4a1c-9b39-8c2b5de61b43,3508987.44,53.3,0.26,contract,14.2,54.7,1
3bc720cb-c9af-46fd-ba41-4fab584ad741,14961503.0,86.6,0.141,contract,4.1,13.8,1
c8952a84-f4f1-4ce1-bbec-7232d1ec9422,12729582.15,56.4,0.051,contract,13.4,26.3,1
1e1ec02a-4f7f-4260-afb3-e65b52762dbd,3688307.05,99.7,0.425,recurring,21.6,6.5,1
5bd89f7a-401f-49ed-9f37-f70609fd2669,5213276.99,46.9,0.45,contract,10.5,29.5,0
e3a66fd9-506b-47f0-96b1-e1b305a35c79,1598107.92,51.2,0.583,contract,15.4,5.4,1
f096f802-31e1-4a0a-a59d-347f0f2f597f,2828810.6,30.5,0.368,poc,36.5,37.4,0
c3aa93d4-0c2d-4aae-9a1b-cab9d631f090,2660041.94,28.1,0.047,poc,13.9,25.2,0
93f1ea4b-4384-49c2-a8a1-35961a4b0310,2759320.59,100.0,0.418,recurring,6.3,9.8,1
98f267d0-bb70-4cd0-b79c-858884049969,2836611.89,82.0,0.205,contract,13.3,31.2,1
ae501f6f-b301-40cb-8cc9-b4999c1f4f6e,6390904.84,35.6,0.208,poc,16.5,29.4,1
6370c1bf-2adc-4b93-8aec-876902e70100,10143228.82,66.4,0.264,contract,9.9,15.8,1
11418f77-c780-4c0f-ba38-9c89e3189ecf,8461659.97,92.4,0.279,contract,8.1,10.6,1
ff00f2d0-df03-45d9-9753-21a14afbab62,4296411.91,56.5,0.161,poc,35.8,29.7,1
4d513be7-a1df-441f-8b46-4591cf26e5a0,6431264.35,14.2,0.283,poc,12.8,39.9,1
b7fb0edd-9e15-456e-8536-88129adaf61f,4375369.07,45.9,0.41,poc,28.4,17.6,0
f1577461-2454-4e8a-98b4-fff9205f6c14,7835383.11,27.9,0.43,contract,8.6,27.4,0
3c702c75-fbbe-4cb2-9428-8129ba4631c3,4293868.28,82.5,0.918,recurring,7.6,12.8,1
b49747a9-58c7-4275-9e80-6d1692cfb9fa,4059624.32,90.3,0.507,recurring,5.4,34.7,0
ffb74255-0840-405c-9aa7-8e3027f91350,2454649.36,83.8,0.63,recurring,6.2,13.0,1
2187f9ca-4235-42b8-adcb-cf81559d5d7d,6813997.19,100.0,0.304,recurring,0.0,13.6,1
63b80234-c25e-4324-8eef-eae1e10dc130,5118173.21,44.8,0.136,poc,26.3,32.1,0
bdccd06b-54d0-4cc6-9723-5f3a19ad3b44,6010837.77,96.9,0.421,recurring,0.0,11.9,1
57b67806-5991-44ac-9dbd-c4fd893dc577,2468228.68,61.2,0.147,contract,12.0,49.7,0
aca772b1-b8d3-4755-9c67-9bf4613b9744,5026648.59,53.4,0.442,recurring,8.4,39.1,1
5fd500a4-6f15-4df6-a18e-9427251d8dc2,5066747.24,20.1,0.18,poc,27.8,32.4,1
ae97ed2a-819a-409e-96ce-6eb273dc1102,7504066.04,78.4,0.292,contract,6.0,24.3,1
0ed99af4-6db5-4101-998d-81e69e6f43a6,11046174.02,57.6,0.095,poc,16.3,39.5,1
7ebecda1-610d-479d-b96b-ed4c03ba960c,5598456.14,44.8,0.166,poc,22.3,23.7,1
b62bf47c-6e97-4b8a-bc40-46ebc06116be,1625552.32,98.0,0.283,recurring,11.9,8.2,1
a60cef47-4970-45b1-bb91-6dd5bf72ea0d,10074907.55,43.4,0.225,contract,12.1,22.1,1
89733fc8-7db1-4590-9150-5ecec8dfcef7,16955791.78,39.4,0.134,poc,11.2,47.4,1
df7dcbb1-aea9-4fed-aae7-0d88991bf02f,11861503.52,53.0,0.051,contract,5.7,29.3,1
ab01aaac-5a94-4241-94f9-993b38a2adba,11273420.92,58.9,0.339,contract,11.3,36.9,1
3549789c-336c-4b6e-8409-f46ce0611593,4458114.59,64.5,0.37,contract,32.3,19.5,1
23ab76c9-f22e-4b44-98b6-4e0db2644e40,12266259.92,79.3,0.338,recurring,0.0,30.4,1
00c3158e-aeb5-41c6-8189-b95c572e492e,2476044.23,100.0,0.353,recurring,3.8,40.3,1
5311e34a-b3d4-4fe3-a7ef-98c03c98fc91,1331211.93,24.3,0.417,poc,23.4,10.6,0
fce50c3c-b213-47ab-8199-a00844d3ed49,7155072.24,66.5,0.291,contract,14.2,33.4,1
38a5cdf3-f12b-4ff6-9ee2-cd99f5a3543f,7234683.58,76.5,0.589,recurring,5.4,33.7,1
0fa62d7e-ec4a-4c00-a488-369db6d86f6a,14457105.8,53.8,0.183,contract,7.8,35.4,0
6d884d38-d328-4340-b36b-dd28bc082577,7609788.47,33.7,0.647,recurring,15.6,29.6,0
c750785b-ea90-4b5d-8bfc-ef914bbf70d9,5891611.08,54.7,0.466,poc,18.0,17.7,1
5977addf-8e41-47d0-8ce3-4168bef53e2c,9780003.11,28.7,0.321,poc,20.9,55.4,0
5c5a41b5-1465-4317-98ee-fd84a3248a23,1788475.71,89.2,0.596,recurring,4.1,14.1,1
dcf18c81-32af-41dc-aec4-1600b6ecd812,4448582.44,100.0,0.3,recurring,7.7,18.1,1
ca08d7c8-8d6a-4b99-a2a4-a8435c6f2519,24663517.11,45.7,0.189,poc,15.0,12.4,1
397f535a-d870-4882-a035-e8c7d3f57bb8,21348578.27,94.0,0.187,recurring,0.0,24.7,0
e65245cf-d3a5-40fc-8380-7eaed4e0ec11,5450402.23,78.5,0.541,contract,19.1,32.7,0
5cfefff6-125d-4fc4-b55c-1f03bef9a73c,4120016.94,87.8,0.482,recurring,13.4,17.0,0
b5a8a104-93de-4eca-84da-4a6be723aa6c,14098639.52,83.7,0.4,recurring,0.0,31.5,1
310ec4d6-a613-41c7-bc65-4650888e3879,17498667.68,25.8,0.099,poc,15.0,38.5,0
2d9f1c35-8e73-4b19-a446-829fd82d8ec6,9980467.85,44.0,0.173,poc,21.3,30.2,0
6f21229d-c547-4011-b729-8e671c317349,866014.82,52.9,0.116,poc,34.9,35.0,1
ddc3df64-4ada-445c-bcd8-ede10f8e01a1,3628868.36,79.1,0.388,contract,6.1,22.5,0
ede50be3-2597-4f24-beab-7d753dd29f77,2366106.08,69.9,0.371,recurring,14.9,33.1,0
5aa08ce8-cbb9-4e21-b68b-5e9ea0719a52,5567714.85,62.9,0.228,poc,23.7,22.4,1
f8e273b6-f24a-4f13-9290-48ae7c86f964,3957032.2,74.9,0.399,recurring,6.1,31.9,1
d263436b-1ffe-4370-9758-630203dba477,3193611.03,63.8,0.366,contract,0.0,55.2,0
5210ca3d-c397-49a6-8c57-0277f2ea7519,1998076.42,56.5,0.315,poc,24.0,26.0,1
302b7164-3327-4e69-8bff-ad5ab7113c81,7699963.34,92.1,0.384,recurring,1.5,37.8,1
46f2556e-4e28-4554-b221-bceb42aab8cb,4093084.26,68.5,0.19,contract,10.4,28.4,1
6bcf5e3f-0ffc-4702-8640-3e8e6caa6f4f,11206447.22,86.7,0.327,recurring,0.0,41.5,1
c1d07d62-980c-45bf-9045-14cfbae77812,5507751.19,72.7,0.411,recurring,8.3,22.7,1
b397f4cb-c574-4b1b-bca8-aa16469cd566,3920209.5,70.1,0.276,contract,8.5,36.0,1
9a2045ec-a578-41d3-97c4-02a656bd5a75,5818074.82,83.3,0.377,contract,10.6,39.8,1
1574dfd1-be6c-4f82-a54c-68b599496a50,2852364.26,45.3,0.463,contract,14.6,15.8,0
b8de4d9e-eabf-4aff-9a33-d5585606fb4e,3848879.17,78.0,0.281,recurring,0.0,24.1,1
ed13b714-a3ee-487b-ba96-8bff1c86908c,5628742.98,63.3,0.594,poc,22.9,21.8,1
25819c13-6202-4f2f-9f24-13eb6b3a0c19,8962655.3,49.1,0.409,poc,16.5,27.0,1
c997d783-6a5c-4944-8fc3-62c231198aab,8302496.78,73.1,0.307,contract,1.9,24.3,1
2a38fc79-11bd-4f7a-8112-c6302efb1c26,1987125.94,29.2,0.181,poc,22.5,44.0,1
3218a497-3a83-4268-a05b-4c6cd1323723,2176850.97,84.7,0.42,contract,0.3,37.7,1
ed2d34d5-87ed-4439-9cb8-f81cb437dd3a,17951878.82,66.0,0.062,contract,0.0,17.5,1
4f3b9a17-4d37-4864-b1b5-3100c8e8f987,3317500.39,38.8,0.297,poc,9.5,25.6,0
ceb6b345-a2af-4fbb-a094-8d261308e904,4763325.17,57.9,0.328,contract,20.5,23.8,0
891329b7-be62-45a9-bf2a-8fa91a2f8f92,10589489.16,46.2,0.266,poc,17.6,39.2,1
4cfbb1cd-1c79-46ec-a0de-12fdb02d97ce,2737043.72,79.4,0.195,recurring,0.0,19.9,1
029a41ea-9c6d-47cb-bc84-92f98a8fcd00,3654291.29,32.1,0.302,poc,15.4,32.5,0
afaba88f-4d92-4892-9086-ace7faf52658,10834909.74,74.2,0.24,contract,24.5,17.1,0
2dccc8ac-2f22-4e44-a037-cf8257544c4d,9928451.88,57.2,0.185,contract,17.8,45.0,1
39ace47e-78d8-4e5d-abff-c56af69d9464,6454877.51,52.7,0.16,poc,30.9,29.9,0
1d700419-797a-4f99-b970-b5f5f846a9ae,8954990.69,73.9,0.355,contract,23.7,15.8,1
59dfe289-02d2-486d-98a0-8276a52776ce,4705914.24,61.0,0.225,poc,12.5,43.1,1
ac13be74-cc17-4b6f-97aa-dc94fa35789e,12190607.64,61.8,0.23,recurring,2.1,38.1,0
e79af475-c938-49a9-bbbc-9c795905380b,5952029.42,42.5,0.248,contract,9.9,14.2,1
0fd34586-f801-4768-bd6a-f1d36c4710d2,2447782.71,46.9,0.142,contract,2.4,29.3,0
23d30367-5143-4fd6-8699-0609c31888a4,12726557.12,38.4,0.528,poc,32.1,40.2,1
67b643ec-ebee-4c82-a83f-1e1911cc9732,1979783.4,90.0,0.467,recurring,0.0,27.5,1
e812960c-f3af-4d10-8520-9598c2c91744,7402369.6,66.2,0.174,contract,17.4,31.6,1
43c3751e-ff54-4e37-915a-4e300aa956c0,5643265.38,100.0,0.291,recurring,4.4,47.5,1
58101326-1f70-4988-935e-ca14ff7bf1ff,7254386.08,85.8,0.59,recurring,7.2,7.0,1
70fde427-8194-4a1c-b7eb-f5a96001f1b1,15818891.85,36.2,0.132,poc,17.7,45.6,1
98c8b8e6-73e8-4c1a-b09e-97aefd8d3b06,10871977.86,29.9,0.06,poc,10.8,28.2,1
881cf073-2412-431d-8650-29cdf04f1733,2923433.39,65.0,0.531,recurring,4.5,24.3,1
1104e5e0-d8c0-4cb3-84f0-3296f290c72f,11948871.25,52.0,0.561,contract,0.0,36.6,1
97c9a90d-6ea6-49bb-86d9-77d0f122ae81,7972029.68,52.1,0.462,poc,23.4,25.7,0
70f10bd1-04dc-4ea0-9a9f-a3f3a31b7f1f,2550466.85,76.9,0.143,contract,14.5,41.8,1
6c06540f-9ee0-4c15-9e29-7bb4d6784a6f,14614625.29,56.8,0.112,poc,12.9,37.3,1
604e18ce-cbbb-4f59-8f15-728b22dda3cf,21786149.45,90.2,0.295,contract,16.5,25.9,1
263add7e-7b46-48a2-9d6f-baea354e67f6,2299708.3,18.8,0.019,poc,12.6,31.2,1
e1b9e81d-fc38-4b0b-ae88-c109aa8feeed,6732944.55,100.0,0.83,recurring,13.0,13.9,1
8da808e2-0b94-4050-8cba-e797722f9d24,6174746.03,62.9,0.288,poc,30.6,39.8,1
d08181de-2b12-4dfb-9ef4-33dd851610fe,6986519.13,43.2,0.223,contract,13.5,32.3,1
979b62c4-4041-4eaf-9c14-e1983d61bf4d,6152261.59,77.6,0.378,recurring,0.0,16.9,1
d48563f9-797d-45ae-bb13-4c12ed904ccd,4792873.19,38.0,0.148,poc,30.2,35.3,1
ff0586f6-a24a-4fb0-9b63-4271f5581b54,2668780.71,73.4,0.574,recurring,7.2,46.1,0
596ca306-604b-4d2a-90c1-1bcec0970a25,4531766.17,67.4,0.252,contract,9.5,17.3,1
c575864a-b664-40e8-b2f7-0ad3a4108dfe,2037789.99,38.3,0.106,poc,24.1,47.2,1
a00e0eec-96f6-4eb6-ac3a-65301534efac,3377909.99,69.1,0.445,contract,0.0,30.1,1
dccf7f63-c850-4f35-a801-a406825fed10,5918793.79,58.2,0.204,recurring,0.0,31.4,1
abedf958-5b6a-4082-943d-cd6fa28dafc7,5488582.66,67.0,0.413,contract,10.7,31.9,1
e03e6099-d5e3-4771-bd1c-5a1c30478368,5848843.83,70.3,0.233,contract,13.9,20.3,1
a18362c0-82b9-47b7-a22e-c3e4b6bc1185,9766944.82,67.9,0.44,recurring,7.3,7.6,1
e26cfa4b-5a64-4f8d-bed2-d721f60024e1,1740974.81,74.9,0.224,contract,11.1,46.1,0
ff6c2aa1-a239-4227-8781-2105da87c1ce,13125976.76,50.6,0.151,contract,6.6,26.0,1
dd07c334-014c-4a01-a468-3f61bdc83ce1,3601781.6,49.0,0.419,poc,15.4,34.3,0
7e403fb9-3192-4553-9c6f-76f263a3f187,2504644.08,56.5,0.212,contract,12.7,30.9,1
17b48176-6b1c-4730-89df-af0d176dca38,4616164.53,18.3,0.191,poc,29.1,50.2,0
fe25975a-3641-497b-95c6-eff5c36b5797,3293179.23,46.0,0.432,contract,11.1,37.3,0
7f10a467-054a-424e-9b20-87be319a0674,7445431.83,100.0,0.53,recurring,10.0,30.0,1
edfe041d-ac99-460d-a6a5-464eab08e2ff,7165155.0,31.0,0.154,poc,9.5,18.9,1
6a690263-d6cd-4e6f-b3b0-afda2d34d099,2307986.66,70.6,0.424,contract,1.8,26.0,0
1a8713b9-9461-4215-9471-f0c572c63d30,14364955.2,46.9,0.299,poc,33.5,26.1,0
0df3eeed-e953-4887-89fd-19d2392e8a5f,2086975.86,58.8,0.492,contract,6.1,21.0,1
b7c406b1-171f-4a4f-9721-cbbe123a1b81,8807439.68,0.0,0.266,poc,20.3,35.3,1
765cd94c-2b87-4d01-8d2d-46c9925ad7af,10261955.83,61.6,0.613,recurring,0.0,25.7,1
ce0180bf-f084-45a1-beb0-7a87d84efa74,11391616.4,60.1,0.399,contract,11.7,26.1,1
f2143c29-2319-493a-a805-97e28c1a6bb7,10787035.25,53.0,0.181,contract,29.2,54.6,1
575f9791-1626-4a4e-a85e-adf60c1498a6,3763754.5,80.3,0.247,recurring,23.5,32.8,0
8250f9e0-ddba-4922-a091-48342984c204,15057625.18,100.0,0.517,recurring,1.8,33.6,1
d740a13a-2ee8-463b-bcb3-b95f3504007d,8410293.87,58.9,0.57,recurring,0.0,14.4,1
defb53d9-1bb7-422f-8f78-1f546934fc47,3096884.72,100.0,0.502,recurring,5.3,22.2,0
080d57ee-ad8c-461c-ba9c-6139d05c6e59,12939294.33,65.3,0.171,contract,5.6,18.7,1
da4d72fa-ceb7-4dc6-8f88-1c812f1b004d,15105475.22,20.8,0.348,poc,17.3,22.9,1
e17a4b4f-1fbd-4595-9b13-99c1bbcf1301,6495866.98,42.2,0.275,poc,30.9,18.1,1
115afc9e-83d1-45d7-a1c0-9bf8796fdc45,3539798.77,53.8,0.297,contract,28.9,24.6,1
2b362782-6b37-46eb-8a6f-ffcea2ad4497,4842924.65,93.6,0.278,recurring,0.0,22.5,1
5f03bbd9-2eda-4cdb-a876-696a250fe36e,2137374.69,37.4,0.016,poc,14.3,37.4,1
0563ab6b-8e7e-406b-8fc0-45df838f1189,7491833.65,100.0,0.391,recurring,0.0,21.4,1
0ae64b53-8eed-47c2-8abe-a2d0130d5e38,3396965.25,40.5,0.215,poc,19.0,26.8,1
20e5fae4-4854-4c64-bb64-b60ba265ca0b,6592602.94,19.8,0.177,poc,13.5,16.3,0
dc1069a6-171d-4bef-b234-d3798a272192,3668597.06,29.6,0.187,poc,24.3,38.7,1
77117fd9-6179-4799-ba89-87bb54edbf26,5144595.31,69.6,0.136,contract,0.0,24.4,1
878653ca-b74c-4639-b886-c5f9d9640d78,1203556.61,71.0,0.263,recurring,0.0,27.2,0
0d0cd386-90e4-4d22-af70-0004f100389a,1067462.5,34.9,0.369,contract,14.2,43.8,1
853b70cc-9f63-4607-b4bb-0969202f5886,6518101.38,33.4,0.092,poc,14.8,34.1,1
89adfdce-8657-42e3-98ec-faad4b57f9fe,2490685.6,100.0,0.347,contract,8.2,11.8,1
78f3d919-4382-4f82-894d-eab29d461d4a,5742396.68,24.3,0.155,poc,19.8,20.1,1
cf0403a9-a88e-4940-bc28-cfda5582ef5a,9176005.62,63.0,0.506,poc,23.9,42.5,1
7d02ee8e-3e09-4ecb-9db6-2296264123e6,5348105.84,65.7,0.561,recurring,0.0,24.7,0
19e6f4d6-06cf-4d74-a275-c7eeb95e907e,7040509.26,83.2,0.313,contract,8.5,11.0,1
df4ae2d5-9ed2-4122-a2f4-4e1675597ca9,6747995.95,62.8,0.123,contract,19.8,50.7,1
47d6a7e0-b881-4311-add9-90ec77c3fc0d,4536696.7,68.6,0.116,contract,17.6,18.9,0
cd1a6f2d-1f8f-4a6e-a577-992d143478f0,4083272.62,98.4,0.184,recurring,9.7,28.9,1
3c269d77-17de-4f43-8f68-940518683f6f,2872129.0,79.2,0.275,recurring,4.1,41.6,0
a981e43b-5868-4e73-850f-56e0221e200c,3331485.14,88.1,0.277,recurring,3.2,14.6,1
88b2b3e0-3417-497d-8af7-b629f2897eb8,2920343.35,42.5,0.162,poc,14.0,36.4,1
664f5f95-a9fe-4e0f-89c5-2996bc8d748d,2705893.55,88.2,0.35,recurring,5.1,33.5,1
94cae64d-6319-49aa-a16f-54ff3713fba7,4783617.7,60.1,0.514,contract,8.2,41.6,1
44239704-b28e-412c-b6c6-c746d84c3cac,8112376.63,14.2,0.293,poc,17.6,20.2,0
bac8525d-aecd-4cd4-b3b1-06da24c6b6da,5054438.26,64.0,0.377,contract,5.8,14.5,1
2bcd5d15-5809-4161-acdf-3ba072041058,5290824.01,23.6,0.071,poc,16.3,55.4,0
43f4537f-9742-4a72-af46-aabd2c3b2990,7389206.21,48.1,0.227,poc,19.6,35.6,0
d47824f3-4650-4ab5-b8dc-f3bb7b63d93c,10320177.18,86.4,0.738,recurring,7.1,15.2,1
91519462-5f74-4e9e-b83c-390776e6ad79,6337075.93,86.9,0.242,recurring,0.0,18.6,1
7cbd8383-06dd-4cae-bba3-7c27f126e298,3583266.09,68.8,0.128,contract,15.9,38.1,1
6fc70efd-8386-4a0c-84f9-b7079c3a9ec9,2892384.19,83.5,0.471,recurring,7.6,20.8,1
222fae92-db5d-417d-8564-251077b5a4df,5223792.94,95.8,0.585,recurring,5.3,15.7,0
45ccac75-d5c5-487f-a009-567e510d724c,17590074.56,61.3,0.312,contract,16.7,29.7,1
7f80d8de-9696-4f5d-9558-726c3fecb805,5702567.07,68.9,0.159,contract,7.0,30.2,1
1b8bc293-4161-4306-8631-7d221d7de277,8291454.79,47.1,0.264,poc,23.9,34.2,1
92fa132e-9f79-4a86-a654-f1ef21c324b8,6931695.92,64.2,0.218,contract,10.4,24.0,1
790574ea-4ef8-493d-9de5-0f1cb06a675c,6988279.18,41.5,0.196,poc,18.6,21.8,1
bcb7f89e-0258-4ed5-ad64-c285a02b5c66,1680761.69,16.5,0.641,poc,26.5,28.2,1
a9d21ef3-15b4-45c5-a568-1e9b01538a95,4549064.27,29.9,0.106,poc,23.4,39.3,0
5435b71d-dc69-444f-b7fd-e0904313f630,7279895.11,25.7,0.356,poc,16.3,39.3,1
fddc5a8a-e3ef-4a91-bf62-2aa6760ce94f,1621074.39,89.3,0.076,contract,19.5,13.0,0
c29a19dc-fe76-4291-af77-683a391a4c4b,27871421.75,53.5,0.462,poc,25.5,44.4,1
35dedc97-a8cc-456f-a114-606c18a29c43,11860718.44,97.3,0.411,recurring,7.6,1.0,1
32a07780-ffe5-46bc-8347-f09f791fd701,5812882.93,66.5,0.165,contract,12.8,28.3,1
ec3d52ba-7cba-40a5-a16f-b7d78b5a3321,6451274.44,66.9,0.403,contract,18.0,25.8,1
165dfeba-0bbe-48e5-93d8-cbc7c603c3f7,2313297.28,47.3,0.166,poc,17.4,37.1,1
d0790f60-7c0c-479a-b400-badcad775043,2555097.07,82.1,0.253,recurring,0.0,19.4,1
1375e3cc-eab3-427f-95d2-141eeadd7ee3,2094619.03,86.5,0.768,contract,0.0,5.3,1
c93f915e-9fc8-478a-b055-8f538f4839a0,3197716.33,62.7,0.484,recurring,0.0,33.1,1
f442f9e6-1efa-4467-8f00-a340b87123b8,10300690.02,35.0,0.284,poc,15.4,23.7,1
d6335063-6b89-4b4a-931c-1edf6c25cd32,5321341.58,90.4,0.483,recurring,6.0,10.6,1
13bb24a6-d3d7-482c-b7fb-2cee98876451,3275405.07,64.6,0.402,recurring,9.0,24.1,1
f681bc57-a415-49a5-ba0a-d5dd9bf2adf5,27729468.1,76.2,0.206,recurring,6.5,36.6,1
db3910a5-0bd6-4eef-80b4-19eea677791a,3603530.63,92.4,0.442,recurring,3.5,18.6,1
525dd52a-f133-431f-bd93-6b3d2c7ddd38,24087611.47,43.0,0.11,poc,19.0,30.1,1
5f763f52-6315-4f23-b3b4-bb5f35193477,7302930.78,60.9,0.22,recurring,0.0,27.2,0
830e2142-cf09-4b83-b9aa-9c9da5f39ca2,10688484.62,69.9,0.256,contract,7.2,9.3,0
0ee0995c-6162-4ef8-8089-ba82ab8d7fdc,6245207.85,25.3,0.062,poc,11.3,36.2,0
860d648c-39c6-4a73-9b96-02fe2c9d9a25,6666770.84,100.0,0.343,recurring,4.8,25.3,1
f0c087a5-fbcf-49ed-9a50-0766601b3252,4959830.15,46.0,0.242,poc,18.6,45.0,1
ff4da3fb-f9dc-4096-825b-746c40982ffc,5350886.27,54.4,0.501,contract,24.1,28.4,1
f97a57a3-c257-4cea-91c5-3d6c3e2c9e58,4000888.3,100.0,0.117,contract,20.8,2.6,1
69aaceea-4f5c-4673-a380-e05ee8bef88c,13243379.09,85.5,0.457,recurring,3.9,33.7,1
f31da3eb-5937-40a0-a487-32a46cb46cdf,7573388.72,90.9,0.212,recurring,6.5,19.2,1
06dbe497-e773-489c-91d5-85c196218099,4136660.38,28.3,0.424,poc,15.5,34.6,1
707a5984-daf4-46b3-8179-981cc653b1e2,3737351.17,14.4,0.364,poc,19.6,17.4,1
7055f66f-5149-412b-8b12-94bfc57a1eb4,3058931.7,69.5,0.407,recurring,0.6,20.4,1
be8b28c8-36c6-4808-b4c8-d6d378040836,1477174.11,73.8,0.441,contract,0.0,20.9,1
5044e235-1ea0-40ee-822e-f3b536c4e31d,14702062.34,82.0,0.601,recurring,0.0,6.3,1
084a4da9-756c-488d-a2b4-cd7b11237a7a,6226862.86,42.7,0.209,contract,20.8,21.7,1
b3b1b05b-fa8e-4da2-8c87-7008116a5f58,8985389.01,69.9,0.135,poc,14.0,31.1,1
8d135d6a-f5c9-4461-83bf-3be7891c503a,19028495.29,77.6,0.508,recurring,0.0,18.9,1
a9eac84d-881a-4acc-af71-b19e5e7a67a3,8778235.84,88.3,0.379,contract,5.2,9.8,1
6001b609-257a-4251-986a-80591461a98c,2320066.37,90.7,0.282,contract,1.0,22.7,1
2702937b-4c36-46e4-ab1c-7b0e1223d647,2378594.41,54.9,0.619,contract,5.8,15.6,1
a98bbbe2-a6a6-4a50-a0ca-77c47a8bd15d,2120556.06,69.6,0.209,recurring,0.0,24.1,1
92376a4f-77b6-401b-afd6-41e9b547ad88,3442630.89,81.2,0.573,contract,19.6,9.8,1
906356f7-8d51-4200-a08c-ac06bcad0085,2918490.63,89.7,0.087,contract,10.0,24.4,0
28988866-0e3d-4a7e-9525-a9d0cd71c159,2258664.36,100.0,0.326,recurring,1.9,35.0,1
8a570b5b-4353-4993-a28b-e7012e81eca9,5843266.21,43.3,0.321,contract,0.0,17.0,1
0ff3cdfd-bfae-4ace-affa-c1ed9dc102a6,5629827.82,76.5,0.191,recurring,6.9,29.7,0
c97c7cf9-5df1-4fa3-8eb1-6c92e17712e7,11307707.32,65.0,0.194,poc,39.2,39.2,1
955e2e89-617c-45eb-8d1f-144beed4f16e,3675578.6,100.0,0.378,recurring,8.4,21.0,1
19228637-ac03-4a23-84ce-584e713775f4,5100800.69,64.1,0.178,contract,18.5,30.8,0
cdfed078-c240-44d6-bd6b-ba5cccc58d11,9137045.75,89.3,0.273,contract,12.2,42.9,1
13c5f2a3-82a2-4458-b3b8-3bce2cb1ad24,8472304.55,63.0,0.435,contract,26.4,16.6,0
0ca9b615-9117-4af4-b89f-d1f84c9aa185,9133039.43,91.2,0.449,recurring,0.0,24.2,1
9ee7fa1e-897e-40b1-90f5-c94eb01f9083,5455899.7,60.8,0.249,contract,13.1,28.5,1
b551f00c-7526-4f9e-8832-8cdca91a2d52,4200339.51,58.5,0.218,contract,0.8,20.9,0
1f7945c8-0d20-401c-abe2-3ac454cf70cd,5330874.7,35.9,0.495,poc,4.6,36.2,1
fe6c43b7-d622-4730-82b7-977f1ca40b48,5202014.55,34.8,0.277,poc,31.0,55.7,1
042459b2-a4d2-4399-83e1-0fd57666fc14,2371287.68,50.4,0.149,poc,15.6,31.2,0
3e9dd2c1-2420-49e6-88d5-957c54619323,3483933.16,47.1,0.274,contract,17.3,18.1,0
6e8efc25-c953-4243-b103-6336f6579e3b,3785296.25,35.1,0.294,poc,11.5,39.4,1
bcdb07a3-921d-418d-8b2d-00e1c76487d8,7664372.66,65.9,0.487,contract,7.9,32.6,1
fb603379-1084-4271-a00b-8ed96e14be70,8809470.27,44.4,0.471,contract,18.4,38.9,0
fc29ed8b-cd1d-462d-8f43-6828077ea2d8,5823184.19,33.5,0.224,poc,27.1,33.9,0
dc49584e-524e-4c27-b70e-245d769afa3b,5826943.47,79.6,0.715,contract,11.1,15.9,1
135610bd-aaec-4b5d-938e-3710305a9929,4568517.83,66.5,0.444,contract,4.0,37.9,0
3a147cf7-4683-457d-96d7-234cef73bdec,4626695.27,39.5,0.317,poc,25.7,48.0,1
656cc4fc-94c4-47e8-8067-3efade70f65b,7432157.76,99.9,0.47,recurring,0.0,27.9,1
4c5b568e-f635-40dc-8603-0ebab0863593,2921756.44,99.3,0.28,recurring,3.9,27.7,1
a423896b-510d-41df-87ee-3700a97ca24d,1674934.76,4.9,0.322,poc,11.9,29.3,0
72390d05-8a4b-4323-974d-4851c79ea7e7,8407830.57,73.1,0.224,contract,10.5,37.4,1
fb57bd36-eafc-4142-94b9-3360f483f917,5482691.21,47.0,0.27,contract,19.0,30.1,1
32daa4d7-18f5-425f-b52d-a9d1e85e2a3a,12446691.59,57.7,0.2,contract,21.1,23.3,0
5565627e-eec6-47c8-bb0b-8e443b7e94a8,11503363.02,50.6,0.17,poc,24.2,17.3,1
73b55471-efec-4aea-9ea8-059102fc818d,2444945.1,88.3,0.689,recurring,12.2,4.5,1
05876664-c1f1-47b4-9903-149ab8037d9a,8789673.77,81.1,0.376,recurring,14.4,44.6,1
cc718c69-0198-4bfa-a4b8-97d9fcabf93f,2319006.79,42.0,0.097,poc,16.9,24.4,1
8b2eef4e-21e9-4dc0-8e51-e11c60a20c7a,4417529.65,75.1,0.374,contract,12.1,4.3,1
8708bcba-2139-4343-864d-b6601c4ad9ed,5281870.64,68.2,0.164,contract,15.3,22.9,1
e35c3fe7-e1e9-4226-be38-1251c16034b8,4263552.68,62.3,0.192,contract,9.4,39.5,1
8dc910f8-9c56-48ea-b592-c7ce5abf6528,2191755.83,77.8,0.226,contract,7.3,6.6,1
773202e4-e18d-417b-ad5a-59db0bdbbb03,3691404.42,22.2,0.119,poc,22.6,39.1,1
81b3a429-6a6f-45d7-9f15-17be357eaf19,3372047.75,78.1,0.633,contract,21.9,6.8,1
2399c724-8e47-4bb4-9dc1-ac0ef99c6605,6295674.87,36.9,0.275,poc,28.8,26.2,1
aeeaccd3-2819-4ef4-b764-c031c035f05c,2624321.07,67.3,0.288,contract,20.6,27.6,1
8cf8abe5-506a-4240-b45b-170f2faaf7e7,7299257.47,61.4,0.309,contract,16.1,15.2,0
802c6931-5c56-48e2-b9f0-0e961f63d05a,10613657.44,91.2,0.214,contract,10.3,17.2,1
d9cb47bb-e726-4b10-b55f-c2af28edff89,3549837.61,41.7,0.562,poc,35.2,7.6,0
1d78d9cb-5f85-4052-a3e1-ffa82adda8ff,2504593.11,93.7,0.503,recurring,4.4,12.6,1
d8c35109-8cd3-4c72-bede-a3a4e370f43c,18398730.68,75.2,0.34,contract,20.2,29.9,1
365b08b0-7035-42bf-ab00-990e48bb2e80,9522960.51,63.4,0.039,contract,0.0,36.8,1
a8d3bbf0-7994-40fc-b769-97158c51f4da,6384470.69,58.6,0.464,contract,6.2,31.8,1
6f58dfcb-62c8-4f33-a674-d7c247bcf244,5216757.87,100.0,0.442,recurring,0.0,5.4,1
1e40f727-1484-4eb8-ac17-853526a10473,4364996.17,31.3,0.412,poc,20.0,27.3,1
ab0c81e5-4db1-4e20-9f70-7b7c5e2d503b,4524313.59,96.2,0.329,recurring,2.5,5.0,1
a6f866a0-0205-4624-bcf1-5aa53481cda3,9810989.21,37.1,0.535,poc,17.6,48.6,1
38232764-d461-46a3-9c33-708509035569,1084565.89,71.1,0.601,contract,27.5,9.4,1
40aa5cd7-4248-47c2-b20c-aa1ef492acad,11594889.72,66.2,0.254,contract,10.4,22.6,1
8619484d-7d63-4adc-b8b9-c986287a30e4,4575325.7,84.7,0.181,contract,9.6,52.6,1
f40da866-1159-4246-84f7-1c7f4f7e0ccb,5896334.66,95.5,0.427,recurring,8.5,17.2,0
450d3dc1-476b-4208-a403-4431d2c1fd6e,2491265.58,50.3,0.12,contract,20.7,31.7,0
bd486bed-1a2b-43a4-af0f-797b5e87a66c,1655944.36,55.2,0.279,contract,13.4,30.7,1
d1fb7d24-9d77-4921-b170-00d05f4a178d,3865667.5,52.3,0.387,contract,3.6,20.4,0
1538f4a9-71ea-4a11-af3d-e9ddd78cbd76,10749560.26,68.1,0.242,contract,4.8,32.9,1
3359c0ad-9923-4390-b451-01f092a2de0a,1710531.84,77.7,0.058,contract,13.5,28.4,1
b75fe585-31c5-4458-929e-f71bac015436,14559216.95,76.9,0.3,contract,11.0,11.8,1
1242c3bd-3676-4848-9fe1-35852d1abc0f,10367494.53,81.0,0.312,recurring,0.5,13.2,0
1928139c-4104-4ba7-9140-b895f4b18e4c,5437991.93,42.2,0.104,poc,30.2,13.1,0
3ee1462a-5197-4646-b5dd-acd32ebe65ab,3636279.5,85.4,0.443,recurring,2.0,27.0,1
505f3a32-a247-4cdc-b1d8-b7cc405a24d1,7700365.1,72.5,0.21,contract,12.4,30.1,0
5bf84b1b-13cb-4ff2-8a93-e75e5d2e2b22,5381970.51,85.2,0.141,contract,19.1,24.3,1
56779d7b-e93e-448f-9823-08866b9dff70,3370174.37,29.1,0.323,poc,27.0,19.7,1
ee6d545e-509b-4be5-81c8-1f0c4ca8d4fd,3455316.87,69.3,0.321,contract,27.0,20.9,1
baf7f23e-9121-4f22-8089-cef06741cfb9,5472095.31,64.0,0.611,recurring,6.4,16.7,1
7a72f122-7f5a-4754-aff3-de7220225a6e,6114320.86,30.1,0.482,poc,24.6,52.3,1
ffb4180d-2893-4130-b19d-0f23e8db9aa4,8398303.08,45.2,0.341,poc,25.3,25.7,0
3d80c7c8-9bf6-4d10-bb30-7dbac8472b5b,3457125.75,77.4,0.851,contract,0.0,29.0,1
83317f9f-a199-4c8b-9792-4eab3134d21f,8104720.7,70.1,0.441,contract,16.7,21.5,1
4798c0ad-a023-4b25-a27b-4375781bc5a0,4496953.55,90.2,0.056,contract,21.1,30.0,0
c6b16dd1-ee7a-4608-8326-c92a06adfb31,6468555.9,36.9,0.301,poc,22.6,32.8,1
426363c0-a740-45e0-95a2-525221dc40ff,3457571.58,28.7,0.584,poc,6.4,31.0,0
94badcff-901a-40f2-a531-df918b8da11c,6702844.25,70.0,0.133,contract,6.8,17.9,0
e2c420f0-3a6f-4221-a4d8-cf64cd2b1007,4853093.2,52.0,0.316,contract,24.5,33.4,0
98b4f566-5279-41e2-9c8d-9e525e25114c,2920164.78,60.6,0.413,poc,13.2,42.5,1
c91802bd-873b-4e34-9790-ef12200c8e92,3938712.66,64.4,0.132,contract,16.4,22.7,1
eca68e7b-d5f1-4b3c-84f2-68f50529adbc,6692639.79,48.1,0.077,contract,19.1,20.1,1
8e37b8b1-3a2e-427b-8761-8c0ec58fe8c8,1000760.23,100.0,0.435,recurring,2.8,21.6,0
e3ef5277-37d2-4028-876a-690efad44438,1864516.89,62.7,0.161,contract,6.6,34.6,1
1d55d5c9-9a27-4a38-99a2-6c14ab1e1521,4168595.43,53.3,0.236,contract,3.3,32.8,1
cb681634-87d5-45e5-b7bc-f7e64b5b75dc,2970651.88,56.7,0.347,poc,19.8,26.7,1
ff625131-547d-4cfd-9b22-fe3e10ec9524,9365778.9,77.8,0.301,recurring,3.2,3.1,0
b403591d-f921-47ed-9d8e-60f7f6e3aa7f,1400648.25,80.2,0.285,contract,26.7,3.4,0
edd168de-680e-499f-8603-71897ce9fbfc,1094455.0,62.8,0.109,contract,0.0,39.0,1
8802da92-bed9-4de9-9419-25ee89226239,2439389.11,20.9,0.417,poc,29.9,7.7,1
346dd32a-9cf0-488a-9d40-e7325a733f93,7768244.44,45.8,0.371,contract,13.0,23.2,0
12f85599-0a01-4e7e-bb8a-c7aee6f2f664,3555447.72,72.6,0.042,contract,14.1,17.3,1
b84415fd-1f38-42ef-9db9-459433b47df6,7920956.62,83.8,0.53,recurring,0.0,21.0,1
abcaf7f3-9d82-460e-b254-19ef2983764d,10014802.02,82.6,0.328,recurring,0.0,28.1,1
8831bb5f-1fec-45a8-9841-de584a0cbf56,14904297.52,83.4,0.344,recurring,0.0,5.1,1
f2e4ae8b-a0f6-4a88-a9e5-02fd2fa0dd92,15504426.76,27.7,0.378,poc,26.6,18.6,0
586a2950-1768-4ea5-a92a-c712d38b1dd6,7843337.39,61.2,0.339,contract,3.4,23.9,1
611f2a3f-3ce8-4fc1-83a6-ab648e52c7cc,3767247.93,100.0,0.621,recurring,16.0,20.4,1
019b7892-1f78-4341-ac3b-6100068a9f73,1863861.64,44.6,0.096,contract,0.0,22.7,0
e7fbce60-85a2-4c12-981a-55fba16572d6,2310551.78,80.2,0.202,contract,17.5,37.9,1
704a5876-625a-40f7-9258-c3dead23769d,8825412.17,44.7,0.324,contract,18.0,17.4,1
29438f2f-ad90-470a-9101-cdb95d3ad4a3,5095236.4,70.8,0.239,poc,23.0,36.3,1
f3686f62-742e-458f-99f8-5c38871d8805,8139025.8,67.9,0.567,contract,6.4,25.7,0
a8b4737e-0190-4f5c-9bcf-a2df9ad63bee,49034454.6,66.2,0.236,recurring,0.0,36.3,1
6f2ce65c-1ce9-4c3f-b97a-33310d99e7f3,9996529.12,66.4,0.251,contract,16.9,25.3,0
4f55e8cb-ef6a-4131-a1be-91738075a1af,6251754.48,52.1,0.043,poc,21.5,27.0,0
8b3446a4-8635-479f-bbcb-a6cb1ebbbfb9,9592832.11,55.2,0.251,poc,23.6,20.6,1
3007d666-0216-4979-9fed-012239b78c78,16802172.97,48.8,0.419,poc,19.0,33.1,1
c854d7b2-2829-4575-b8ae-c639070e0201,10417237.84,36.6,0.075,poc,21.5,30.8,1
3462e246-9a4b-416a-a2fe-cec67af8cd9c,11357775.96,43.7,0.208,poc,13.5,17.8,1
164f8baa-2d10-40bc-916a-b58df886dc0a,12703186.9,63.4,0.611,contract,20.9,25.1,0
aec0be88-420c-4eb0-ab5a-1cbda9b29f40,3746659.14,11.3,0.154,poc,12.2,64.5,1
7614472d-db65-4b44-bfd7-d69813345d86,4937896.26,49.5,0.287,contract,14.2,39.1,1
d4c1967f-741f-469c-97e3-aa9c095cbda2,7296793.87,67.3,0.26,contract,6.8,26.8,1
cb3aefec-3293-4b6a-9f32-8ff325c41413,1940381.8,30.3,0.164,poc,20.6,41.0,0
930ea894-8bf4-407b-8126-85822e503944,5561020.89,56.7,0.382,recurring,6.0,27.7,0
c07b6a32-3a22-4309-9dc2-0a323d6a2aff,7435953.59,65.9,0.226,poc,14.2,48.9,1
73a3b3aa-e396-4d68-9db5-c471d7ea40ad,14579669.09,96.4,0.682,recurring,9.5,17.4,1
e0ffd3af-d546-4879-b75e-317f5b2efd96,5533843.25,78.3,0.217,recurring,0.0,1.0,0
59e9a11d-c06c-4df2-ac43-e27ae86139a0,5355320.41,64.5,0.715,recurring,13.7,13.6,1
0c765699-fa99-43d2-9598-6f1f8e11892e,16674093.3,60.5,0.279,contract,16.3,31.9,1
7cae760a-4dae-4149-93b6-65129100e7fa,3117080.68,39.9,0.225,poc,19.5,36.8,1
b170dfba-b421-44bd-ba78-35d6d138f140,20703400.07,85.8,0.148,contract,21.9,34.1,1
8af1bf97-2b00-4630-bb03-3ad7364e6ee5,6191279.25,93.6,0.286,recurring,4.2,25.1,1
ca7a57a8-f22e-4603-aa48-9803d370c4ec,6197862.78,57.2,0.425,poc,22.0,11.8,1
d487e742-c16b-4d6a-8afd-cf5531aeec48,10455367.15,100.0,0.632,recurring,0.0,22.7,1
d86c8e1a-3b23-4fa1-8639-a6eb8bd6cc4f,6312455.47,89.4,0.468,recurring,3.7,10.9,1
26bb9c85-a7e8-4172-9531-469b5c4a266a,1462675.18,43.3,0.207,contract,4.8,19.8,1
101d8797-9f05-48a9-adc2-c02f8ba41a6a,2722702.16,42.0,0.076,poc,32.6,30.1,0
2ff6764d-1d34-4048-ba10-ebde1a96d6ea,5841076.86,40.2,0.188,poc,22.8,39.4,0
d0145b13-cd2b-4f99-bd32-2f7a6913cc6a,6529737.1,55.0,0.131,contract,18.5,30.6,1
3198e029-b6ee-4ef7-bbf7-71f4a61c83e5,5187071.89,81.5,0.106,contract,8.4,48.4,1
ca160a5f-a573-4fc0-9ee1-52a1092e1a71,10168056.42,64.7,0.153,poc,19.2,24.4,0
82c8063e-969c-4736-8d82-bcd8d38753be,2332010.98,86.0,0.566,contract,17.7,40.8,1
e9459d05-cb8e-43da-9439-7bf76be99b88,3912944.15,50.9,0.455,contract,0.0,22.1,0
1f6fd8a2-9f63-4da4-aca0-2b45c4dcb16e,1675708.06,85.6,0.041,contract,22.0,19.3,0
575f82b5-a7bf-4d01-936c-9d3cc3655a60,2662688.44,40.0,0.246,poc,12.6,24.4,1
fc81479e-6da0-490c-a83b-b21324f9fa56,1954867.52,38.5,0.365,contract,19.5,18.2,1
1460c05a-c404-45c4-b85f-b063a61702d8,8817240.36,81.1,0.347,recurring,0.8,20.1,0
fbda3831-154d-439b-ae76-f6b27ed76181,13769664.78,38.0,0.513,poc,27.7,37.1,0
3aa7b4f7-6552-4363-b1dd-2da9005a8c86,5625950.19,82.4,0.469,recurring,0.5,3.8,1
09f6397f-68dd-483c-a7bf-be774cea7c6d,10088949.08,30.1,0.299,poc,21.9,32.0,0
e7812dc2-f3e7-4ed4-9601-598f9f8a9da5,7144968.24,64.0,0.454,contract,4.0,32.5,1
93ab0a65-38d0-40fa-8391-2b8b5554f30e,3423947.09,65.2,0.247,contract,0.0,35.2,1
8f3c7c66-b919-485d-92a2-c43f5daca198,4272983.84,39.1,0.106,poc,18.0,33.7,0
dd034a83-d55d-4680-972e-6f59319f5414,2430570.4,25.0,0.54,poc,25.3,28.8,1
f3970f71-2ead-43d1-8f3a-beb2277e30d4,1883184.28,100.0,0.474,recurring,19.6,34.3,1
4f84b5ad-1ba7-42c4-878b-ca39f6e833fe,1865608.94,46.1,0.053,poc,17.1,19.3,1
3eda986a-1971-4e28-ab45-0724e9ce2802,4103056.74,74.8,0.657,recurring,0.3,27.2,1
b3689331-1c56-4cfc-955a-cfb2f6cea2a3,3288390.11,63.3,0.491,contract,17.3,36.2,1
cb9cc038-8425-4a23-8cdf-c9ad24789ecf,6999174.14,17.5,0.209,poc,35.5,38.6,1
18d9763e-ea22-4009-b4de-3bb96fe39488,881744.69,41.5,0.42,poc,14.3,33.1,1
09c96097-7944-4a03-bfbd-02ff32744b82,7063908.25,64.7,0.265,poc,18.5,47.9,1
fa888560-6025-4734-a671-44bb06fb94af,13779612.32,48.6,0.453,poc,24.8,37.3,1
21c09b84-b7f7-41e4-812c-e867060eb8dc,7898167.18,70.0,0.33,contract,7.1,26.2,1
4f6c2cd3-73a2-4383-af0c-4eeb956b59c0,26175920.72,93.2,0.275,contract,7.5,23.1,1
1549b116-7f9b-40cb-bb2a-bf7d09cef43c,11254196.64,66.5,0.172,poc,17.4,20.3,0
3d922db3-1633-4ddb-9141-e15a55b6998f,7704177.59,71.6,0.36,poc,14.5,39.5,1
8c14a5a0-6cf3-40e2-8585-668ef84c1ddc,3808031.23,45.2,0.293,poc,22.1,35.7,0
4d740d7b-8e1e-4a7c-a2c0-460fe724bcd3,1713268.05,63.4,0.117,contract,14.2,36.1,1
21904c16-f512-4ad2-af05-eea77458bf4f,5010324.43,22.9,0.515,poc,13.5,28.3,1
e6ad7706-c1e9-4c09-8bb0-aea61e29ca9f,4987864.27,91.2,0.627,recurring,0.0,10.5,1
bc005b04-ce53-469d-ac11-b4bfe4021c85,14176871.84,37.7,0.33,poc,31.5,22.8,0
03af6fd8-0413-4d44-a36c-0d484b0b4890,14163537.06,41.2,0.356,contract,9.1,38.1,1
5c5c8cc6-dbc2-46bc-8bf5-f10c40039e0b,4837447.7,69.9,0.026,contract,10.6,32.7,1
470d4d35-d0c0-4ad9-864a-8fc5dc5c8934,5086561.04,66.0,0.518,poc,24.7,40.6,0
fd410670-2a60-4438-89f1-01c07fde999e,6763990.94,41.9,0.264,poc,9.7,28.0,1
497a8910-df25-4a88-86a8-f4009efd3b98,3439235.04,84.4,0.315,contract,4.9,19.8,1
04e4a401-c6a3-4203-96cf-e19a70817991,1626554.14,65.1,0.374,poc,17.0,35.0,1
7d527ee6-baa5-4da2-9f9a-ad38d244afc0,6297873.02,74.0,0.497,contract,5.7,21.0,0
054151ac-06ca-45b7-9aaf-0e1111ff4796,664835.81,88.6,0.025,contract,0.4,35.1,1
239e84a4-5395-46ab-a52a-5240625cd823,7691094.04,38.1,0.481,poc,19.2,24.6,1
3880e66e-22be-4e08-aa80-e936e6a8e104,6233134.51,37.5,0.12,poc,38.7,31.1,1
9b15c71d-8e81-4765-8ef8-05b1ccf4407e,4938470.92,71.7,0.274,contract,15.5,26.7,1
b60fee2c-2297-4c40-950a-a05cbbe73fc5,9967361.04,100.0,0.48,recurring,0.0,31.1,1
b9e9598e-362e-4281-be6e-18c602ea30c7,8790190.69,62.2,0.813,recurring,0.4,32.4,1
dab942d8-fa11-47d7-8284-faf7b199d27c,8250989.41,59.9,0.478,recurring,20.6,36.9,1
a2a03d93-9c9c-4b43-8ece-b1a90a9629f6,5451329.34,49.5,0.458,poc,24.7,29.4,1
d9d994da-c4ed-4af3-bf48-51c598b4f735,3506845.02,88.2,0.538,contract,7.4,22.2,0
4036b51a-297b-48ee-b866-72f30aff63cd,4858844.53,74.3,0.085,contract,11.8,28.7,1
56705914-a2cb-47dc-bd1f-db7371d21da8,1906836.37,88.4,0.416,recurring,13.2,6.6,1
ec303f18-0d99-4563-b29b-c2e481aada07,5507445.43,33.6,0.315,poc,21.7,23.5,1
ce58d4f9-d2e5-49a8-b7d7-b5ca05cb8164,4295170.26,48.2,0.122,poc,15.2,37.8,0
b7be18f1-9600-4fe5-a9da-902cb09d5f4c,3433337.61,100.0,0.481,recurring,2.4,19.3,1
3c140343-5419-4432-84fa-15c667634cda,5200314.5,99.7,0.49,recurring,1.3,22.5,1
f326de50-1824-4180-bda4-2153bd2390cf,4216661.62,39.0,0.429,poc,36.7,32.9,1
ccfa0f43-003e-44e5-94d6-0b434b79969b,5766470.99,69.7,0.429,contract,8.0,36.9,1
1aa3822f-cee7-4b5b-85d8-a3ca00e590da,6999667.51,100.0,0.503,recurring,0.0,16.2,1
89f8bb74-a2a1-4e3b-a3a5-865680531bbb,3183900.76,72.4,0.165,poc,17.0,15.1,1
352449fc-92d4-4486-8ded-5c709b92a4a8,13940891.31,95.4,0.713,recurring,0.0,13.9,1
98130f4e-ce9c-4bd3-86fa-8feb0977533f,1688176.34,85.8,0.321,recurring,13.8,21.4,1
182d31fd-34ff-47d6-aa4f-3ce5237c1ee7,4878050.27,8.5,0.213,poc,27.6,47.4,1
f8e874dd-4904-43b7-b214-b0ca3937c9e2,5019108.33,96.6,0.583,recurring,0.0,23.0,1
7a0240b4-1b40-4a0b-8c61-331a22d35364,18827252.63,81.4,0.208,contract,0.0,19.3,1
e8be6b36-9a9f-46db-852b-233fc8146e26,1612227.88,67.0,0.302,contract,13.5,49.6,1
07fe0ed9-dd84-49dd-a235-af42a91f5461,797091.03,79.8,0.4,contract,7.6,26.3,0
dcb00f91-0c49-4476-b4ca-18ce591fe8e0,8140035.11,83.0,0.641,recurring,10.0,34.5,1
10e99086-f6bc-41ab-882d-de67f777c692,10777249.41,80.6,0.429,recurring,8.3,12.9,1
a79b623a-df76-4019-9c4d-853146f8c494,4805684.29,45.2,0.407,poc,17.8,34.6,1
74ce13eb-5426-4f09-99a8-a267b2aaecd4,15187018.49,18.8,0.374,poc,29.4,16.7,1
bb2cffd1-7d1f-4b8f-8a45-827df08fa842,10058002.3,79.5,0.137,contract,10.0,28.5,1
23b89b1e-b48f-4b1e-8871-8422de68b01c,5519046.03,52.5,0.484,contract,18.6,28.0,1
3eed3a1c-7af5-43dc-8e62-ae5473faf5f4,3093731.77,65.8,0.169,contract,14.7,60.5,0
1873a997-b261-4f21-b0cf-9befcc6af6ec,12980636.26,87.2,0.552,recurring,1.9,36.7,1
0b12062a-4387-47fe-9216-e72c69b12a89,8557032.23,72.5,0.296,poc,36.2,24.3,1
77bf7a78-596f-4bc9-9040-3da49d82368c,12824739.55,73.7,0.686,recurring,0.6,23.4,1
0777a4b8-effc-4265-aee2-c32fb17e63ed,3480905.88,77.5,0.176,contract,3.1,26.3,0
ade9cf39-6d6d-47ff-81a9-8ea1b7f6ee10,3927188.49,78.6,0.154,contract,4.5,17.3,0
7e8ffa76-d62b-4adb-a2aa-32fa1a45153c,8499542.76,72.1,0.088,contract,15.7,43.1,0
3a46bc16-1677-47e1-84cf-4df17de95b6b,10622491.42,57.5,0.298,poc,22.3,26.8,0
bf16cbc0-628c-4f5c-91a9-c60d30d8f787,5933568.6,42.6,0.16,poc,25.8,33.0,1
881a01df-7e06-4d9e-a578-c8af08a2779a,5925568.31,57.5,0.205,recurring,0.0,41.0,0
4891ad38-dc6c-437a-b918-a29ec80f2c4d,4466672.97,100.0,0.579,recurring,8.3,22.8,1
2ed06477-0545-415f-aa68-1ed5175d41d6,7913029.94,74.3,0.491,contract,0.9,37.3,1
2f48989a-1c7b-40bb-b446-d1af2f147923,4432574.35,75.5,0.475,recurring,6.6,14.5,1
43136ec4-04a0-42bf-95da-288e7ebcbac5,13666067.99,50.4,0.117,poc,29.8,26.9,0
9672fdf0-435e-4d8c-96c2-323bf065d0e1,6899947.29,27.8,0.083,poc,28.2,35.7,1
3b6aa8ac-0f15-4400-ab9c-1aaa48833ea5,5781861.38,87.0,0.364,contract,21.0,36.1,0
29bdc32d-8f45-4794-869f-64a28322f955,4331377.63,53.9,0.147,contract,21.4,28.2,1
90f3476d-fd68-41e7-91e5-9841b90e63a6,5092186.18,100.0,0.334,recurring,0.0,39.3,1
83d42717-ee2b-4e6b-83cd-9d3f1df1ee63,10616656.67,78.4,0.529,recurring,4.4,28.1,1
e53a72ba-473a-428d-934b-e63370ed1a19,7763479.33,59.0,0.19,poc,11.6,20.4,1
66b391aa-4372-417e-ae61-a312c6cc5fe1,3559939.67,93.4,0.361,recurring,3.5,34.6,1
bdef3d12-8d27-4266-902b-c4b40ddd52ec,7034064.44,35.5,0.774,poc,13.9,21.3,1
d86f6f00-9b10-4fe0-aebd-aed2f4d6c458,2900882.12,41.3,0.277,poc,18.5,25.7,1
cf42b0b2-7e32-4247-adb0-71322e62c9fc,7121887.13,72.4,0.202,contract,18.8,28.7,1
ec1adc34-cf77-4cf7-8099-602d6f1ce0c9,2693600.3,65.6,0.281,recurring,0.0,9.5,0
e986039a-429d-419b-9e1d-ee3fac516539,6957225.1,64.1,0.192,contract,17.9,26.6,0
076fc6bc-4868-44de-a415-0c5463306a3e,6005380.66,93.8,0.199,contract,17.1,37.1,1
ac0fc338-8235-4772-8e4c-a7c473dc1d68,6388550.93,35.3,0.431,poc,31.9,43.3,1
357567eb-326c-49ce-8dc8-cd40995b022e,1550848.78,47.6,0.109,poc,37.6,55.4,1
3b8f8288-f6ed-413c-bc40-5ffc911716d0,13541789.24,55.5,0.242,contract,5.6,9.7,0
a9429a80-3e10-4f35-a966-6b53dd5b2474,904949.14,56.4,0.335,contract,13.8,22.1,1
436cdfed-fd23-4753-895a-139b0021cf6f,35371778.63,56.5,0.277,contract,5.6,11.6,0
afa6d35a-2a78-41b5-b6ac-e7a24035ed6c,5701732.03,68.9,0.143,poc,21.1,33.0,1
ca0806bb-b144-4e12-8bbc-e272a30c8be2,2625271.56,74.9,0.406,recurring,0.0,1.6,1
c18a1ec0-e121-4b53-95cf-e972068a8308,13141214.32,31.6,0.55,poc,32.7,42.9,1
2fdb47d5-db40-4219-bd12-96ac1fc15464,3797963.06,43.1,0.146,poc,18.7,49.4,0
7d72d4da-1cb8-4a2d-ac31-6c6f4570c89a,2758084.86,43.4,0.213,contract,8.0,24.5,1
a86f87ca-ca0f-4470-8249-69a24c5da782,5139421.14,33.3,0.295,poc,34.7,32.0,1
0eb6d518-69f6-4f63-9d60-38cafc061d18,6406445.92,23.2,0.424,poc,17.3,38.2,0
f9c492cf-5c66-4877-b9e0-60dda510686b,4681190.37,51.9,0.079,contract,14.7,37.8,0
353a1292-a128-46fc-a35d-0609a9e32eca,4868972.8,92.3,0.252,recurring,0.7,22.5,1
54b4b12b-15ae-4d35-b6f1-0e419593da51,1360078.2,79.3,0.291,contract,11.5,14.2,1
eb9625b3-e56a-43a9-8e8d-a2a900a0ab64,25044154.34,78.8,0.27,recurring,10.7,20.0,1
df937ee5-1f96-49cf-b529-72e29472b714,2018862.76,79.7,0.288,recurring,0.0,28.8,0
785d0a55-0c9b-4f44-8379-77eec3ed4583,12812200.6,33.5,0.373,poc,9.1,22.2,1
9ba866c8-dea2-48de-aa9b-e6ea23913070,3276356.16,29.2,0.252,poc,25.9,30.8,0
c1769c47-3078-4305-8c1c-f21d8f429f1d,1926235.63,53.2,0.199,contract,14.0,22.2,1
64570f96-e91d-4193-8b99-29a3ab8f3a6f,7560776.73,57.2,0.135,contract,22.1,32.7,1
cf7e98f8-0cac-408f-9f58-c6e8b64c31f6,1515096.7,58.9,0.166,poc,7.2,12.0,0
2c22a9ab-1baf-48b9-aa7c-481c4b1fed27,3223827.22,78.2,0.099,contract,28.1,31.3,1
8ad10d21-4795-441e-8b60-6cbfd304391b,9744003.94,15.6,0.569,poc,28.1,25.5,0
9e003f5a-9af5-4c4f-97df-ca219fc598f8,13845008.21,42.9,0.399,poc,27.5,36.3,0
990f1088-c959-41c8-a10c-afe1e0d0191f,8052260.94,21.2,0.218,poc,16.3,30.5,0
3549907d-8067-41ab-b744-432b9581fd69,15613716.49,13.5,0.26,poc,11.5,24.2,0
3fe3d1e2-1657-4936-ae65-85a731ff631c,11755264.22,28.9,0.308,poc,16.9,29.8,0
ba2948e5-0aec-4d05-9fcb-760fa5194689,4014078.53,43.4,0.169,poc,20.2,29.6,0
42415af5-abb9-4877-a0b1-dd5fcc6289e3,8023026.56,75.4,0.314,contract,10.7,39.0,0
eec3033e-af0b-4733-ab2b-70158ff449ac,2307256.15,59.2,0.275,poc,23.7,16.9,1
15d5dca1-52c6-4951-ba2c-915b7207919c,1534273.23,86.2,0.216,recurring,16.4,26.1,0
9e9153db-8621-49fc-9a3d-eb9c821c60da,10831940.81,80.4,0.442,contract,1.4,22.9,1
ce108d8d-e1f6-4973-bc22-70c89c0706ce,3270880.58,64.8,0.5,contract,12.1,43.9,1
4cb0c1c2-e658-4bb4-973a-860e9d3d2b38,5095056.75,62.5,0.56,contract,15.3,30.1,1
13e1490a-5383-4158-a129-92f9d5237f08,7615610.6,49.4,0.303,poc,26.6,30.7,1
d9b578b6-1bf8-481f-9630-e63ec4d33831,1568675.68,77.3,0.347,recurring,2.2,1.0,0
7c8aa3d8-a7e0-4745-9b47-976dda0f7130,5955966.72,43.5,0.032,poc,30.7,32.5,1
1eacd58f-3ef3-4311-9b38-9919f85bf6a6,4797312.43,91.1,0.382,recurring,16.9,27.3,1
bc0e8742-5ae4-4a32-8b0a-b6f3b9a0b6e4,1325779.25,93.4,0.467,recurring,11.5,29.6,1
5356964d-a769-4a7e-8a00-982f0f865642,11698213.83,66.0,0.124,contract,6.4,23.5,0
0e75bde1-9a1b-490f-be82-892036c841c3,10312877.31,68.4,0.63,contract,21.5,18.5,0
76146d98-b6e4-4a6a-86c4-6c150743a80c,33388924.57,80.7,0.445,recurring,0.0,30.7,1
3849d4e5-245a-4b75-bb8a-d72fc8c33d8c,6442526.96,44.6,0.313,contract,15.6,34.3,0
546c61b0-e62c-4e1e-bcfd-45e99cd0bd54,2529804.47,62.8,0.36,contract,8.7,39.6,0
c4c2352a-4ff3-4f06-ab94-01b59e7b7bb1,12123125.57,41.8,0.084,poc,14.5,26.6,1
cdf20a0c-a4bf-4dea-9b47-175520a1ebc6,8778199.18,45.9,0.277,poc,24.8,16.0,0
9f1848bf-1963-4ff9-b375-2156791b5568,6880886.99,15.7,0.237,poc,24.0,23.1,1
e073462d-4ac0-4dbc-885b-ad15de415d2f,5644202.0,47.3,0.24,contract,13.0,32.7,1
28a8567a-7498-4b05-ba53-6e560b1c2f61,2840152.38,51.6,0.047,contract,14.6,29.3,1
3b93ba2f-9965-44d7-963f-e1a262acc1b4,5265774.38,87.8,0.678,recurring,4.4,29.2,1
a6a664ba-6c71-446f-87f3-f49760cd0185,10866496.14,82.8,0.295,contract,19.7,28.9,0
63372a75-7b8a-4d47-a33c-7644904b82b8,7074528.21,59.7,0.18,contract,14.0,18.2,1
340d264d-a491-4c5f-8883-3751bc275ad4,13194427.29,48.9,0.369,poc,20.6,22.3,0
816ce343-ee89-4fc8-b6c0-a80d86e1b36f,3062849.03,53.8,0.014,contract,6.7,33.8,1
b6a9945b-ae94-4af2-938d-4815aed9037e,3031659.01,72.5,0.264,contract,1.5,49.7,1
11617ae1-49c2-47af-8957-86683e414d8e,5613304.07,27.2,0.36,poc,3.5,16.4,1
149ded73-2890-45d6-b02b-f7a7295f63cb,10659213.4,58.3,0.123,contract,18.2,25.2,0
12adb522-a8c1-4727-abfe-02f3c2be2363,4335424.7,37.4,0.358,poc,32.6,32.1,1
1478bc35-c186-4107-b875-98fb85bccfd1,15095175.4,67.4,0.393,contract,7.0,32.7,0
ec0b2578-0ff6-4df4-b128-852e10a7b25e,14706199.92,50.6,0.229,poc,24.9,30.7,1
099ba64c-68c0-4de0-bea1-4f1cf67a02a2,7725484.96,10.2,0.23,poc,13.0,31.6,0
168136ea-2b6e-469f-8cbe-d82cbb8efa14,4900176.26,49.7,0.888,recurring,9.4,24.8,1
137646af-e06a-4547-9592-7bcac0cd4db4,3379501.45,81.5,0.206,contract,21.3,15.7,1
5f058fcd-cb7c-4f82-997f-37e79eddd3d6,7725855.32,87.3,0.373,contract,10.9,37.3,1
befbbf80-1b78-4f31-a04b-37753edd931c,5563626.38,24.7,0.16,poc,16.5,39.4,0
3db60ad2-2676-40f0-9741-59c649b8b20a,13889943.4,54.8,0.326,contract,8.1,14.1,1
14158681-e9f0-4cc6-a164-017985d32f8c,3577042.5,69.6,0.548,contract,12.0,27.5,1
8d56e36a-00fe-45dd-98ca-3a23ad3558a1,4361649.71,92.4,0.39,recurring,0.0,20.8,1
07b582cf-a5c1-4204-8d33-908daf5d22cb,4816922.43,55.4,0.066,contract,2.4,37.8,1
f186754a-0c50-4ce6-8b48-9400b395bc07,4545253.35,100.0,0.371,recurring,4.4,33.7,1
a39dd151-d7b4-4005-b23f-6ce4f0d674c0,5490047.48,4.4,0.317,poc,9.1,23.9,0
51bf3daa-c2b1-4896-8bfe-41480187b957,4337738.13,90.9,0.757,recurring,0.0,17.3,1
9a0fe41c-f815-4ec4-9ca4-5e9d9eddb76c,4570358.27,44.0,0.342,contract,20.7,19.6,1
33b4d22e-1477-44c6-8c88-dee31fa591ee,4035412.94,70.1,0.087,contract,1.5,41.1,0
8d144b11-defd-4ae0-bc6a-a7dcf3657964,11187220.62,54.1,0.126,contract,0.0,42.4,1
886c11ff-b087-445d-9ff3-093c280433b8,16088402.21,88.4,0.349,recurring,3.2,31.5,1
4e0e358a-2f26-4adc-b7c7-7a5d50f5eb9e,26855889.48,98.3,0.26,recurring,2.3,18.4,1
ee880a99-7397-44bf-94b1-a74b4e6acf06,5566098.24,31.9,0.249,poc,35.6,44.6,0
a46766d8-a446-48e9-a791-436acc286010,4993139.31,90.4,0.074,contract,8.6,15.4,1
1b9a6ebe-1d08-43a1-81ce-89e365e17292,5697109.05,35.3,0.105,poc,13.9,46.8,1
0fab4926-fe04-4bdd-8e50-31a47e91470b,4839301.18,56.5,0.047,poc,15.7,19.1,0
1bb12569-43d8-480d-ab54-0e01fc4ef58f,2785994.59,89.8,0.37,recurring,6.8,11.2,1
9fbd9bb5-d118-4eb5-bd34-1e82ab8903fb,2793822.5,47.6,0.203,contract,5.6,28.7,1
5546c46f-748b-4eec-ba6c-7d6d9bf2ec75,8405833.73,61.2,0.113,contract,10.5,31.9,1
782beb3f-2f95-4900-ba4a-16abaf720a08,10658826.57,29.7,0.112,poc,23.8,39.9,1
d92835f4-4d0b-48d0-833e-7b521397c2e8,6035466.34,33.2,0.526,contract,9.6,46.9,1
2ad3aaf7-0361-4b57-a9a6-a77e0b6428c7,2522685.38,47.8,0.17,poc,16.8,31.7,1
55622245-6ec6-4cbd-b54c-992dfdf5ab0e,5179862.53,57.8,0.424,poc,28.5,40.2,1
f0261399-82d0-4482-a227-515b7e5671c4,6768836.5,52.6,0.641,contract,9.5,25.8,0
72b21b6f-d9e9-486f-a882-f5c0d49f657e,8323502.22,53.7,0.249,contract,0.0,51.2,1
b6426acc-30f8-4830-b479-3f8ab2d2fae8,10533166.36,27.7,0.209,poc,10.4,33.3,0
0252406f-989e-49a5-838a-76c6d6c2607a,4955368.7,38.9,0.109,poc,39.8,30.8,0
50914942-83fe-40da-bf6c-83bc42cbb5b1,5950797.79,69.2,0.201,contract,10.2,42.0,0
464f7c6e-b0e2-4c71-92cc-23fa9a9e183b,2585482.46,36.6,0.139,poc,16.8,29.9,0
5ead4d3d-797d-44ab-bb17-81c5e6f5b3c8,2516654.25,41.4,0.29,poc,14.3,24.4,1
920e1642-1efe-4bd3-92da-0d498434f9f7,6164766.18,39.6,0.287,contract,0.0,29.6,0
dfb6c486-9ed0-4aa5-940e-0cf9b8fa6a47,7461045.6,30.8,0.528,contract,8.2,34.0,0
0ca13a91-cb68-411e-a7d2-56ca14bf8b8c,4049695.99,19.3,0.436,poc,19.0,37.3,1
c5921303-f963-4e9e-883e-57a868633ed6,23692796.98,76.1,0.32,contract,9.4,26.5,0
71308bb6-699c-4993-bbfa-7f6b77e8ebeb,10360237.83,82.2,0.287,recurring,9.1,23.4,1
99dd2494-a217-4320-a0ec-c9c54be862e5,9930087.77,100.0,0.277,recurring,0.0,15.0,1
231e6929-4241-43de-a17e-0bb4886137ec,7603450.94,43.6,0.262,poc,19.5,20.3,0
aa6f1af9-e22d-4725-b849-c35cb048b439,7383444.1,59.9,0.594,poc,27.2,14.0,0
86ce18a0-c9e9-463f-b2fc-dbde8e241093,1097344.27,62.8,0.303,poc,9.5,19.4,1
18a18783-a344-41d4-943e-0a6024c5fc92,3687747.78,71.7,0.347,contract,12.3,31.4,1
e2ae6ce1-b78d-4e74-8fbb-3476c0a0b1fd,3074968.53,84.7,0.605,recurring,9.8,17.8,1
1006c9cc-3974-4952-b7ab-cd6f8f979901,3666159.36,87.0,0.765,recurring,10.7,29.3,1
548a46df-56ac-4b37-9aff-5a1e7d187545,6329285.99,77.0,0.516,contract,4.1,30.4,0
804a1bf9-b4c6-4640-a8a3-482f46d90b95,8197683.74,97.6,0.394,recurring,0.0,8.1,1
cab79f14-60c9-4419-b1c7-66e0a04baaa3,3483113.53,56.7,0.125,contract,15.4,53.6,1
4b8cd4a1-25e0-49e2-b755-fc47b6aa68af,25922354.15,42.1,0.227,poc,16.8,35.5,1
6ff8f29e-917e-4a1b-9456-bd5220a77b1a,777698.47,64.3,0.286,contract,26.0,54.1,1
d63f42b7-f84f-4f3c-9653-b6befa504ac4,13433211.05,65.7,0.308,contract,0.0,41.0,1
b37815c1-eabd-48c9-911a-df7313599db2,4055128.4,66.8,0.307,recurring,16.2,21.8,0
c06a0ac2-a251-4347-a8b7-c159e0e71ab7,4356233.29,78.2,0.584,recurring,0.0,40.9,1
cab923a6-8c7c-4705-b34f-9c04a73212bf,6106995.12,25.2,0.463,poc,20.6,26.6,0
13b8d997-376d-430c-983b-9255dacee596,6919877.96,39.7,0.354,poc,18.5,21.7,0
fa888a2a-7485-4d46-8016-1ee0603d3848,2264365.62,55.1,0.233,contract,9.6,47.6,1
9f1eda0c-23f2-4e71-9b0e-316951906503,3969184.67,44.3,0.448,poc,35.3,31.0,1
c873f659-a63b-4b23-8cf9-a58ef7ace0ad,14837352.86,93.6,0.481,recurring,0.0,36.6,1
f884ae4d-d009-4fd8-8d59-2789b737b798,7745476.24,74.8,0.099,contract,32.8,34.3,1
35210be6-223e-4316-8758-91b136904e7c,1525332.87,97.5,0.354,recurring,12.3,15.0,1
5e5cee63-e7b6-4c09-8d78-26eb0cac8a7a,16341792.04,27.4,0.154,poc,16.7,15.2,0
adbdc210-47c5-417d-b547-4e548f02ec9d,3422438.35,85.7,0.498,recurring,11.1,23.7,0
c2f0d8cc-b342-4afc-a4cb-51bf4aa7f1d8,16526626.21,48.5,0.181,poc,30.6,50.3,1
b4341db2-9a1e-48f4-9359-ae190aac4481,2723246.43,46.1,0.275,poc,38.9,46.6,0
5203f27e-4674-4dac-b15a-191b5870ab5b,1927566.1,54.2,0.254,recurring,4.6,25.1,1
44e0e59d-2ecd-4fd4-991c-891952a0893a,3378454.8,61.1,0.098,poc,27.4,27.1,1
d7f7e528-7e61-4b41-8b68-7933884b311d,2702022.03,56.8,0.089,contract,12.8,22.7,1
9e3f0313-0486-4ce1-a0c2-89bd47b89c3f,13680084.61,57.3,0.341,contract,21.7,37.7,1
d35b00a3-1e34-4e7b-9d6c-1d4d42adb829,3745316.3,34.8,0.479,poc,13.4,35.7,1
bb0d2314-4a46-49b3-a1d3-a56bb208dbb1,3780535.5,18.0,0.085,poc,16.2,24.1,1
9de92d4d-0d9e-4cd9-8ac8-3be5972a1d93,1454666.85,64.2,0.246,recurring,0.0,8.2,1
67104ccf-1313-401a-a961-501f050fc2b7,6130466.99,48.8,0.532,contract,10.7,37.8,1
12eec335-2008-42bd-b78e-174487fd845f,8320090.99,100.0,0.35,recurring,4.9,28.8,0
19bf46be-d2ca-4bfb-841b-53b52ed944ca,3488289.96,16.4,0.427,poc,7.0,15.8,1
139cbf79-28b3-4f7e-888e-a5572da10445,5338244.03,67.4,0.207,contract,10.3,22.7,1
99de4db7-008f-4922-b4b0-e346b91f72a7,5065985.8,52.3,0.379,poc,14.5,35.0,1
3d7f26bd-6ebd-4df2-9e51-bfc81a601a35,1910550.73,61.7,0.259,poc,19.4,14.9,1
c8573aaa-cc2e-4b8d-b9e1-142c23a31d30,7401140.6,79.6,0.377,recurring,0.0,35.4,1
df07b965-3520-4272-b710-3107e3e98e6c,6648726.59,83.6,0.252,recurring,13.0,1.0,0
feb33ebe-9698-4b16-8a9e-290fe58a6754,8785125.28,72.5,0.644,poc,17.8,18.6,0
023d1e88-fd3d-4837-b571-c4dd5827edc0,6492478.3,100.0,0.266,recurring,0.0,13.1,0
9e4a76f8-1ff6-44f3-8e3b-d8109bdb4a59,4880739.47,66.7,0.146,contract,14.9,23.6,1
a5382a49-6074-46ff-a926-191a842c39bb,2351275.55,90.0,0.029,contract,0.0,39.1,0
2804115a-50d3-4e11-a745-df68b923eecd,5931408.68,51.0,0.035,contract,0.0,26.3,1
42ae5183-ead0-4838-9958-41aa7b432c9f,1458873.57,61.3,0.268,contract,5.9,35.8,1
d2126719-0071-48c0-82ab-d2771bc22ef9,2397609.37,59.7,0.289,contract,12.5,34.0,1
e47186a5-5704-4950-b109-9706a695ee4e,22356505.49,24.3,0.317,poc,23.0,29.7,1
731d5a0c-dfdc-4d68-9a5a-2ddc410a9acd,2391770.41,37.1,0.402,poc,18.9,42.3,1
876c43b0-f1ac-4069-9e08-5260ce534dfe,12421782.66,57.0,0.375,contract,24.2,19.6,0
2aefe277-2f7b-498b-88e4-5e1a94b85aae,5073374.19,59.9,0.182,contract,19.3,45.9,0
62faba09-a6f7-459b-b373-aa86c20e382f,6216172.39,64.0,0.107,contract,7.8,32.3,1
b283dd1d-c95f-47d6-81fa-23380514a605,9744146.02,76.0,0.129,contract,23.0,23.2,1
b0863612-bc67-49a9-a4dd-a2c76c36da33,10658877.06,47.5,0.283,contract,6.6,35.8,1
abf9f553-6e7f-401e-a73c-f3a3fab807ef,8564970.9,57.4,0.158,poc,14.3,27.8,0
6323a31e-3330-435a-8672-d50b97e39f03,10987285.74,63.4,0.686,recurring,13.1,16.3,1
fff8600d-ef80-479f-8ac9-a33250d3c4b4,6337456.22,53.1,0.205,contract,5.3,31.8,1
705699ea-7b74-442e-bcd9-a0105d14b86e,9323181.21,30.0,0.142,poc,14.3,33.9,1
f2690e9a-e955-44be-ac7b-c665e38d952a,1841922.43,54.5,0.451,contract,12.7,28.5,1
92921ae4-046a-44bd-bebf-10b9c7037b9e,12760016.31,49.4,0.399,contract,13.3,21.0,0
9e738e5e-1762-4931-8e77-14ef90c9d033,1455393.93,100.0,0.279,contract,20.4,27.1,1
53d47388-d38d-441b-b309-a4bfbb9dd797,20583358.29,67.7,0.246,recurring,0.0,27.9,0
1a80e486-ea06-4ddc-b736-dba55dfc7a31,7939376.64,99.0,0.62,recurring,0.0,31.3,1
d8972989-47cb-4e47-af6a-e7774fc8e614,6500570.1,100.0,0.239,recurring,7.9,35.2,1
91034b34-dafb-4590-8bc6-f47765cbbd06,11778262.28,72.7,0.369,contract,11.9,1.0,1
7f657e3b-e003-4b7d-82f7-9cb17235c8e0,9369128.8,73.7,0.297,contract,15.5,34.1,0
a5d30ed7-99ee-4b0d-80b5-8be67f5328ca,7020034.75,30.9,0.363,contract,11.5,34.5,0
8bfae7a2-e6c3-46ea-9e06-31a719498929,25655694.18,68.8,0.431,recurring,10.0,33.3,1
a8e45827-ba6d-4ca2-b7ae-72ecb6abdec7,2147569.49,43.7,0.095,poc,19.5,42.5,0
3124c70b-3c41-4082-9eac-3c2745794cdf,2051960.64,51.5,0.487,poc,28.7,14.4,1
315f5fd0-aeb7-4412-b049-92962d4aab0e,4721916.82,69.2,0.371,recurring,5.3,19.7,0
c178a592-1bc7-4087-bc65-bc701b34934a,4837882.86,43.9,0.082,contract,2.0,39.7,1
380e521f-80a6-43ad-a621-c22ecf1bb6d3,7195955.28,90.1,0.417,recurring,1.1,24.4,1
f4787f7d-7267-4b23-8ccb-8c258267963e,2320691.17,60.7,0.287,contract,6.7,26.8,1
918e8d8c-1536-48cb-877a-e7599fad60d1,4316690.65,74.2,0.306,contract,0.4,26.1,1
0cf4388f-0a3b-441d-8a07-2e59e9753036,10780146.97,50.9,0.256,poc,17.2,29.5,1
91208988-f33c-4e3b-89c4-0a0ed88ca708,14532237.87,96.0,0.618,recurring,12.6,1.0,1
51991dea-0138-4453-bdcf-3ee26619344e,7590139.16,40.7,0.306,poc,17.2,47.6,1
aa23f0dc-aaf8-493e-81fd-5c9950315e48,2737025.82,62.8,0.268,contract,10.2,25.0,1
9f8c85b1-c8f8-4d7e-9560-fccbe6713728,4030864.99,14.9,0.172,poc,0.0,24.8,1
4ba8a4ff-d995-4daf-bd85-223c805618f3,7291818.18,39.7,0.385,contract,14.6,42.1,1
0b642861-cc7d-4c33-b0a9-4b5f2d6c50ed,2410818.71,70.8,0.188,contract,10.4,31.8,1
c9e4afad-3a6f-4075-a374-be59c3c707c4,30463932.09,98.9,0.85,recurring,18.3,11.9,1
f6ac027d-3931-499a-9039-7b1c8e7aded4,2772034.2,82.0,0.277,recurring,12.6,38.6,1
7d44c068-f81a-475b-8e88-89ab89e44bcf,16644225.97,73.9,0.296,recurring,15.4,31.0,1
c954b86e-0d42-43bc-b0be-40568c1921a0,3238879.44,83.6,0.625,recurring,1.2,30.3,1
19974048-a0c4-401b-be58-f7f397978504,2635350.11,65.5,0.48,recurring,5.2,1.0,0
efdcdae7-d694-42fc-bdbc-c0344eea9b97,1627916.78,53.5,0.269,contract,5.9,20.6,1
a06c54e3-b6ae-4235-88a5-e766a3c678b1,9198846.34,83.4,0.478,contract,0.0,25.8,1
b0a0fed5-535e-42f1-96e7-7132367338cd,5381974.06,54.4,0.54,contract,12.0,32.2,1
929dd05e-423b-4039-baf1-ae76c846016d,1677625.29,62.8,0.329,contract,0.0,20.5,0
580a5225-0f63-47e3-adea-32b6f59f3d59,2459519.83,73.5,0.069,contract,21.6,16.1,0
3b23191d-3c1a-4852-ad81-fa2bf52dae9e,905708.73,34.8,0.132,poc,20.7,54.9,1
7790b2ae-681c-489d-a30d-11e16d522d37,5412986.11,43.6,0.506,poc,30.1,26.2,1
33eafe7b-1991-4fee-8630-d510b1b8ee79,5420464.68,93.7,0.407,recurring,15.9,19.6,1
3485f280-8fba-41fe-9a6d-af314ad0f9d1,7002066.44,86.6,0.608,recurring,0.0,20.4,1
f91e4ae7-b6c8-4697-9679-7ecab9108792,1043181.57,39.6,0.221,poc,20.2,38.7,1
47a0b03d-c016-4465-b0a5-21a9d173dd8b,1688554.43,69.5,0.142,contract,1.6,39.1,1
3752966f-7d91-4742-9ec6-c29a325a46ae,3295055.32,61.9,0.358,contract,6.8,10.0,1
e8873193-2608-4eb5-9e1a-9d4f09a1201e,7281975.92,67.2,0.096,contract,9.9,31.4,1
7b8c0edd-91af-4e2a-8979-60c34d4ba2ce,4108394.92,34.4,0.42,poc,27.6,7.3,1
dc5b77db-e35d-4442-b315-1bd6aea9f4c2,5739645.03,62.4,0.415,contract,13.9,17.5,0
5e844e50-f9f5-46aa-8047-de852f8397ff,5527687.68,38.7,0.127,contract,8.2,35.9,1
62707e70-13e5-4a86-a36f-f23f45bc3364,13085628.31,80.4,0.67,recurring,3.7,37.2,1
12b30e46-05bd-4dbd-9523-eb8cbc9649bd,7888944.3,91.0,0.189,recurring,0.6,23.8,1
472a3dd9-7c87-4349-b824-598ee2a1daed,4043548.5,35.0,0.155,contract,11.9,29.1,0
014f5c94-3d01-401b-976a-82ea4c9795fc,7070218.65,76.8,0.553,contract,5.8,16.7,1
85075cf7-9615-4213-8c8e-d55986ec1019,8168039.28,74.5,0.211,contract,0.0,22.9,1
1caa607e-3534-430f-bb89-9803af8afa50,1035127.86,100.0,0.815,recurring,0.0,28.4,1
5ed87b72-c2f9-450e-9dd2-80beb659e329,1377197.86,61.2,0.419,contract,1.2,30.9,0
c9f39dd1-38ff-40b5-b240-7342142c86d1,4944432.53,73.4,0.812,recurring,13.4,40.5,1
380bfdb1-b5b2-4bcf-bc8f-6f3bc25600f7,9486310.83,62.5,0.342,contract,24.6,19.5,1
23ab13ed-3e78-49ae-b4eb-bed79cc7347e,3077123.54,54.3,0.069,poc,21.5,16.6,1
d48ecf4a-6e22-4fbb-befa-4d3ba77a0f93,10035141.88,33.2,0.215,contract,12.3,45.9,1
966f1b0a-3d2f-4d7f-b6db-d209b9f58f6e,3616639.41,69.9,0.401,contract,5.1,29.8,1
fcebf9ae-341b-4eae-a7b5-21bb2b6e9498,8542241.49,70.8,0.398,recurring,1.1,42.4,1
c40af8a1-6f2a-47e7-a9b6-5392e3486993,3432268.47,66.7,0.472,recurring,1.5,15.8,0
8de54c76-56a5-4f2f-84c0-1ab616adb5d4,3794030.5,96.5,0.484,recurring,1.4,9.7,1
ad08ee50-6906-447f-baa7-2ca763c87d87,5492256.93,49.2,0.364,contract,20.7,17.4,0
1ac8efa8-1f8b-4dcb-9a0a-f6949684369e,3535245.14,24.6,0.332,poc,15.8,37.0,0
d766174f-442d-4452-99a7-82cc81fc4dd9,1142352.69,96.3,0.621,recurring,7.7,9.3,1
07517ec1-3040-4b67-aa56-06830d5bdb0c,2794601.57,75.2,0.691,recurring,1.2,18.1,1
cd77f6f5-b3dc-44fd-9825-741bc1ae843e,3488110.75,36.3,0.221,poc,19.9,39.4,1
3aa68610-5364-452f-9bb4-8ca81bd48d5b,2150921.65,75.2,0.815,poc,36.8,4.3,0
019d1ce3-e343-4643-8945-10baea314cca,3486434.48,89.6,0.52,recurring,13.8,32.3,1
a137a431-85b4-431a-901c-f1835791e59f,5856572.81,73.8,0.262,contract,12.9,16.2,1
6d349437-0a69-4eed-9dcf-2d0a75efc335,4203897.82,85.3,0.227,recurring,4.7,35.4,1
55cb816d-a1e1-44b3-9819-98ef21b33805,6276544.85,77.3,0.339,contract,7.7,27.5,1
c9ff656f-3a7e-4a2b-b8ad-59939d62b13a,1158910.64,68.0,0.441,poc,20.7,21.3,1
8f458a8e-1c79-48cc-9ce9-073f18db8a32,7073092.05,90.0,0.668,contract,12.7,8.5,1
a2c2a631-9380-4ff6-b98a-9e22a6947cfc,3796085.65,75.4,0.33,contract,11.9,11.2,0
d70cec1d-c392-49f4-bb15-89047b08a593,4331980.75,36.5,0.358,poc,33.6,30.8,0
fe926781-f0f2-44bd-96cc-a9e67ee1f4b6,7395307.82,34.2,0.334,contract,18.3,27.8,0
c136adff-7fce-498c-8891-57cbe199a097,3799720.88,72.1,0.206,contract,18.0,25.0,1
3b75e0ca-c949-4f1a-8647-86eb8355af15,6701456.91,81.2,0.496,contract,4.4,13.6,1
589823a2-3934-4d1d-8053-7babe47a1426,24510366.31,64.0,0.379,contract,0.0,35.4,0
f780e489-0e45-461d-813e-6e96dede92c3,6666641.26,100.0,0.215,recurring,11.3,15.6,1
66556627-d84e-4f59-afe0-56d9206c99bd,4808442.45,69.0,0.23,poc,18.9,35.7,1
0574d699-a02e-413d-a1e0-48756314a1df,5191696.59,75.2,0.175,contract,10.6,17.7,0
3575d684-7c0d-4f19-a437-5de709984a3d,10601064.5,73.1,0.334,contract,13.4,32.4,1
f526c198-08d8-4398-93f8-53704fb502b4,7009200.8,60.3,0.612,contract,6.2,26.1,1
5dbec4ec-9632-4e78-a07d-d8040971fbf5,4699674.29,62.3,0.326,poc,10.6,25.5,0
1775c983-7684-4be7-8568-dde8e205b3e9,4579083.12,100.0,0.431,recurring,3.7,12.4,1
9a3a7636-e991-4363-9ecb-e87472429373,4765944.83,54.6,0.242,contract,5.9,45.0,1
00f828be-5bfd-45b8-9c98-aee46f5f049f,6828845.92,90.6,0.456,recurring,0.0,22.7,1
d0a52a04-8387-4323-ae4d-480e03e4ac1e,12113368.97,43.2,0.035,poc,29.0,38.6,1
8beeb8b4-5548-4a6c-9042-a471c7be72a1,2870439.61,9.6,0.225,poc,18.3,61.2,0
5e00e537-2555-4283-988e-9c2d0f4a2646,4550496.21,88.5,0.342,recurring,8.8,36.0,1
91537f1c-9764-4330-b5a7-2241e025a946,9236499.19,55.9,0.192,contract,15.0,26.5,1
0edf85ed-d6eb-4e9d-929e-5c4afaceb1a3,4109864.94,52.8,0.203,recurring,5.2,26.0,1
f448a27a-9d31-43fc-9baf-05fa632c2b83,2498655.5,5.3,0.31,poc,8.9,29.6,0
e2280c67-3a0c-4eff-8a8b-6401dc7723a6,20774575.06,48.8,0.288,contract,23.6,26.5,1
df11bf48-42ea-4351-a80d-93ad010badb9,2245825.8,44.0,0.534,contract,0.0,20.9,0
ea3dc46e-257d-4c8b-a3d6-fb9c180a971e,7378535.82,80.4,0.177,contract,15.3,32.8,1
2772eed2-215e-4223-bf90-d2e57408528f,4647520.58,88.9,0.752,recurring,0.0,22.9,0
19d33864-dc10-4963-b154-564b70300915,3216011.73,36.5,0.185,poc,31.7,34.8,1
32655202-1b44-4457-a7b9-cea153cebb3a,1221534.88,100.0,0.586,recurring,0.0,5.6,1
1f19bb57-cfbc-4c80-a346-43352698b10f,1653182.37,45.3,0.168,contract,18.4,33.3,1
e174dbdf-89c6-4f02-9939-df09298437b3,5542258.98,75.3,0.363,recurring,6.5,12.5,0
cb0f2c6f-2c89-476d-a216-93e5eb655562,4510663.85,82.0,0.305,contract,15.5,26.5,1
321e372d-b005-4245-86ef-5837beab8cab,2129032.91,43.4,0.098,poc,13.1,38.6,0
f92a5605-a1a3-4f1f-9c9b-44bffb587d11,1387448.52,53.1,0.265,poc,10.2,23.7,1
93990a74-22ec-43d3-9a0f-c2a268309fcc,2941681.46,77.7,0.217,contract,16.0,17.5,1
a186ff8b-1355-497f-9490-841318d6972d,4858926.38,100.0,0.257,recurring,17.7,26.7,1
53c5688d-2171-4ce9-93e7-cbf773c2b89e,6455077.88,62.3,0.188,contract,0.0,22.5,0
550796c8-33e9-4be5-a569-9db19c6a6ac2,6236874.02,65.5,0.341,poc,23.4,21.3,1
49f51088-0300-4ee3-aff1-b2a3b71443f8,7895417.35,61.9,0.097,contract,8.2,25.9,1
e142f118-3117-4a9d-bcb3-5153f2b3f389,1809246.96,75.6,0.178,recurring,0.0,17.3,1
71d5b7d7-725e-4c6a-aafe-28f5c9c02c39,18623164.85,72.7,0.201,contract,11.6,24.1,1
09396f1f-31a4-4fff-89d3-bd348ad110e1,3516907.69,77.9,0.344,contract,13.4,31.4,1
374f8154-e41c-428c-9b21-d67da18a600b,6172504.52,45.6,0.168,poc,29.2,18.3,0
a06c6506-9eec-4c8c-8ea1-cf8f0d19f39d,4397397.02,51.9,0.269,contract,2.8,6.3,1
8728a84d-891f-4209-81ac-d4f8ace6fdec,5412835.12,49.8,0.45,contract,14.0,24.8,1
0d0d3f9d-b5bf-4b1d-8ae0-1409c1099d8d,4906777.46,40.2,0.021,poc,29.4,30.9,1
86511644-4367-4194-8960-857a472a5346,4286064.96,74.2,0.637,recurring,0.0,8.7,1
bbf856e8-1a9d-44fe-8495-dc2e391b8b89,4560468.06,52.2,0.137,poc,35.0,18.9,1
602b2a1c-1c8b-414d-98a0-4c60bb1a64f8,5234627.12,90.3,0.204,contract,5.9,19.3,1
68c0f2d2-7798-49df-a9d6-e7e25309ebd8,8049002.13,73.2,0.277,recurring,7.0,19.8,1
5dd59966-a5d8-42e0-9052-3e8c5faefc55,5233024.12,46.5,0.626,poc,26.7,23.1,0
199ede7c-7a42-4240-8308-b70f4d46bd93,1961232.18,35.7,0.073,poc,22.3,28.5,0
4d5c64e4-2d3b-4043-9680-bcfffa30d3d2,6058598.25,82.1,0.372,contract,5.4,10.4,1
dd2c8d75-b131-4553-8a45-2cac943ac9aa,19042271.28,84.6,0.123,contract,6.2,19.5,1
b5aa4aa8-96e2-48db-8840-2ef4628f40b2,5779428.84,56.5,0.452,contract,8.3,18.0,1
f8c993c7-a68d-4781-9dcd-21f486c44dda,12022804.5,80.6,0.11,contract,8.2,25.7,0
38f2c482-aab8-4241-8c0d-f8c310710a10,12984370.61,54.4,0.053,contract,2.6,26.9,0
0255767e-5d33-4b38-a111-38a24560d3f4,6693798.3,43.6,0.697,poc,15.1,15.9,1
f5ab26b0-2892-4b25-837d-a541671b6acb,7968529.67,100.0,0.499,recurring,0.1,16.2,1
5901c963-1784-4c5b-95cd-1b5aedcc7543,4475024.51,55.5,0.606,recurring,0.0,18.6,1
68fbb284-258c-4be4-ad22-68a0fd05ff22,7659883.61,65.3,0.509,recurring,2.7,34.1,1
3abd0147-3a77-4d57-b808-c48af14e8e35,7301348.42,44.6,0.549,poc,32.4,47.3,1
3285e708-a566-464e-8248-683927d823a0,2008420.16,61.1,0.155,contract,12.4,17.4,0
8be62410-8f69-4ca0-9d01-f132ec0c309c,5152422.73,2.5,0.689,poc,20.1,37.6,1
6e5fcbad-f31c-4830-97e7-bc20f11fcb8c,5682226.03,61.3,0.303,contract,22.6,31.2,1
1e198883-c301-4401-9c00-8015db39b9b4,5277047.3,41.6,0.505,contract,21.4,30.8,1
dff65fa1-9d03-4823-bed9-9e523e6f94cf,11615431.14,89.8,0.402,recurring,3.3,1.0,1
50b473fc-ee64-465d-99c6-cb4f7ccdfb97,13073632.63,74.3,0.597,poc,25.7,7.1,1
0467b598-9298-4283-adae-0c341ec0b979,7203893.57,32.7,0.222,poc,19.6,39.0,0
604596be-3404-4218-a9ed-c336fa19007e,7498339.08,27.7,0.452,poc,29.8,32.3,0
449400c2-4987-48f8-90ef-1ee86a9419fb,4364934.94,63.4,0.397,poc,8.8,21.5,0
d92c9fc0-d7a2-4f5a-8732-966060784aff,10472260.27,28.1,0.129,poc,13.4,40.9,1
c1470e76-2573-4c0d-87c1-c719939532b5,4355878.88,23.6,0.357,poc,33.1,21.0,1
81bdb9fc-0f94-41ed-a456-75e13c31b038,7972422.1,73.9,0.215,recurring,0.0,16.8,0
5650ae45-31e0-494d-a791-41c60464dac4,1556677.05,68.0,0.533,contract,13.0,15.8,1
a1fefde4-4ea0-4a80-b024-56ac9ccd3896,7732711.97,89.1,0.306,recurring,0.0,30.0,1
1a71a062-d06f-49ae-8516-eed170d1f749,13462439.53,75.8,0.411,contract,15.7,25.1,0
6c88c260-7c45-417a-bda4-8e66fd12f01c,5273450.52,75.8,0.355,recurring,0.0,21.0,1
e2ddc270-dee3-4157-8480-423a08a754b9,10461643.89,64.6,0.166,contract,0.0,19.8,1
69fbb6d4-2569-40d6-a33e-dafaf0c728a0,4249247.13,24.6,0.241,poc,16.8,34.9,1
c9797435-a84f-4b76-bd76-b362f5d1defe,4407139.45,68.6,0.584,contract,20.0,17.5,1
7ab3482d-4419-490e-91da-09f48392db23,4309655.03,60.3,0.29,contract,1.7,27.8,1
e2833fdd-647f-43a7-8279-8b49248e5a76,2769552.27,56.2,0.165,contract,33.6,38.3,1
91803274-3862-4865-a32a-88ea71588731,4220579.93,52.4,0.169,poc,21.2,34.4,0
fffb6e89-0763-4d12-b67e-5bb2da9ff67c,10188629.22,52.0,0.576,contract,0.0,15.1,0
fdcd6970-a984-4bc3-9d48-495fcba42a6d,4078853.75,94.8,0.152,contract,11.2,18.6,1
7708fd7c-85fb-4eaa-80d6-c901f4770008,8107170.65,69.1,0.187,contract,16.8,42.2,0
8cbe8896-dfb8-4274-a268-fdb759e4eafe,6857638.35,60.0,0.06,contract,13.0,27.9,1
43740fcb-8ee7-44fb-a6f6-2f1ca7340155,3678278.98,68.4,0.56,contract,12.0,26.0,1
26b5d3fc-d406-4507-8e78-7dceb9af7d93,7281794.53,77.2,0.223,recurring,11.3,17.5,1
7cf98837-46d5-41f1-8a0a-fe88f6e3da36,2447287.06,81.7,0.565,contract,6.1,21.6,1
191f4e7f-7f23-44d2-9c48-e5612ad15a18,10517445.13,75.5,0.314,contract,0.0,15.5,1
57ab2b7e-9619-4eeb-aa30-6d692de1f118,11982923.15,73.5,0.339,contract,10.9,31.8,1
3af07989-4832-4bb2-9c2f-e1d53bc7c863,4757350.14,100.0,0.443,recurring,0.9,11.5,0
ff13f167-415f-4a16-82a3-0d0a9687c146,24180483.54,83.1,0.285,recurring,0.4,18.7,1
c44ea859-c83d-47f1-b947-968b27acec75,2125809.7,37.6,0.38,contract,16.9,40.0,0
b99909e2-f60e-46bd-af4e-6df7e6e16f4f,4863784.32,71.2,0.606,contract,9.8,18.2,0
20a01801-23aa-478f-aaf8-0774347b06e3,8559300.23,61.5,0.11,poc,18.9,25.7,1
b230824f-5d93-4f6d-9d92-a0a7500688e3,7879360.12,77.7,0.17,contract,0.0,35.4,0
759af2b1-84ed-4ee4-bb7e-8b1e35001089,6789411.23,99.4,0.282,recurring,9.7,34.8,1
22b0760a-193a-47f0-942c-ab562957e3ab,3597556.47,27.4,0.122,poc,13.6,24.5,0
8fc06495-09c2-44c1-9bd7-6ea3a579183d,18261935.6,32.7,0.22,poc,31.7,23.0,1
27c3065b-b399-42d2-9a56-0aed513022f5,7915725.16,48.9,0.782,poc,18.2,33.2,1
f9273694-b403-4fb0-bc21-f0d4231e70e3,4128459.51,31.6,0.191,poc,13.9,18.1,0
03d345b2-af28-4d95-b2fd-d8c3cdc71f93,961898.97,78.7,0.06,contract,15.4,25.6,1
c3370016-137f-4497-8b55-ba300aa1776d,4552822.3,55.5,0.447,contract,1.4,15.8,1
1fe43685-8710-4bb0-be75-de3668f8ac13,2104302.74,34.4,0.435,contract,0.0,52.7,1
146fdf5c-a7cc-448b-86c1-18ee99f0a514,10538761.78,47.1,0.165,poc,23.4,38.2,1
9a914e45-f515-48fb-a296-a2f5409931ed,5928555.66,42.1,0.481,poc,18.9,42.7,1
d7145faf-289b-440e-8032-6f6786c4cfa9,3045171.99,93.0,0.311,recurring,7.6,24.7,1
0164359d-543b-4fce-b23b-89c1995c23e1,3599345.2,32.8,0.627,poc,21.9,27.0,1
e17a891a-aca4-46e7-afa3-5c5e14d38921,6122591.71,100.0,0.555,recurring,0.0,37.2,0
feec1b65-c502-4783-acb0-64031f8c297c,7745371.07,81.1,0.318,recurring,7.3,14.5,1
bed4e111-e642-470d-aeb9-3d1280dfa01c,6312835.37,72.8,0.24,contract,9.0,30.3,1
23d1c26e-6281-4564-a765-197ee0d61496,5489602.06,46.7,0.237,poc,17.8,26.1,1
e8d2f206-de92-436b-9d4c-08000a11529b,2119748.1,42.8,0.446,poc,25.4,23.6,1
f63493a7-54ea-430f-9aa5-5dc0b6ff9c7f,1558483.61,7.0,0.676,poc,17.6,34.9,1
a2a3d5ec-33ea-4ab3-80b0-cf5f39717704,9491372.27,24.6,0.346,poc,19.4,28.9,0
0c6ee266-d780-475f-aac4-d02cafcf707f,4921590.34,55.8,0.299,poc,20.0,22.1,0
190eff33-9c2c-4e24-b137-e24c9856dd00,2697486.34,66.7,0.402,contract,12.2,25.6,1
6071c68e-6abf-49cc-ac96-6d2282c246b6,5015651.02,74.2,0.423,contract,11.3,39.6,1
81a5aa50-d1ba-40e9-a1b6-9d77e5ab1741,2870975.08,70.6,0.221,recurring,0.9,29.8,1
b2ec4055-649e-4ae9-b7f8-b6302132399d,1962788.89,31.6,0.098,contract,16.8,39.7,0
1b6c5af4-0021-4c8d-aeea-c6f9148308a7,7385408.74,89.7,0.396,recurring,0.2,33.6,1
15126d8e-43c5-4b85-b384-d2578964c6cc,8814285.51,8.2,0.303,poc,17.8,33.7,0
b0f1a74b-7743-4e0f-9551-0dedf320d7a1,8475484.34,32.5,0.289,poc,7.4,19.4,0
c94dc436-a341-4ab3-b029-dc717c63c7c0,2881536.3,38.5,0.178,poc,27.2,28.4,1
948aaaae-abc8-47e4-9b98-5da3abadb366,20369759.76,65.5,0.22,poc,2.2,43.2,1
cb2ce0d1-db9a-45ad-be79-27f5060c6086,3239988.11,41.8,0.25,poc,25.0,31.0,1
4c2d3fe6-fe74-4828-8788-df34ef89dc8b,3561109.48,67.4,0.452,poc,12.1,14.4,0
ae084e16-04f7-4baf-8d31-7b8b37467e24,3476763.66,100.0,0.669,recurring,3.1,23.1,1
416168a1-876a-4656-9a59-850342621cb5,10122681.01,88.2,0.416,recurring,8.0,10.9,0
befad96e-4e4a-4d2d-899b-21e0234b46a7,5214007.6,15.4,0.33,poc,21.4,30.4,1
e9c3d02e-3601-4f56-9e27-431481a405aa,3110370.92,63.4,0.486,contract,16.7,7.8,1
461b2cd0-7e61-49b7-9b7f-14aa0f6f4fd5,14173221.44,66.1,0.546,contract,5.4,30.5,1
99a3da7e-d5d6-446e-afe8-d1839d55ab94,5923396.29,92.3,0.276,recurring,22.1,5.4,1
24e873a2-4db6-4e0b-9ae2-04cf481a982f,2406955.19,53.3,0.156,poc,2.7,30.6,1
9f64ef3a-6bcb-4013-9f48-cad29016d0e3,8357210.37,52.5,0.1,contract,16.4,19.3,1
3f192b77-11c4-47b4-9d11-4709e13c4d48,8781707.86,84.7,0.24,contract,14.8,36.9,1
46cfd818-d7f3-4685-a75e-f49e3b8412b0,5684405.08,43.6,0.142,poc,25.9,40.9,0
9e289501-f40e-4176-8526-994cad6289a7,7864699.38,83.7,0.621,recurring,0.0,23.9,1
9d92c82f-7db5-4705-b440-648275bb2f97,4551499.68,38.3,0.291,contract,21.1,34.1,0
25ef21d5-89ef-476a-84da-d5098b881f93,12192923.39,96.2,0.683,recurring,14.4,3.5,1
3dc50343-af73-42bc-817a-ac3015ac0fe3,7536722.59,49.7,0.277,poc,24.5,46.1,1
f15cc386-058d-4b4d-a82a-4df00975c002,6582820.79,35.6,0.511,poc,21.6,24.2,0
7042255c-e9f2-432a-8e87-1d0d0c3489e4,6537828.86,78.9,0.698,recurring,11.8,30.3,0
7a8d0beb-fdec-4730-841f-a93a99955459,3848279.95,68.0,0.152,contract,10.3,17.4,1
e5f902e1-910b-497f-bc9a-ba46cb884d12,4163436.5,87.8,0.331,recurring,0.0,38.3,1
85ac92d4-fd1e-4d82-866a-4478002dd0e4,3554762.08,88.9,0.176,contract,18.2,22.8,1
7bd5a55a-808d-46f0-8ff6-11b8000a0af8,15323210.98,75.2,0.081,contract,11.7,15.1,1
f4649590-155f-41a8-b106-35eb92169eb8,2781192.59,51.2,0.303,poc,15.9,27.4,1
2981fd06-154b-45bc-bf13-757c95f9d7bc,10876468.73,43.6,0.117,poc,21.0,24.7,0
f4bddb39-c8ca-415b-a688-a44f287b6841,5196702.21,19.9,0.551,poc,10.8,34.1,1
e73a2640-3f78-414a-b1e1-324336d950b4,5097559.39,90.8,0.588,recurring,0.0,25.7,1
a743d5d9-1e75-45ba-b8be-c222df70119c,3998214.42,67.2,0.296,contract,7.9,27.8,1
e91b6aa4-12ac-43d8-a5c8-8b97413e249b,2894006.45,60.5,0.331,recurring,0.0,38.3,1
2c91655a-fc6e-4aef-accb-87dd66ac8794,4778386.51,86.3,0.153,contract,7.0,28.8,1
bbefe066-b98a-419c-aa6e-e092727c0207,2076727.04,34.8,0.487,poc,19.1,55.1,1
efcf1a70-f5db-42d3-96c4-7397cfef7589,13845880.05,69.1,0.281,contract,13.9,42.5,1
a1e869d3-3689-41e0-b28b-f46f37996257,10048268.68,46.0,0.193,poc,18.9,21.8,0
2fa19b96-30ce-4d88-8ac9-827a22c8d2d3,4134792.24,60.1,0.18,poc,15.7,19.4,0
9f7ef859-c1ce-4d74-92ff-4f2a64d069f4,6249980.95,42.0,0.578,poc,26.0,30.5,1
3c3a2853-457c-4ec8-891f-b8bf4f65b6d0,19559183.11,86.5,0.732,recurring,1.3,8.2,1
aa859a52-ef82-452d-b2ec-e4d32755fc1d,6277344.0,75.3,0.486,recurring,7.6,11.5,1
0f60b568-4e18-49e5-b84b-932211c74d66,6328820.49,95.9,0.29,recurring,11.5,22.5,1
b61d026b-9a7f-4db9-a3ff-fbec8e5ffd2b,2271053.12,62.7,0.509,contract,11.7,41.1,1
7bae4a7d-5699-4ec5-a165-062a5b83bd2a,9138186.14,28.0,0.299,poc,7.6,29.8,0
dfca9e02-7505-45a3-a00f-b9926dca6902,3326332.32,44.0,0.433,contract,9.1,38.0,1
0f429414-5cef-4c5a-9a69-216ef8cca3dd,8121238.86,78.9,0.416,contract,0.0,25.8,1
d9895435-83ea-471d-82ae-c9984e3bf29a,2292219.03,56.8,0.28,contract,22.8,23.2,0
eed503c8-e2eb-40ef-a547-e4338eccee8c,3168669.38,80.7,0.889,recurring,7.8,5.4,1
92690f38-5a86-4a4c-a946-e8fb5b847eb0,3540089.92,51.7,0.143,poc,19.0,25.1,0
12e92e85-798b-4766-b25a-d93a6a1f26b1,3547516.32,85.8,0.48,recurring,4.3,6.2,1
b9430cc2-1d64-47de-bba7-981ed6ee5c55,3093174.23,60.0,0.057,contract,9.9,35.4,0
31da0ee4-7a57-4b0e-81dc-0ad20376f7a5,1164915.13,84.7,0.547,contract,21.6,24.3,1
027de06b-07ec-480b-ab33-725a81e58e9b,3022207.49,84.5,0.399,recurring,2.6,44.0,1
8a1c2763-ebb3-4854-87cf-a43cde373c1d,13484481.51,100.0,0.221,recurring,4.4,21.8,0
9aa976f0-04ab-4fce-9c5f-ef18a1f1679a,19297816.73,100.0,0.323,recurring,0.0,25.2,1
2e624c0a-7a3d-4e9b-a0ea-47c0826b5e58,9575110.71,84.7,0.387,recurring,0.0,2.7,1
bb969eef-7ec5-46f9-bffb-336dd9a378a9,7278557.13,62.9,0.409,poc,10.7,23.0,1
aa51197d-f24a-4856-84cb-93c5649433cd,10337734.8,87.9,0.18,contract,15.9,49.6,0
47443462-4af3-4b45-bf6c-a92ef8d1cf9e,6496555.73,43.5,0.176,poc,23.5,25.2,1
c64237de-13df-4118-b93b-639e43af538a,8225353.31,60.9,0.158,contract,12.2,43.2,0
c8230c4c-1bff-4750-95bb-abbd7d2b60ab,9086412.32,78.5,0.238,contract,7.4,25.3,1
c32cba83-b60c-4871-856a-9eb58d615aed,8022990.37,35.2,0.25,poc,27.7,40.5,1
5041469a-d492-42e1-92de-aff7deee0844,6097731.63,80.5,0.284,recurring,12.8,25.4,0
2e0890ed-0c79-414b-af50-69af4890796f,2193594.76,15.5,0.249,poc,29.8,47.6,0
b89eebd0-414f-4315-a3dc-67a3ab218b78,26336800.08,60.6,0.108,contract,17.3,41.6,0
25851592-b30e-451f-a7ce-9a72c2c3c2c6,13704439.59,71.9,0.162,contract,18.7,33.4,1
49f1c11e-1d19-4b97-9118-a41aac9b7e24,12776195.84,63.4,0.228,contract,21.1,49.5,1
7a920262-a43f-4ff4-938f-faba2b49dc61,3888178.24,80.5,0.288,contract,9.9,21.1,1
82825619-792d-411e-a30f-3830f88edabc,4046610.5,93.3,0.191,contract,5.0,27.6,1
bdea49b9-c978-4624-bf53-2e982fee8818,9378516.81,78.5,0.361,recurring,0.0,28.9,0
fb064502-70da-41b3-9847-de4558126b43,8989812.07,83.5,0.06,contract,9.4,13.1,1
511ab407-ba0a-4515-b21c-4ff879274120,1071780.77,94.5,0.336,contract,19.7,35.7,1
5371402d-2ded-4ca3-be36-01c4fd13dfdb,3299978.96,31.4,0.332,poc,27.2,26.7,0
20d0d7c5-8ffd-492a-80d5-8ad487ccdedc,3414772.88,55.9,0.091,contract,5.5,21.0,0
d881bae5-4eb5-4c2e-a512-5a5b105c0494,6904164.04,51.7,0.13,contract,27.9,28.7,1
f27d7da2-1403-4276-94ef-e6d007717e4f,7013799.65,64.5,0.115,contract,6.4,42.8,1
7e42bc09-07c1-41a4-adfe-0919464bf8ef,2945262.4,82.6,0.5,recurring,0.0,19.4,1
9efbc850-7518-45fc-ae7c-341b507148a2,10619366.16,43.8,0.148,contract,13.9,52.3,1
4bc5fb37-f007-40be-87d6-588c0def2fdb,4012323.09,100.0,0.391,recurring,4.9,19.8,1
f6cbcae0-adef-43bf-b84b-74315e6b98b6,3084020.85,55.3,0.409,poc,6.4,36.3,1
d4f767b7-6810-4a96-b472-8c1a89395c0c,21227618.72,68.0,0.341,contract,15.1,25.5,1
037349b8-d661-4780-b063-af5a93da6776,8023364.31,100.0,0.153,contract,1.5,17.1,1
da617d8d-0dde-4045-9dc7-d0cb88ec219c,7568754.27,51.2,0.249,recurring,2.4,37.3,0
385333b7-db2d-4dce-815a-c494ff9e8f43,8090641.23,63.8,0.363,contract,14.1,35.8,1
9677704f-8044-4d08-9436-898bd4722119,3520378.9,82.5,0.153,contract,0.0,30.6,0
2533838c-51a9-4bf7-bf1b-5c2aa4b9852e,15313490.06,49.2,0.442,contract,13.4,31.9,1
fe86f0d1-0a3c-4357-a425-560b7e2f52e1,4457800.27,91.5,0.412,recurring,0.0,19.1,1
b461ef17-900e-45a8-901d-04f4ddb51b00,1616804.8,99.9,0.347,recurring,10.4,32.0,1
cab1ad92-dbad-4015-b763-58bed023e059,1830097.37,61.3,0.366,contract,15.2,35.7,1
43cce0a3-f42f-420d-bedd-bc0f41e90c67,5151699.65,58.7,0.225,poc,17.3,28.6,1
5e082fe6-7bd9-4a27-8e52-63e77c02a123,7210376.23,36.0,0.302,poc,7.1,25.3,1
9d10a36c-2df3-4afc-ae8b-b2c2e9730e39,3111910.66,61.3,0.117,contract,6.6,7.5,1
b3801496-1ea4-47c0-aa95-e287d9b3ebed,10999340.1,57.3,0.239,contract,17.9,51.0,1
e659ff6e-6ef5-4c6b-93d5-ce518d9a0902,4102103.3,64.6,0.125,contract,26.6,18.7,0
b007f5a8-e378-4431-a6f0-edd21edb4d5c,3923879.87,22.1,0.821,poc,20.7,36.3,1
29975d89-4575-460f-89b6-abbb8ce0f611,2452997.55,100.0,0.507,recurring,0.0,16.7,1
b16284b4-ffb5-49e8-82fd-82a8462f4e19,7355494.36,18.2,0.76,poc,17.5,18.5,1
68aa4f1b-5609-43f0-8a6e-6330b9289860,22301369.47,47.1,0.248,contract,7.7,27.3,1
ae939b90-b662-4e39-b191-1f8a5041ed79,7556698.43,56.6,0.623,poc,23.0,16.7,0
2c1a01d3-70f3-4c81-adf3-61028b755317,2717085.06,50.8,0.443,poc,33.6,37.4,1
a1b06450-6174-4cf7-b0cf-3426a2965dbd,6321120.42,88.9,0.194,recurring,0.0,17.0,1
cd317b62-07fe-4df5-9f8c-7a01eae972e0,4774124.99,49.6,0.106,poc,18.6,26.7,1
a413297c-e143-4ae2-b2ca-528847afce23,5479958.73,82.8,0.168,recurring,6.0,34.4,1
3d002db9-48cb-46c7-b3da-3fe2f675cce5,2418579.48,30.4,0.22,poc,13.8,56.8,1
7cccdfce-716b-4d90-9b38-0e5b6540fe28,3468337.17,96.4,0.252,recurring,0.0,38.2,0
3a187818-3fb5-4c5c-8544-0586cd1314b2,2295022.6,95.1,0.375,recurring,5.8,18.6,1
81934ca2-2ff6-4f06-95b6-f24c089f138e,2481153.0,53.3,0.096,poc,29.6,35.5,0
69b43376-b5b1-45bb-9c36-71eec6119b23,1333664.78,45.6,0.217,contract,12.3,44.4,0
a013a306-a61d-41de-bd13-92245170ddbb,10153004.03,33.6,0.226,poc,19.4,34.6,0
18eb8d83-47c2-4023-962e-632148f6e4de,14350081.37,72.8,0.184,contract,8.5,50.3,1
84f346ce-771f-4b66-8e44-6e611fe625f7,8994438.29,63.1,0.251,contract,28.3,23.6,1
9ca3641e-fb82-463f-9fd7-a7e878cb9a98,4796108.43,100.0,1.0,recurring,3.9,27.8,1
5f598922-e5c0-49e0-b830-bce2328a35b2,8557898.38,67.6,0.072,contract,2.3,1.7,1
2a4df97f-5a86-4366-bedb-96ec4b534995,14026542.49,85.6,0.683,contract,8.5,29.7,1
e474ef4a-1f3b-4ca4-853a-c6fc5b9ceded,2497343.04,46.7,0.562,poc,7.2,11.0,1
c64c21e3-4401-41b7-9d7f-6f286989709b,17580055.65,28.3,0.174,contract,18.1,35.8,1
e770632d-efcc-47cb-8008-ce4006cbb323,1053325.15,78.8,0.52,recurring,0.0,37.1,0
5c6576fc-6546-4e21-a696-db08f76be503,17586559.43,99.1,0.258,recurring,4.3,19.2,1
31de77e7-951a-4e31-81fb-94eb30fb180e,4661946.76,41.1,0.649,poc,13.9,21.2,0
63d8a9b9-c3c5-47de-91ca-f5ef9b5b57f1,2786533.68,70.8,0.306,contract,12.6,25.6,1
bf3b50bd-e4d6-43a9-aa5b-8f6cecaaf747,6354589.52,90.9,0.331,recurring,11.5,32.0,0
5ed48935-8fae-42e7-ae05-115595d3597d,4135938.48,12.2,0.331,contract,11.8,27.8,1
5f1b9bd7-2c11-461d-85dc-d336abe9cfc1,19256552.27,43.8,0.367,poc,13.7,31.9,1
79d526e1-4338-4d4b-9875-1d5709098254,1870749.16,78.4,0.147,poc,22.9,36.8,1
0e08df18-26c7-4c67-9921-7357ea03cd1e,6007035.5,40.2,0.247,contract,20.4,37.4,1
e30fde46-d408-4891-9ec4-c16bbad96448,2099017.39,39.1,0.285,poc,20.2,29.5,0
c5cca35a-b3d7-4ab1-af8d-ab98caaafc61,4504878.07,50.7,0.259,poc,22.6,51.1,1
0dcee01c-1b72-42dd-bdef-bcb8ea2262d2,5391256.09,63.9,0.337,recurring,3.2,32.5,0
422a5e09-8b19-4225-84ca-b681fb7d2fdc,5920341.73,78.7,0.081,contract,10.0,54.4,1
84723c18-08b2-4e99-8bc8-555cd0c3b3af,7541892.99,56.4,0.202,poc,8.4,6.9,0
b319972e-cad9-4ae0-9cb3-0112c0da637a,2428503.69,58.4,0.254,poc,18.1,39.3,0
d8ef6891-d02b-4794-84df-3b0226165d0f,6393606.73,94.7,0.45,recurring,9.5,16.7,1
13d3fa49-c478-44eb-907d-fbc598e07f1e,13091523.99,88.9,0.308,recurring,8.7,15.4,1
377431c8-dd5c-4a3c-8c16-ca1e99d3c29b,10831124.28,69.1,0.471,contract,14.0,30.3,0
bf2baf60-71cf-4e1c-9954-6157b2724beb,5634898.2,36.4,0.281,poc,25.0,33.9,1
62036207-0d88-4707-868a-fdc7312d390b,8339370.34,77.1,0.172,contract,5.1,46.0,1
4b2360cf-75d2-4ae0-8a8b-4ba250fc2c6d,7499141.3,64.2,0.177,contract,8.5,9.9,1
fd26e5ea-167f-4ca8-8e9a-60f13093f59a,6949295.66,13.8,0.24,poc,20.3,62.3,0
df17522a-fdbb-461f-bd3a-7dacdf3ae16f,7422299.57,66.7,0.326,recurring,0.0,16.6,1
87f4f01d-6192-4751-b080-cf70e3c6802f,3222012.46,25.4,0.179,contract,0.0,38.0,0
5eab4608-2fa6-4f95-8cdf-8150f90532ef,8674723.08,43.1,0.048,poc,8.7,50.6,0
a1a7192e-a25f-4ebd-a25a-6ebdbe9275b5,5856218.12,61.4,0.224,contract,1.3,13.0,0
fa3b0f2e-79ba-4e55-b87f-a116de309aa0,7983048.12,15.1,0.274,poc,22.3,42.9,1
eab51849-08f2-48bd-9a07-b3188f2f2319,4377565.78,32.6,0.387,poc,27.8,19.7,1
fc683dad-1cc0-47de-8ec0-7f7749108a90,4820758.47,28.7,0.218,poc,21.1,18.7,0
fac42b48-35b6-4c9f-a5aa-804c9755a0f6,8848526.15,71.2,0.523,contract,7.7,21.2,1
14a4696a-0ab9-48e8-b290-9ed6c1eefda5,5399942.98,41.0,0.09,poc,22.0,41.8,0
3097db9c-f722-4fce-ba59-17f89bbcaeed,4027043.99,48.5,0.122,contract,1.4,37.0,0
165c9e0f-cb82-4ec5-8cf7-f1ed0605fe01,21904367.37,77.0,0.686,recurring,1.7,22.9,1
5bbae075-fd99-4fcb-81f4-f460cba2689d,2494380.77,75.5,0.398,recurring,0.0,22.4,1
d741b3ec-1a9f-49d2-87e1-a9aba899369d,19138811.57,37.1,0.168,poc,20.7,18.7,1
e97b3203-e4eb-4e38-b836-105e0a6a6b0b,16586758.82,83.9,0.575,contract,21.1,1.0,0
959d68a1-6d2a-48dd-92d2-a8c74fb2024f,4934155.43,26.4,0.14,poc,21.1,40.6,1
f433c149-4336-47a6-9ca2-8ea3e94c755a,2373503.26,46.0,0.158,contract,15.5,32.9,0
1b2d1c79-04af-48ac-833b-23aaa3adc820,2849686.21,62.0,0.403,contract,17.6,22.2,0
19a931bc-a239-47b2-aaff-ba3f67a26f12,6669336.43,32.7,0.504,poc,30.2,32.3,0
85996de1-f845-41c5-96c3-80607fe2b011,4817906.9,87.3,0.472,recurring,0.0,12.8,1
5b9c1810-284c-4d8e-9d68-8472db8d3df7,7999607.18,53.5,0.009,poc,23.3,34.6,1
00f7eb8d-6aeb-455f-96e7-a7de60a9132c,3043803.76,86.6,0.466,recurring,0.0,24.7,1
3622154c-7946-4d2e-b3a1-5ce30daf7d0d,2045980.6,14.3,0.218,poc,6.0,36.4,0
b734fda5-a3ee-4c54-b344-97b209a2a853,7861256.6,73.6,0.505,recurring,0.0,32.6,1
cc0a0d45-8c14-461f-aa7b-3e70e07f37b8,2054887.85,46.2,0.362,poc,19.3,35.7,1
c9e6fd0d-da91-4bbe-a525-59d93258dbad,14733821.53,100.0,0.335,recurring,1.3,19.8,1
059f4a56-9cae-4bf6-96bc-9b0679c05c02,11010505.63,69.6,0.137,contract,6.9,35.2,0
4aae4883-c617-4331-85cd-f2282869aee3,17963076.3,38.9,0.234,poc,20.5,37.4,1
d9d41c48-95af-4876-aa30-be7498f92741,2646897.73,61.7,0.064,contract,20.1,24.8,1
ff848bfa-399d-40a3-8c61-5f3bf7030dd8,2118121.82,51.3,0.364,contract,12.1,25.8,1
a2e6cace-b700-48a7-965d-31a9f654f877,7795913.88,79.1,0.217,recurring,0.0,20.9,0
03ec658b-2b03-490f-a5c5-e165fe65e7bc,9750001.06,58.1,0.205,poc,11.7,10.0,1
1070ee11-799e-4a37-b6ff-8df9ea959419,3359935.0,47.9,0.06,poc,22.3,23.4,0
13698bd0-7180-4492-a3d1-beebc719bdc9,6258140.49,36.3,0.127,poc,28.5,28.2,1
7481d79d-7c86-49e3-9069-0a49abee62cf,11513546.82,85.4,0.419,recurring,13.0,23.3,1
3df91dc1-a2da-4188-8249-ba824eb666c9,4039415.96,30.9,0.628,poc,23.7,44.9,1
a3aff0d6-2d87-46b0-b755-00c564c50b30,4111875.87,70.4,0.581,contract,0.0,21.0,1
d1d7d13a-51e2-4fb3-a7c5-76da6cc741fb,4702545.8,94.9,0.718,recurring,10.7,28.5,1
e579be53-c7df-4c49-aa1d-d81d2a446462,11212846.09,25.6,0.128,poc,11.7,59.4,0
37bca1ef-051f-4f26-9516-2d4238716e1e,10752954.4,84.9,0.354,contract,14.1,32.5,1
f3b66b42-0572-498c-abaf-a61d1347cd15,5290971.25,87.4,0.081,contract,1.5,23.5,1
e6271dd3-b107-454a-acc0-08d198fcfb4e,15040895.85,97.4,0.268,contract,0.0,23.6,1
4e19cfb9-444e-44ae-8bfb-15a1fbcab97e,2988851.96,39.3,0.316,poc,21.6,29.2,1
63dee093-4fd3-4fe0-b071-c22c820841ce,5679277.61,90.4,0.594,recurring,0.0,21.9,1
7530fd61-ecae-4736-9856-4eb27ed08dfa,4804541.81,100.0,0.335,recurring,9.0,13.6,1
bd2a1be7-08e1-4f53-9cc5-f842e03c8985,10283039.59,49.2,0.341,contract,9.1,48.7,1
ac1f9bed-e0b3-4f51-8fa6-a9453e8c7a46,4819334.48,88.8,0.432,recurring,1.8,14.4,1
99add50b-50a7-411f-9add-ea06430170f7,5852124.73,39.0,0.155,poc,23.9,31.0,0
00415a45-8603-49d2-b54a-58fb2b0b08a0,3564802.82,71.9,0.439,recurring,1.9,24.0,1
a48e55bd-5d0f-4358-bbb2-8147d42a32e9,4109288.83,29.9,0.454,contract,0.0,35.0,1
f1e6687b-de8a-487b-927e-5ba7107f3085,3822308.6,59.6,0.376,recurring,2.4,29.2,1
9f78ebef-73e3-4223-8d3c-80915692fd62,500000.0,88.3,0.371,recurring,5.1,31.8,1
bc7647c4-0b5e-4083-b2c5-75d7b11a8cbc,15745692.13,47.9,0.203,poc,24.6,32.7,0
03e1d9ce-a443-41d4-9413-6abcdfc4848d,10627666.26,79.1,0.143,contract,20.0,18.6,1
b793727a-dda0-4b3a-a19d-0f8f45309331,26254101.05,43.4,0.632,contract,6.0,31.7,1
68b0ed8d-d67d-48f2-a587-3b481d21243d,4257713.25,60.1,0.364,recurring,5.1,28.1,1
b81dc224-5164-4fef-809d-fa51b4ff17a6,3016624.86,58.0,0.051,poc,16.2,7.9,1
434712d8-cacc-4a69-bdc9-69f00ff563de,3186249.38,72.0,0.29,recurring,3.4,24.1,0
7b1262bb-7322-4f6c-96c7-5fa34a1aa09b,17862436.13,97.1,0.481,recurring,1.1,19.2,1
697ca5b1-4c9d-42e1-92fb-40ef56968b89,6512924.5,55.3,0.146,contract,11.4,19.2,1
d3e6f09b-9b10-4bef-8765-c5b881a7c8a2,28753910.8,21.3,0.467,contract,17.0,24.2,0
24a29266-65c6-42db-b290-04430693ee43,7892463.44,70.8,0.172,poc,18.0,47.4,1
934bdbaf-b350-49e9-8427-a1596c4a3082,3305242.78,54.4,0.067,contract,20.0,37.8,0
a1a830b5-eaab-4aba-8cd0-d47e8a5aa715,4943211.43,53.6,0.211,poc,5.1,43.3,1
63493c08-d6c3-4316-bb7e-8d732aeea2bf,23494331.42,83.4,0.389,contract,6.7,35.0,0
d811a547-8255-45b9-b987-80a82c506ca4,2950683.36,82.1,0.088,contract,8.3,27.1,1
5fdab896-43b2-459b-bc3f-c162945c98b1,1928331.29,44.8,0.204,contract,11.1,27.8,0
723260c2-abc1-439c-8d0f-481e667f04e1,7430829.0,29.4,0.147,poc,26.5,31.5,1
865e198e-fd90-47e9-88c8-2ff8bafc228c,2750324.22,93.1,0.51,recurring,2.6,19.7,0
d27e41b8-4f8d-4d63-a255-473a85fec280,21439946.66,53.9,0.291,recurring,1.9,36.6,1
8699a08f-f1da-484e-88e2-b540b1d4faaf,13811014.52,91.8,0.908,recurring,2.3,10.2,1
178569e4-6641-48f0-934f-82da5e5ed1d9,9057302.05,75.5,0.925,recurring,19.8,16.8,0
48164eef-6c68-4a89-92e0-e66fad73281e,2816453.46,58.3,0.264,contract,6.3,30.4,1
6a714690-2781-47ca-b5f8-839b1c47bfc4,3723900.95,100.0,0.642,recurring,0.0,11.9,1
ceb67abc-81fe-4ce6-b724-a3e0fd8ddc27,6292016.18,64.2,0.388,contract,16.6,8.3,1
80aa9da8-f47e-45ab-a462-ef70fd49c22b,1989960.45,79.5,0.214,contract,21.3,29.1,0
0f8c5cf7-15f2-4b9e-8852-65f99c47175e,7875066.5,63.2,0.398,contract,17.2,29.3,1
52d296e6-778c-4f78-b5d8-83704cd79c08,5339444.63,86.9,0.146,contract,3.4,15.2,0
fa9b746a-cc3e-4ffd-8456-7413c2999ef6,5006456.2,61.8,0.523,recurring,9.7,31.3,1
663839f8-a8ab-4b3c-beec-bc8f4b8d5b10,4402682.8,60.7,0.13,poc,16.2,23.1,1
d559157b-9e0b-4bd5-bdb0-ea840d0afefc,11809250.38,28.8,0.264,poc,27.4,22.8,1
7aec224e-cfe5-4b95-ae43-f1e73bc47a5a,10567813.1,47.7,0.059,contract,11.3,42.5,0
bb826b9a-4ccb-470e-813e-37d1e734d95c,4918342.5,40.9,0.561,poc,16.5,25.7,1
bc2c27e2-65ff-4240-b0da-a8af47e5c02f,10022704.14,67.1,0.306,recurring,3.0,19.3,0
37ff9f94-614c-4ddf-a6cb-b1a29a664572,1533669.51,55.3,0.223,poc,14.3,26.4,1
85c1ef10-c005-498c-876e-fb09baf1a6b1,1522355.66,23.8,0.322,poc,34.9,38.7,1
dfc2acb4-48b4-4f75-9346-717da21716e3,6665869.02,54.5,0.304,poc,20.2,45.3,1
d513d638-57c3-43d2-b744-5c23f3b7893e,2601513.54,57.2,0.319,poc,13.3,23.0,0
440f79e0-2319-4246-aa0f-b4bd2c68c2e2,4241927.82,58.5,0.014,poc,18.1,37.9,0
4794fd5b-3632-4b77-b896-4b71bdb2b53b,3974660.17,31.0,0.101,poc,21.8,60.0,1
220abdc0-845d-49fa-9574-7ebd50a5044f,5618394.4,100.0,0.441,recurring,10.9,6.1,1
61fd7347-6d93-4e94-a6e6-126c8ff9d4b2,5488381.86,68.1,0.543,recurring,6.1,16.0,1
9d7eed16-532c-46fa-83c6-e27e19f17a7e,3169046.94,60.3,0.445,recurring,0.0,19.8,1
0e62c261-ee60-461f-9572-5a7da4cf2127,4653735.41,27.3,0.204,poc,19.8,36.8,1
cfda344c-dca8-4662-b311-779210babf9b,2811746.63,93.3,0.502,recurring,9.4,26.8,1
b5fabd60-128c-42d9-9588-56213961a145,6628367.37,100.0,0.403,recurring,10.4,27.1,1
d51bac50-0434-4f30-bd35-a928a610c680,6629141.97,33.1,0.286,poc,7.8,39.5,0
03d56ad0-8d84-4e86-b582-b89c2ce03582,19050374.87,81.9,0.39,recurring,0.0,34.5,1
86c371ce-db41-4f34-a40b-9c7560633ebb,35860608.14,49.7,0.086,contract,10.1,32.1,1
bf52c774-df21-44f8-b64b-6095d6e55991,8142895.2,52.9,0.151,contract,6.3,34.5,1
82aa8d6d-ab43-4fe2-bacc-1bec5e19a46b,4183846.33,69.4,0.566,recurring,13.6,11.3,1
9fa78393-de5c-4e0e-b002-9ee450a3fd0b,13062708.84,33.3,0.283,poc,13.9,41.1,0
fc67f337-8e8f-42d4-a87d-af71e1857a47,3323766.37,83.3,0.607,recurring,6.7,50.2,1
a5130a7f-9f38-43f4-aaf8-4f4a0cdd2898,4450853.8,25.3,0.393,poc,28.3,16.6,0
9e9a4f34-f942-44ce-aa04-5b6db4cf4178,3259540.89,72.4,0.687,contract,12.4,17.6,0
463304f9-9f92-446d-9682-f6eaed819f7a,9656892.08,60.0,0.377,contract,8.8,21.7,1
61824cb3-08e4-4e4a-8ea5-5b06175253ee,10913215.61,70.7,0.476,contract,0.0,12.4,1
9cc3c0f5-de73-47b9-b159-837d65a82a6c,15140435.24,89.7,0.468,recurring,1.9,20.7,1
af1a0b9c-c8b3-44f3-a9ef-f97e34ee2a84,21036483.77,71.5,0.462,contract,15.6,25.6,1
aaa89b66-174b-46ee-a6d0-2183d2544334,4852531.03,34.7,0.418,poc,24.8,41.7,0
6325e31b-1929-4f2b-ad7f-d0e5959c4063,9601588.14,60.6,0.305,contract,3.2,30.5,1
ac13256d-b356-4c7b-a5b6-4ed21151f40e,8017732.32,69.2,0.155,poc,36.3,25.7,0
3e489c1c-f8d6-428a-a248-492aceab329b,10911233.35,32.0,0.276,poc,34.2,28.5,1
098f7256-35ea-4a3f-8908-0c693410e587,5790873.48,59.5,0.446,contract,4.9,38.3,1
69cc1a16-9f98-40ea-a408-5261df027b58,8170201.63,56.4,0.412,contract,9.4,33.0,0
59c0f94d-5354-4c2c-85cc-0af172224ac5,10554703.82,81.3,0.291,contract,8.6,20.5,1
effe6534-637a-4f9d-8cc1-070174719a71,3759572.81,65.4,0.532,contract,21.4,37.6,1
fa210d16-a2ad-4176-847f-60d73eab1c63,5193331.82,75.2,0.563,recurring,11.7,28.7,1
878f1329-c3b1-43cd-a18d-f3f4b8ddb29a,6157650.05,57.8,0.092,poc,27.0,37.4,0
75e91d87-0f4b-4177-9680-3f5ad63159ae,6151454.85,43.5,0.296,poc,18.4,27.2,1
5f735d50-623f-4806-b981-ab512527471b,5592206.97,26.8,0.475,poc,18.0,21.0,0
75fe5c0d-6467-4e5d-9c1e-bd71dec58f3d,3628103.47,51.5,0.121,contract,18.6,30.8,1
6076895c-4fc1-4df7-a3e5-cacd04c53b01,6562449.61,100.0,0.661,recurring,16.4,27.7,1
53f3ecbe-c0e3-4930-90ee-1e00dad63539,3709130.51,72.7,0.647,contract,3.7,17.5,1
4edec14a-2a1d-456a-8b49-33bebe17e600,11797937.82,72.0,0.283,contract,8.7,20.8,1
0997968e-d395-46be-bd59-87b1aab071f9,2382265.6,39.7,0.127,poc,21.9,31.2,1
5b8d88bb-d59b-4960-aea2-68ab4df37aea,4047317.75,31.0,0.5,poc,25.6,27.3,0
74fd0ac6-96ac-4e39-9f4e-993f1407724d,6362834.6,64.4,0.413,recurring,7.5,39.8,1
4e05f2ad-90e7-47f7-a523-d25c5d79cbb9,179388546.53,51.3,0.26,poc,12.5,43.1,1
650613e2-10ae-4526-9c26-cfce3ef35655,3193527.17,91.0,0.632,recurring,2.3,7.6,1
07161ce0-d000-4943-bd84-ab249a04d32a,5283378.38,59.6,0.271,recurring,0.0,37.9,1
8dd0a842-8e59-4d41-b6c2-fbed66475a34,5215189.45,48.6,0.413,poc,36.7,2.4,1
82888e1e-2704-46f5-9285-ba4d855393d2,7588390.34,100.0,0.24,recurring,0.0,25.1,0
8724473f-9cf8-49ae-9b52-15aa3d51cd3d,9473019.88,49.4,0.265,contract,0.0,34.4,1
af2b3238-b7d5-4c69-9762-767a49fb1dd7,5280599.91,35.7,0.101,poc,6.7,35.7,0
cda2586c-bbc0-4e5d-91c9-5585a67dff9e,2791582.33,31.9,0.139,poc,29.6,48.5,1
ae9092ce-df20-4f25-a7ab-125445c943f0,6053731.34,58.7,0.12,contract,22.4,28.5,1
575d868d-70c3-4295-94eb-30f6630098a7,5715106.86,62.5,0.517,recurring,0.9,37.4,0
d37e2ba3-a951-47f6-aca0-035e2f2ba903,3880799.86,39.1,0.293,poc,18.7,37.0,1
6509d26a-1cc0-4fc7-86ee-a3dd3b4566b5,8554093.67,77.2,0.323,contract,13.9,30.2,1
660fa032-c98c-4b56-866b-12b8f9d4ec04,5102765.33,62.1,0.476,contract,6.6,24.6,0
66489774-32a8-40f1-93bc-75d9e2a3f9fe,8693440.02,58.0,0.458,poc,10.0,14.0,1
1d7187b2-b736-4492-af8c-fdd45c4d0a60,5666293.67,30.8,0.128,poc,6.1,45.6,1
b107f981-8814-4aa9-98a4-2a89c95bb7de,3423999.23,62.2,0.45,contract,8.0,30.8,0
a5e35099-a812-466d-936c-01c00e8d324b,5697194.66,78.3,0.514,contract,13.7,12.9,1
0d6f92a7-62ec-45b2-980d-7c2d8534e33e,38281794.75,37.8,0.113,contract,0.0,44.6,1
77a18204-9e0f-42bd-b7b2-b2b932c9a663,17082062.59,65.1,0.365,contract,0.9,46.9,1
b111ecc3-15cc-46f1-88a6-42e067b7b73e,14749977.46,56.1,0.264,contract,16.5,42.9,0
6ce03063-69ca-486c-94be-82c5c3dec9a5,3822293.13,56.8,0.27,contract,7.1,39.6,1
54cfcfe0-76cf-4529-93d8-2d0aefbaa24d,5650969.7,39.9,0.363,poc,11.9,38.2,1
4da2a79f-9f7e-4727-a68e-09e278dde99f,5012972.55,69.9,0.547,recurring,0.0,24.9,1
f6eac998-c0ff-481c-9bb2-704d5b1014b4,5236813.55,53.8,0.098,poc,13.7,48.7,1
482faaa4-e61e-4ae8-adf1-c46402d32680,3231892.1,85.7,0.315,contract,19.1,39.0,0
799a6247-4b5f-4d02-aed5-6e917fa07c2f,23288594.62,58.1,0.5,poc,19.0,25.2,0
efb35aa6-5554-472f-b2a2-09af329165a8,14379770.95,70.4,0.446,recurring,0.0,27.5,0
b38b2691-8b1a-4336-a4cc-b905d2dcfe5a,9911778.39,57.4,0.546,poc,25.9,36.8,1
37852bdd-372b-494b-992e-b3287f16eb5c,9689890.76,78.7,0.235,contract,13.9,46.1,1
cd524338-b43b-4b6f-b301-f9b5d793cf16,3337217.81,35.2,0.433,contract,5.7,31.5,1
8ef68e54-1df2-430f-adb0-985b5061b940,2372085.71,89.0,0.359,contract,0.0,33.7,1
900a54c2-2113-47e2-9471-0b7eb5ab4256,3900439.56,74.9,0.23,contract,13.1,23.9,0
4974ef17-c8e3-4cfa-9a81-d3fb7937c4f7,3727478.21,53.5,0.292,contract,10.8,22.4,1
30ddc0bd-16e6-4391-a3a0-0723204b8bee,11875387.82,87.8,0.191,recurring,0.9,12.2,1
dfe7dd65-cdaa-4509-b181-2361ec744718,1310634.67,49.4,0.603,poc,20.4,33.4,1
2d7d82ef-5adf-405c-8c8b-e2e95f3c1498,1674257.15,100.0,0.551,recurring,6.8,25.2,1
701110f5-a336-43b2-9a49-64b502fd6460,12166076.76,16.9,0.33,poc,30.9,30.5,0
4908ac61-4260-494c-afb5-15f9d6d0f053,4046580.24,50.5,0.473,contract,18.5,21.6,1
8b40417c-d9df-4d29-8be8-db7fd3252157,9436338.98,79.1,0.13,contract,4.1,26.7,1
6e9cab50-e7b0-44d1-8383-512179b8be55,8960673.8,84.5,0.447,recurring,0.0,19.3,1
4183368d-230d-48d4-8b58-da65c71dd288,10482132.61,36.1,0.635,poc,23.4,31.9,1
3c118d9c-a7cf-4516-ab8a-d487f5876291,3276441.73,63.1,0.569,contract,18.2,15.4,0
36975bf9-326b-45de-a424-0f3e2a358653,2780859.98,68.6,0.487,contract,11.1,17.2,0
0e4205f3-cc7a-4657-a2f4-e3561bddb871,17377730.66,70.6,0.452,recurring,0.0,8.9,1
914de092-b884-4754-b6af-4232d21170e5,4751477.08,44.9,0.14,poc,25.2,18.0,1
4bb96058-b01b-43f2-a7e0-320fa5bd2769,7701963.33,31.9,0.42,poc,24.5,30.2,1
3a4b6acb-a0c0-4619-9e68-0c490b0c5960,11831326.48,71.6,0.38,recurring,0.0,28.5,1
a4bd1dcb-8ca9-4b3a-bf55-381752302ecf,4481589.71,71.8,0.02,contract,3.5,29.7,1
70dc03a8-768e-4777-9241-16bd2be901c6,3687131.82,78.1,0.204,contract,11.7,38.4,1
99062df8-8231-4797-be40-4e655ca7bfba,6918884.03,70.5,0.245,contract,10.4,37.2,0
7be2e19a-1230-479d-8307-fb3fcea255b0,20973562.68,29.2,0.099,poc,30.3,33.6,1
1cc578af-a823-448a-9726-541305ad7dc3,6376003.79,72.2,0.283,recurring,12.5,10.8,0
043b8c2a-24f2-4553-b6d4-98574dbd1a5e,24925441.86,54.3,0.172,contract,6.1,20.6,1
52770c17-ddad-4c80-9aea-e958b1c7f250,8351737.27,41.4,0.307,poc,5.8,19.2,0
2db142bd-9f4d-4d1c-bf8a-39a4a42eaecf,4857839.38,99.1,0.252,recurring,0.0,26.0,1
f5c48dc2-fe03-4d11-b32e-bf4866e94136,5263533.56,7.8,0.068,poc,19.5,49.9,1
ea445618-63a4-4437-a0a1-dc8612705cc0,992134.57,70.0,0.265,contract,11.7,29.2,1
7220ecb6-cb7a-44de-93fc-e4717bef1870,10501142.15,14.1,0.117,contract,23.8,48.8,0
37421fa0-eb77-4c8f-b95b-82a717a5d26a,19890839.47,53.5,0.574,contract,4.9,20.4,1
f7c1e9a8-e400-420b-bcfc-77457e529ff2,6723362.44,45.1,0.562,poc,17.0,38.4,1
2b5c2a43-ca0d-46f8-bd06-92c24bdf74d7,2629995.14,43.6,0.396,poc,23.1,28.8,1
9fbed5ac-76c8-4ea0-a43e-f8299c62339a,2990283.85,47.0,0.446,contract,21.6,19.9,0
82c43574-a841-4085-ae82-f9d4d28e84aa,4593428.74,93.0,0.337,contract,10.1,29.6,1
2ac8e2e7-aa81-48b7-a657-ac1cce7a1cb8,3375314.79,53.1,0.451,poc,18.2,21.6,0
91612dd0-6b83-45c6-800f-84972af3d7ef,2756813.74,72.2,0.254,contract,16.4,24.6,1
d6edac8f-ad6b-4670-9b9c-8f16f5954277,3482793.33,68.9,0.224,contract,23.2,28.3,1
e54c42cc-e93b-41e3-a32a-32a923d5e651,2740807.3,53.8,0.255,contract,12.3,8.5,0
26d586d7-c8aa-4413-b271-5ec8ea8ae8af,3477174.75,27.6,0.534,poc,24.8,41.2,1
befa5e22-e2e3-4f31-8dd6-b8f96d58891f,2820719.69,59.7,0.16,contract,13.2,8.4,1
2299f99a-29f5-4883-85c3-9813d1afdbca,1535499.17,68.3,0.351,contract,11.3,32.9,0
3da901b9-aab4-4e29-8b31-511dd740be81,2657989.12,66.5,0.632,contract,15.7,27.3,1
8395fc3b-6ba9-4b5a-96af-c828389e5d2a,5810090.81,72.4,0.279,contract,19.3,29.3,1
b93ce087-1861-4ba9-86a9-589f791810d6,11974199.65,74.4,0.121,contract,13.2,30.9,1
785751d4-dec5-4835-a23a-2ba4d999cf59,6114252.9,94.8,0.712,recurring,0.0,24.0,1
605e13c4-16b5-4ffc-9f9b-5c372a88991c,7317845.94,44.8,0.206,contract,17.8,37.0,1
f98e85e8-e5ab-4fd3-8519-a4818f45b94a,15869170.04,94.6,0.272,recurring,9.1,32.5,1
935d39dd-f5ea-4c17-a3f4-d074d3922912,2474144.62,81.9,0.419,recurring,15.6,15.8,1
847b959c-f275-4289-8649-115a896026ec,2450073.99,81.6,0.291,recurring,0.0,28.3,0
0d3bcd1b-5b26-4150-a616-addca05b7226,11268867.26,72.4,0.048,contract,0.2,10.5,0
7c8a89f3-5cda-4641-ab92-b2ace9d52901,4624506.67,47.5,0.613,poc,22.7,48.6,0
cc424f42-a4dc-46e8-8c60-37b9f64f2ffc,5997411.15,46.7,0.203,poc,13.8,14.6,1
2322291f-a1cf-4991-b202-fbb3285fa012,9257145.41,53.4,0.139,poc,32.1,17.7,1
a2d5a10b-e11a-49c8-ad08-4eaf34def1ea,14974175.31,86.0,0.271,contract,12.6,19.5,1
1c6ad25f-20d2-4715-918d-7e864b157fe7,7571249.34,59.4,0.251,contract,15.6,12.2,0
e3ba3afa-57f0-4b46-8f44-73aedbc9e59f,8720549.13,53.8,0.489,contract,15.1,23.5,1
99db3260-a0c4-4dc2-8d6c-ee31c104cc13,3102981.5,67.5,0.546,contract,9.5,39.1,1
887a529f-2862-46c3-af87-2fbe8ff2b962,2480756.23,49.9,0.468,contract,21.0,47.6,1
f7b4cbf6-5e70-4862-bcc6-276980d01e0d,6849860.71,79.4,0.58,contract,23.1,26.5,0
43ec6fd7-78d4-426f-b732-fd66904ff05b,4637532.02,50.4,0.349,contract,16.2,41.8,1
9f044379-7f3c-48b3-bde4-2dff024445ed,6236374.47,66.6,0.529,contract,16.6,14.4,1
6e15a4d8-ea26-4c1f-b006-c0b4aeb7724d,5275887.03,78.1,0.512,recurring,9.6,29.7,0
d3b50bee-7138-4f2c-abcd-088c79465e6d,1844007.87,52.4,0.149,contract,20.1,37.4,1
7a62c231-1fc2-4dd1-b4ac-847f47c5b427,5142986.54,70.5,0.265,contract,6.2,32.1,1
b56f2d14-39d9-4d8f-82f7-3df86dc3f21b,3193355.28,100.0,0.577,recurring,0.0,25.7,1
37eab0ae-f3f6-445d-8f5d-f695c8b09731,11404623.84,44.7,0.215,poc,30.0,54.5,0
4853763a-c014-42f6-bc4c-9156d4becf4a,7233153.35,88.5,0.319,recurring,0.4,22.7,1
cf7a55ee-0a60-48c5-8283-2d458f24b86f,9080378.93,78.8,0.173,contract,27.1,33.6,1
edf12512-58e9-423f-bef0-211a19bdc90c,2700478.9,48.8,0.281,poc,25.4,39.7,1
ecd7d2d2-156b-47ec-98ac-fd5db75f941a,1929457.28,13.5,0.1,poc,20.6,35.9,0
a7319907-3592-47c6-be16-5650ce51142a,3202259.0,56.9,0.445,contract,12.0,23.2,1
2eceebcc-94e1-4a53-ab84-c1a267120072,7260001.03,57.5,0.2,contract,5.8,24.1,0
977e57ea-8b49-4e54-9592-3cd774f0db76,5260055.9,33.3,0.186,poc,35.2,46.9,0
f473c816-fc51-4c21-89f2-fd604c3ad48d,17311394.7,69.8,0.212,contract,9.9,36.8,0
e11cdc9b-dfdd-42a4-afa3-cf27038ef0db,4413836.06,33.5,0.462,poc,28.6,52.0,0
47adfe55-7cd3-447f-8e4c-b010c88ca722,16087809.5,81.4,0.199,recurring,4.0,6.3,1
bc668be8-2d49-48d7-b040-dc0b2d152afd,4275642.49,41.8,0.122,poc,19.0,29.9,1
249c5568-eb30-404c-9dec-2c6a70a63f92,2216486.92,33.3,0.085,poc,12.3,20.8,1
5c9e1475-d1e7-46d2-a041-6531d2e5caef,1241742.95,41.1,0.397,poc,30.2,19.5,0
0fc5ba29-d31a-48f3-80e2-46f4d9fa2da0,5971787.64,77.3,0.355,contract,0.0,10.1,0
421453e8-d14d-4ce1-a272-61228fcdfe65,4205048.87,66.5,0.451,contract,0.0,1.4,1
8818a4b5-a9a6-44ec-beaa-df6725e5a01a,5603111.24,41.3,0.316,poc,26.9,32.3,1
f1451080-f8d7-4cea-b51c-daf4fdfd248f,14275775.61,53.5,0.306,poc,22.3,22.3,1
cb5042fe-3556-49ce-bb5f-d076a7ac4ea3,2512435.53,63.1,0.312,contract,3.0,47.7,1
e200ca03-3720-4d5d-803d-ea9ad6ce44e1,5809182.79,89.9,0.375,recurring,23.6,30.1,1
059a8012-224b-4595-ab8e-7163788ec2f7,3646382.69,75.1,0.326,contract,9.1,34.6,1
26b243b1-bc9e-4db6-8142-4cf78c7be457,16346723.09,53.2,0.116,contract,14.8,39.0,1
569ec6a0-685a-41c0-8039-a94e5c68894d,7710389.16,41.4,0.499,poc,6.9,43.9,1
3902b336-988b-4b22-b6d2-cb4dc9683a80,4061762.55,100.0,0.322,recurring,3.5,44.9,1
a7935984-3c6a-411d-be9a-558a25e760c4,2590192.05,22.0,0.557,poc,30.2,33.7,0
6a6ff4e5-0303-4166-8e2d-c9ccd29ba3da,8286431.79,78.9,0.349,contract,9.8,7.1,1
63ecb570-7190-4040-a97e-2bc1666ea1ca,1980766.86,56.1,0.895,poc,15.2,19.0,1
6cd32634-a779-42bc-a8f3-a77ef6304efc,5199599.2,63.8,0.331,contract,0.0,22.7,1
6569ad8f-5e17-4fc6-b1b8-2c2a8391cac0,2792588.06,53.8,0.13,contract,0.0,42.8,0
e003fabc-bb92-4e66-9ca7-3968eb1d0ec1,1717338.6,67.7,0.148,contract,2.3,28.4,0
fa004148-c1a2-4b16-9108-abf31db0b745,1790564.77,87.6,0.118,contract,0.0,19.3,0
241bd980-fe93-41e8-a0e2-d87b03a1af1a,1973881.83,49.5,0.261,contract,14.7,18.2,0
3b07a0c3-234e-4cda-b090-fa95267d7b63,18365314.32,96.6,0.498,recurring,0.0,8.9,1
832b9a25-6fef-4df3-af52-3f9737082c77,5666490.18,90.1,0.315,recurring,6.6,27.9,1
8e6ded28-0e8c-423a-bc0c-0659e94d2084,4102808.72,65.9,0.835,recurring,0.0,14.4,1
84741b53-63a1-4f75-b886-b7e6008dc7bc,9135353.02,83.5,0.54,recurring,7.0,26.5,1
d377c6c8-ac77-4bd1-91a2-c5f7bd8c54bc,5363935.2,81.9,0.163,contract,10.1,32.6,1
cce69d2e-0ae1-4af7-98a9-1099438b2425,5754821.52,94.2,0.236,contract,0.4,11.5,1
3942437a-c00d-4109-8b74-31c78543b95e,5192383.88,51.0,0.305,contract,9.2,32.3,1
715c2a47-3d99-4986-aeac-bdbfc52807df,4539825.58,0.2,0.242,poc,13.1,37.3,1
6353a1eb-c3b7-4960-8d85-89c35e7a10f6,1813835.8,24.5,0.277,poc,30.3,38.3,1
689bf5f4-d31a-4ddc-9097-547cfa93bfbd,2579025.97,29.8,0.058,contract,8.6,34.6,0
172adc59-83c8-436f-bf6f-d6fc88a7f082,6290528.64,57.4,0.073,contract,15.3,28.6,1
986576d0-249d-4aaf-8d4d-14def2a91451,3476285.36,75.3,0.36,contract,5.1,29.4,1
125493c5-d69e-441e-9aa5-e38f7a8fd6ce,3993100.24,54.0,0.341,poc,13.8,44.1,0
86daa121-7a2b-4de0-a139-b6000ecf7355,1976846.26,72.9,0.458,recurring,0.0,19.2,1
2ae20e40-f91a-4cea-8c19-6f7cffe023fd,5560680.22,96.2,0.142,contract,13.4,14.1,1
bf60a841-e7d5-4d27-9936-a49b35b432fa,2711277.8,79.1,0.781,recurring,8.2,16.0,0
93b78aa1-4f79-4788-a7f3-3ca47d541267,16646054.38,100.0,0.522,recurring,0.0,26.4,1
e5128580-460e-4c83-bf3d-7cfab53c3bed,3125909.98,75.5,0.273,contract,9.2,25.3,1
95fc6cde-d379-49ed-987b-772b007c3935,11056503.04,51.1,0.759,poc,20.6,31.0,1
6e4a9b2b-dcf2-46dd-9c62-a1b14bc7f4e4,4422647.04,99.4,0.463,recurring,7.6,23.7,0
b9d309cd-35b8-4995-bc5d-97d584f52fc9,3766060.8,100.0,0.323,recurring,3.9,25.9,1
4055f392-378d-4f87-befc-4d2b3dee227a,6468061.79,38.8,0.32,contract,13.5,19.1,1
188d0b52-c6f3-48f9-9c0a-fc2ed69053f3,5138166.99,64.1,0.49,contract,15.8,13.5,0
878d9576-036a-4505-a5e2-9fff5a91da5e,6985017.31,87.5,0.355,recurring,6.7,12.9,1
0e405cc0-27bf-4236-99d1-a46a4b6fc445,12452945.03,60.0,0.551,contract,12.8,19.0,1
51595900-c910-4c12-b476-b6377b2edf2c,5388601.67,59.8,0.682,contract,16.8,32.9,1
0c472d90-098c-4768-b7bd-93876e58d6ab,11244802.04,70.2,0.23,contract,29.1,16.6,1
a4a630c7-0127-42df-9fd3-e8bf9652496c,4663075.56,48.8,0.222,contract,13.2,42.7,1
03f1ba2c-e5e4-46d2-9630-21cfff0165e5,3580519.53,56.8,0.27,contract,19.5,35.5,1
88b85abb-1a4c-422a-9a1c-5b8b5e6b6cd9,3077072.71,77.9,0.384,contract,0.0,15.6,1
c11d70d9-e330-47ba-b176-10600286881d,3741458.46,98.6,0.467,recurring,16.2,32.3,1
9e2f099a-0218-478b-bf91-c688b2107f63,8697661.91,87.6,0.283,contract,6.5,24.7,1
de9e9aad-9128-41d9-bf54-a1196563a1aa,3555616.51,36.1,0.242,poc,8.2,20.7,1
c6df7f00-a942-42bd-8551-4987286f8f18,10002866.5,99.7,0.539,recurring,14.5,9.5,1
4930d314-8568-48d2-ab09-b6f0f874c88a,5503021.21,82.9,0.273,recurring,0.0,18.5,1
cba4f3b4-4756-4660-b050-13728151447e,3946769.08,52.3,0.175,contract,22.1,29.2,1
b1dff91c-1993-4472-b2bf-e98540e49034,5319805.06,100.0,0.41,recurring,0.0,12.8,1
a14d1b43-fbb6-4d0b-ad64-b2b259d38e8e,8430880.57,100.0,0.764,recurring,0.0,18.8,0
cd040ad2-250c-4987-b3a3-d4d640b1d91c,4860615.81,46.7,0.109,poc,26.5,36.7,1
8f096351-fd95-4950-8291-5282d2c9132d,10628316.61,98.3,0.385,recurring,3.1,18.4,1
6a60a9f9-31a9-483b-9a3e-d61b2db56d8a,6375485.43,33.6,0.211,poc,18.0,25.0,1
535396b4-db9c-4b3d-bde8-2325311edf50,4760409.8,57.4,0.076,contract,1.6,48.2,1
8ffed2f9-0c68-429a-ae6b-3379d3c013fe,10761524.63,69.2,0.483,recurring,9.9,22.7,1
2f3e31d5-cc96-405f-a273-ee6ac21a80eb,7631545.31,88.4,0.077,contract,12.2,25.9,0
b1051648-d601-49f4-9606-ff7a52d706b6,4372936.05,33.8,0.356,poc,13.0,27.2,0
128922c8-be19-41c1-aa61-4ba258a20579,14192888.78,46.3,0.28,poc,24.3,28.0,1
33937b26-704a-412d-acce-c7c613d7d694,10115628.94,55.9,0.306,contract,14.7,42.3,0
81fbbb56-f97c-4fa1-a0f9-34d0d1a881d9,1684204.55,54.1,0.736,poc,23.7,22.5,1
45ac44fa-cfba-4f31-9551-be29857c563e,2605494.99,91.9,0.125,contract,0.0,10.6,1
566c96e6-4ba0-4f26-926f-94fc44b596b9,2988773.97,0.0,0.467,poc,11.3,33.5,1
9d648c47-e04e-4497-92ed-aaca66b5770f,2946966.38,38.3,0.415,poc,24.2,40.6,1
99d63a3d-913c-4f5a-90b9-907e253d52fc,17751193.21,53.0,0.152,contract,22.5,40.0,1
a79206e9-8469-42af-8bd2-098d5c3c28b5,5596429.5,43.3,0.14,poc,20.0,21.6,1
36314344-6709-4eb9-be92-d5ad57ebf568,4426616.45,31.1,0.054,poc,17.6,29.5,1
7c9ff5d8-1744-41d9-a0ba-8b22ebbb199a,16499727.41,47.9,0.202,contract,9.6,28.7,1
d6981028-ba73-4f0e-b033-bf057290f3d1,3825346.45,39.7,0.259,poc,11.1,28.9,1
fc2c060c-0a44-4733-b9c8-53e84d8ee196,2567794.16,87.7,0.311,recurring,15.5,19.9,1
8d9af279-2e75-4f23-916b-1f01229450da,5251299.76,75.9,0.168,contract,17.9,34.0,0
87ff1a7e-9629-43e9-adbb-7bf761d21e6b,6753376.25,69.6,0.16,contract,20.2,28.5,0
fa2b4587-5445-457e-9cc1-9540cbf99d7d,3602418.0,71.6,0.369,contract,5.1,37.7,1
3782c4bb-fef3-4937-9205-3213bb97f619,6893483.09,66.0,0.079,contract,0.4,36.1,0
66a0c789-e7f1-4d12-8711-a299da4ee2ae,6434675.82,47.8,0.209,poc,18.1,31.1,1
5309aa4d-8386-486d-96e7-f0e01eccde79,16889759.07,74.0,0.429,contract,7.9,26.3,1
2a26aefb-c296-458e-ab72-dc2bbfb3141c,8971823.34,54.1,0.044,poc,19.1,35.3,0
e1fe4c7d-fa26-4a2a-950a-7620533a63a9,3677347.15,32.9,0.215,poc,16.5,20.3,0
83e1763f-e25e-4ad6-8df7-3fca6696a98e,9929950.41,63.0,0.092,contract,11.4,40.8,1
31b663ef-836b-469e-93b8-ad75346083bd,6612953.79,64.2,0.331,recurring,0.0,38.5,1
b606c428-024b-45f9-9ea1-0ce26e855cd9,4349802.77,65.9,0.275,contract,19.6,25.0,1
8f1d1cd2-0c18-4997-b3bd-b83bcc75c99f,12843019.27,69.2,0.093,contract,16.3,38.2,1
1e4eec13-8691-4167-9931-17ab97acbdf5,5331911.91,52.2,0.23,poc,2.2,41.5,0
f2d55078-f29b-4efa-8b5c-838723b31220,4273579.37,79.5,0.642,recurring,6.3,36.2,1
b5346ee5-b780-415a-8efb-769df1d2a7e7,6186187.37,58.3,0.161,contract,5.2,33.3,1
f858d14a-5bf2-4887-a16e-46b6d18f6bcf,2153047.42,75.7,0.26,contract,22.1,21.9,1
cf3f0c0b-fb6c-45d9-8acf-c0954de9a637,3760383.67,77.2,0.313,recurring,0.0,1.0,1
e3ebdd37-28d6-404a-8600-ed38be91bed3,1222308.68,69.7,0.5,contract,3.0,30.1,1
389c5fa9-6751-4c44-a95c-685ccf8d153c,582811.13,55.4,0.377,poc,7.8,30.2,1
ddca2e71-4958-4552-8e37-3c33e8d2468d,7456260.46,75.4,0.402,contract,19.6,26.4,1
1d417e55-4732-4746-ae8a-f9d4e555842f,4492581.49,82.4,0.367,contract,8.3,21.2,1
4d0d251c-c058-4fe3-a569-edb31e0df360,5104425.25,77.6,0.389,contract,10.7,29.7,1
2e93d199-8e1b-41a7-9e7a-06fca7044575,2719297.81,9.8,0.126,poc,6.9,32.6,1
394483be-7d56-439f-bf5a-023688ae9ba7,2605112.68,51.7,0.259,contract,10.4,44.3,0
60f95e9a-0599-45f2-bb76-5979437caa28,4846674.56,88.4,0.309,recurring,13.7,25.0,1
d438cf24-b73d-4d7d-bfbc-d895fb49dff1,3804764.37,62.2,0.078,contract,0.0,28.3,1
56e5a92f-6203-4047-81fb-33a8cea61579,2558069.92,90.7,0.267,contract,3.0,17.6,1
184fc459-73e2-40c8-8cbe-63435c7ac8f3,13419740.29,100.0,0.544,recurring,7.6,22.2,1
9464ad9a-bf0b-460a-9e84-c3163547d6a1,6800028.57,41.7,0.166,poc,19.7,31.1,1
a224979e-c7b8-4a6b-8e5e-43f133ae5d1b,2327074.91,36.7,0.152,poc,20.0,26.1,0
7d5005c4-e923-47a8-8fe2-f654178cb94f,13168555.52,32.0,0.043,poc,30.7,16.5,1
a5e94b6a-d7d5-4786-9037-153f916506cb,1733536.91,81.4,0.679,recurring,0.0,21.3,1
1f757c03-3cb9-4678-932b-c859f3f6d474,6615346.11,15.0,0.124,poc,0.0,42.1,1
3e7b6e5a-ea9c-44d2-b545-ae2e0d2ce042,3078478.15,86.3,0.427,recurring,2.5,37.5,1
60a3085b-e1de-49d5-bed4-5d5bbcd29a68,4120403.95,31.0,0.307,contract,23.9,40.3,0
1190daff-806e-4e92-b28e-fbce74f6038f,3067227.44,87.8,0.406,recurring,25.1,27.0,1
d1d844ca-12b0-4dd3-8d0b-b70cd0493869,4888844.42,100.0,0.553,recurring,0.0,18.0,1
4bc9cf04-e0ce-483a-a5ab-0a60c853b3ac,5383911.86,88.4,0.467,recurring,2.4,11.6,1
0f7fa71b-0115-44e8-8f41-43f1cf39dd1b,5942082.24,50.0,0.405,poc,10.6,42.0,1
6e2a5623-da19-4440-9056-0d4c2519df47,3243507.18,70.6,0.634,contract,17.0,21.7,1
32e3096a-105a-49b7-a422-e3f3feee71e1,4523723.61,76.8,0.112,contract,21.5,25.9,1
1caae88c-3db2-41cf-86c8-da54c1ee1f70,1776779.18,74.7,0.402,recurring,0.0,22.2,1
52b33c3a-1391-4f15-8b01-6c710dbb8ffc,13699309.51,74.8,0.255,poc,9.9,41.6,1
8161d781-69a7-44f0-8d46-e6ec19a92955,4674750.22,100.0,0.339,recurring,0.0,19.4,1
89df2af6-9193-41be-afe2-c4e78d2b2045,6750555.37,92.8,0.358,recurring,5.5,32.1,1
1ec8dd14-b5d2-4263-b1c1-375645f94a4d,3518287.91,91.3,0.769,recurring,18.5,23.3,1
849cd675-bd45-4135-bc8a-ff8370b377f4,3712571.99,50.7,0.507,contract,14.4,42.3,1
80449fcd-cda4-4aed-94b8-e3bc15029ebf,2438418.06,77.7,0.395,recurring,0.0,18.6,1
c2d558aa-a2a8-419e-ab0d-d79b7b861d61,2978082.2,84.1,0.602,recurring,10.4,17.8,1
d7b3a5af-9f72-4771-8a16-3c499f136c19,6873372.52,46.2,0.263,poc,25.6,39.8,0
9fe2a70b-eb2c-4589-9657-18f11020cc2b,11662296.44,81.7,0.154,contract,11.3,28.2,0
0c87d39a-b3d5-4056-b245-1fcfa84b2338,1252884.39,52.7,0.229,contract,16.7,42.3,1
66293766-5e80-4663-a0d1-73b16a99da77,5598191.62,43.1,0.219,poc,23.4,34.1,0
da574494-854e-43ee-b9c6-b30e7f63b2fc,7818702.66,50.2,0.523,poc,26.0,36.3,1
376c5dd2-43be-40fc-bdf7-c1496d54973a,5712305.08,95.1,0.458,recurring,5.1,27.0,1
c7b3419b-09a1-4740-8aa9-b71cdbacd0d3,10381233.36,77.9,0.299,contract,13.0,39.7,0
81df81a7-251f-48d0-8172-25c6b5640b44,3581915.73,97.0,0.616,recurring,0.0,7.1,1
7a30cad7-61f7-440c-a970-8a775de601d0,6410023.61,87.5,0.173,contract,6.1,22.0,1
85b7711e-3296-4be3-9d3d-47c5f7769da8,2539535.99,38.7,0.187,poc,27.7,43.8,0
56132207-c807-44e7-9d3c-a366993364c2,4107736.79,35.3,0.371,poc,27.7,53.0,0
3e453d00-6f56-403a-929c-b9dac9753ec8,734447.71,81.4,0.059,contract,17.0,25.6,1
0a2d0681-756c-4c6e-a64c-61e9a839a91b,27949350.78,100.0,0.335,recurring,2.6,20.0,0
25b3c500-1dae-43ae-a3f4-5a2bb595a8e7,9404093.56,89.8,0.739,recurring,6.4,24.1,0
2506cdea-0c6e-4321-a394-0d1d22816b60,8194240.01,57.8,0.198,contract,7.5,21.6,1
1557541d-09e8-495f-9064-f20b570ec5da,4880293.84,52.8,0.303,contract,13.9,16.4,1
17eef60b-80d4-452e-bfb9-9200e83b63d2,4314837.45,67.8,0.193,contract,4.9,18.6,1
9fe5387a-722f-47e4-9205-0310e0b460b8,1229886.52,27.3,0.401,poc,20.5,35.1,0
2784c2c3-cb00-4854-993c-1b58d3204fbc,5307266.69,82.7,0.361,recurring,6.8,23.8,1
c56be53a-6fa1-4d08-bd32-ce24711c8750,1677107.84,68.3,0.548,recurring,0.0,5.7,1
b8c4f0f7-e41e-440b-93d3-026514b1ccb4,12372483.35,91.0,0.251,recurring,0.0,26.3,1
f017ed58-bed0-46de-b17d-9fba08f00917,5311706.96,42.3,0.102,contract,15.7,31.0,1
c426804b-31e5-4f75-af83-7d052df5b81c,2172448.8,54.3,0.385,contract,0.0,24.7,0
30bbce50-3db1-4b37-8021-8b8cb53a84ef,4230334.19,70.8,0.295,contract,29.6,26.5,1
eeb31a6a-5ade-446c-a40f-81bfd4299c52,25432868.89,53.0,0.622,poc,22.2,17.6,1
bb98964d-c327-4764-b159-c2aefc5a90be,5920627.94,51.6,0.307,poc,18.0,33.1,1
3788903f-bab6-4e29-a156-d3bdee7770c0,3512918.61,35.3,0.448,poc,22.8,26.1,1
6c92aef5-fa31-4a9c-98f2-3e252cddd0e6,7152667.2,70.6,0.573,contract,18.8,28.4,1
51922e99-9ce1-4e65-94d3-556ddb4003dc,10003825.18,95.2,0.528,contract,13.3,24.4,1
7c34f941-6b23-48da-ab96-a4e97e1344f6,5604879.62,63.4,0.23,contract,0.5,27.1,0
d42616e2-7d10-44b5-99d6-ef25496c4169,7251687.38,84.7,0.666,recurring,11.3,14.8,1
1529acee-28c2-4931-99a3-48ae3b000d3b,10973276.05,64.1,0.035,contract,21.8,27.6,1
b5bd0300-c150-4a87-aa86-8c96ff88e1b3,3335221.48,76.4,0.398,contract,11.6,23.1,1
970d0c22-c59a-4a3a-830c-9c61edd8ccda,7493804.23,76.9,0.127,contract,5.9,28.4,1
7bd82e36-3a8f-4599-bfe5-a2d12f083548,9850020.34,50.4,0.295,contract,28.4,21.1,1
aac6a5ef-0100-4ed0-a823-45caa4674e36,6849758.3,61.5,0.279,contract,10.6,17.3,0
bf50516f-95f7-4d64-987b-e699eb2e0e93,5515083.04,71.2,0.304,contract,21.2,25.8,1
ed45cd0b-4e08-475e-9573-a718cc3b0476,1871629.82,99.7,0.343,recurring,7.4,21.2,1
c9eec853-1b3e-4e0c-a85f-a68a7f641b10,2508815.32,59.8,0.229,poc,17.9,17.4,1
56e4c617-a172-4ccc-95f9-349ef02f572e,11260098.34,96.1,0.254,recurring,18.2,35.5,1
edde8520-9ab9-42f9-828a-0af9ade6c76b,4500069.94,61.7,0.375,contract,17.6,10.8,0
648aeb43-75f9-40ad-acf7-9726e38bbfe4,2756612.84,51.2,0.261,poc,34.7,44.4,0
e263480e-9ecf-4891-9004-68ebc078d17e,4577520.37,33.9,0.377,poc,12.9,37.9,1
54aa1067-fb51-4ed8-9626-9df24b495cda,11458961.71,73.0,0.126,poc,19.3,11.7,1
10a0656f-1dd8-4aa0-a1b7-d088b8cd973a,25299127.68,48.1,0.145,contract,9.2,35.1,1
ed5285a2-3199-4902-a527-e2b42da65b21,2316248.71,44.2,0.116,poc,20.5,48.9,0
9b7bac8f-f866-4099-97c4-56fa7cdc14cc,2064260.4,36.9,0.332,poc,32.0,32.8,0
1084cf7c-9135-4f58-a1a1-f21408980f93,13384658.65,91.7,0.543,recurring,15.5,1.0,1
7c9ccfb3-c7cd-45b2-93b3-ff633275cf33,3421015.19,83.4,0.363,contract,0.0,31.7,1
ce4ac67d-63b9-4dbb-82a7-f6a0ce96f19d,4066481.75,100.0,0.535,recurring,9.7,35.8,1
7ed56822-04d8-45e6-8e53-1d7b33fd47d6,14848904.91,86.3,0.454,contract,7.2,29.7,1
86bf2a6b-3cdd-47cc-8dde-472e0cb31bd1,6405871.01,36.2,0.097,poc,13.8,49.6,1
ce5a2eab-8947-419a-b8b4-3a8f8d51feb4,3560975.29,66.8,0.302,contract,13.2,5.0,1
b2285433-a15b-49c3-9af1-2566fc07c1e0,7400918.32,34.7,0.205,contract,12.4,44.5,1
b4b65e43-ba50-43e7-b404-6ef5b697a28b,3562284.72,57.4,0.132,contract,8.3,27.8,1
8d574522-6266-41a3-b95b-26bfe42ece94,4192675.61,40.5,0.345,poc,0.0,31.0,1
5524ff29-e043-476b-8ec6-f9c8f38acbcc,3888063.75,48.2,0.351,poc,23.8,13.1,0
c6bd14c3-0232-4c13-86b8-d6c31356dcae,4897581.03,67.6,0.202,recurring,0.0,25.7,1
85d0249a-43c7-4e64-b013-ef0dbb275968,9142136.71,58.4,0.166,contract,7.6,27.5,0
d7b302ac-be2e-43f4-b389-dd55d7eee36a,5102018.81,68.0,0.222,recurring,9.0,25.7,0
1ffb4cf1-b572-4db7-b780-621161300901,5206161.24,48.6,0.027,poc,21.9,53.1,1
cd86a9ff-f2ea-43a4-9141-70189a9a124e,4786151.08,63.5,0.21,contract,0.0,31.5,1
310980b4-e4cf-412f-85e8-96b734e9d9be,2606456.31,61.0,0.5,recurring,7.5,33.9,1
418a9dd6-3c6a-4fa8-869d-38d803ae0f9f,3892529.8,53.9,0.1,contract,22.3,24.1,1
7462c50c-a1f4-4d08-b5ba-5d0c413e76e5,3548248.47,75.0,0.065,contract,19.0,33.3,1
858d66ff-f7a1-4665-8e22-35ad09fd58a8,5620825.12,96.3,0.253,recurring,0.2,23.7,1
adc75b67-6832-40a7-85c6-40e11851c004,2793518.28,73.6,0.196,contract,27.8,9.4,1
cdb3752a-08ce-4a7f-82eb-0dc6638f0d8b,5895961.95,68.1,0.346,contract,13.9,25.5,0
275ccb7b-9880-4403-b873-feeaec91f8ed,2659915.57,80.6,0.734,recurring,0.0,21.9,1
342bc7bc-da57-4950-b794-17c7577a5361,5264812.09,65.4,0.29,contract,15.1,46.8,1
5f513fac-1013-4077-a5da-a2d5c2867701,2955806.19,53.9,0.489,contract,16.6,13.8,1
3a65cb0d-f007-4214-884c-bfcc9e87f673,3497065.96,53.1,0.56,contract,28.7,28.0,0
7d883445-9eda-42a4-884d-ce3b09fb57aa,9839377.7,6.6,0.205,poc,25.2,24.7,1
7f4f0215-7f49-4db0-ad3f-f718a72a4b77,4277906.9,74.0,0.608,recurring,2.9,17.9,1
96d8a5e7-2932-4c89-b083-561f8a1b11d0,5725269.98,22.1,0.225,poc,20.9,26.6,1
9ebea273-cd7f-4120-ba28-7d0f8083e5a1,11307644.38,67.3,0.431,recurring,8.4,34.7,1
576dc762-60d2-4286-999d-8a31fdb7c6b2,6823041.9,33.1,0.339,poc,21.8,28.6,1
4fbec8c2-f28d-4021-96e8-3cb5db0da97d,1320103.89,90.1,0.52,recurring,11.6,17.8,1
114bca04-d20b-4197-9b1a-463ca92eeefa,2217207.96,36.8,0.426,poc,28.6,21.8,0
146702c0-099e-45ef-b25c-593fc2d148b1,14058410.74,65.2,0.607,contract,7.0,31.6,1
b3d78719-3a94-4b0f-8a98-2b0e43f08830,9928713.69,88.5,0.272,contract,20.9,9.8,1
4751f841-4f84-4fca-96f1-f19bd8b8deca,11446042.42,74.8,0.607,recurring,10.4,12.0,1
4b8c4b67-1029-4ce2-8aa3-5d0b97fd2138,4164823.15,100.0,0.294,recurring,12.7,2.6,1
1b964c63-073e-401a-807a-437cfb3db453,6762933.16,62.6,0.378,poc,20.1,20.8,1
170d1983-ce82-401f-beb0-067bc9e6613b,19725190.99,73.1,0.17,recurring,5.8,34.9,1
1158c79f-91ed-4e69-b365-3efba4f9cccd,7701318.33,89.4,0.509,recurring,0.0,28.0,1
146d043d-3ddc-4d19-8edf-d467a30e2226,5098869.08,78.5,0.018,contract,9.7,18.0,0
f5e026d0-5ed9-421f-a068-4443b95f0cc2,2860345.86,11.3,0.307,contract,8.6,31.3,1
86ce28e7-61f7-4cec-8090-5a08a90c3811,2259300.04,82.3,0.391,recurring,0.0,25.2,1
c5b7b6d2-31c5-4584-b163-f9a0bf27c60d,3234072.02,76.3,0.301,contract,15.5,39.4,0
949841e1-0def-45c9-bb98-a0765199fb26,3656456.55,100.0,0.362,recurring,0.0,27.4,0
bf8a4760-ac70-4efe-a933-d240c6a92c37,2820433.67,67.0,0.302,recurring,0.0,15.7,1
74b88fc8-3dbe-4ce0-b738-4c97835eda3e,4616480.22,43.8,0.404,poc,23.6,37.9,1
5b1fbc38-179e-4cc3-8316-600bbceba100,3020298.39,56.6,0.493,recurring,7.9,16.7,1
20c02fd1-8ce8-4d02-8adf-7dcadf1b7e37,1973930.59,74.2,0.344,contract,0.0,8.5,1
6f0de75e-a8c1-42eb-a298-bcc0410c94c5,7398845.52,38.8,0.206,poc,20.8,43.2,1
ef792594-6888-4d83-b841-e6300493c6b1,5742377.97,49.8,0.112,poc,24.6,22.7,0
699ae81b-588b-44c7-81f6-d6107b441e1f,4295792.16,73.2,0.536,contract,5.2,14.2,0
6870e16c-5d9e-4507-973a-f64e47cb042d,5107876.86,66.8,0.383,contract,16.9,28.9,1
9204faf5-0c0d-4915-b2f1-b6b3ce8157cc,5448706.24,72.2,0.584,contract,19.6,24.0,1
e1402257-a9d9-4a2e-ad76-b9cbffbacad0,4835305.1,72.2,0.452,poc,13.1,13.0,1
14b7ea7a-9fff-4106-86ca-01fc2ae94ba3,7494890.63,46.3,0.252,poc,25.5,34.6,1
b9696f2c-46ad-4d85-99ec-6b520938254e,5486483.28,70.0,0.364,recurring,5.3,17.5,1
a7e2a5f8-603a-4088-8ec9-f4d1b6f467cc,3268017.69,85.8,0.161,contract,10.1,15.7,0
02d07f2e-ed41-49f3-9953-545c98837d0b,8969601.5,63.1,0.262,contract,4.8,11.2,0
a82595fb-d330-4624-893c-5a63acb7cb44,8105455.57,89.9,0.475,recurring,6.4,23.7,1
9beb084a-ce5e-4ded-985b-793a4f358114,4164842.71,81.2,0.37,contract,0.0,16.4,1
43aecc48-31ed-4118-87f9-c711c24eb658,7083000.76,25.4,0.363,poc,21.9,25.8,1
6ccf1229-8402-4ba5-83db-74fef52b773d,5572780.96,46.6,0.451,poc,36.4,35.6,1
8a9924a7-860a-415a-af67-837eb2a18a3a,6041139.72,70.8,0.388,recurring,0.0,39.7,1
90e64fbb-83a1-4db6-ae18-2dc364d8d90e,5710778.77,52.6,0.418,poc,12.0,26.1,1
394e80df-2429-47a6-869b-4829ddbc6342,6924436.19,40.9,0.562,poc,26.9,28.3,1
416dcf4b-dbb1-4a4c-a0bd-23d44fe813f3,4680118.53,49.0,0.1,contract,7.4,27.1,0
12bcd617-deee-4674-b37a-aac1e3d3f745,6547290.29,36.2,0.443,contract,21.3,21.3,0
97f4dc7f-362d-429d-8734-67b14d495789,4663585.7,87.9,0.502,recurring,10.8,15.5,0
cd627b0c-fed4-4a7f-bf0b-b2400f642e4b,3637240.17,97.8,0.39,contract,10.6,27.9,1
33394d13-98c7-4a20-8bfc-44ab9dc2a894,3609729.38,49.8,0.134,poc,14.7,25.2,1
4927cfe8-fee8-47c0-a80f-e0bd2019fa3d,6871822.96,19.4,0.673,poc,17.0,38.2,0
d8801315-627d-446c-8566-7f14d9dea08c,11565264.87,70.2,0.56,recurring,8.1,33.3,1
36dcc4b5-9e63-4c22-9ca2-a66482c3a9a7,4713871.49,100.0,0.598,recurring,11.1,13.1,1
6490b115-ddaf-4f13-9687-65603d2e06f2,8011481.81,29.5,0.146,poc,13.4,27.5,0
153503e5-7e8c-425f-8097-84b3cc0b1728,3403169.65,27.5,0.699,poc,13.1,39.1,0
adca07ba-ac9b-442a-8c65-13da406f928f,15481063.73,67.8,0.211,poc,19.4,37.3,1
0a12ce5a-137f-4e34-8278-966bc7ea7020,8291480.63,59.5,0.28,recurring,2.4,36.0,1
fcfdd6b2-ff17-42d6-bd48-e78e9ab25448,4095537.92,39.3,0.374,poc,28.1,53.8,1
97f0c880-5cdf-4266-8839-75596efd1f70,5066663.52,57.2,0.248,contract,20.8,28.9,0
7d3234de-1c28-496a-a1d0-7b0359c3446d,3588619.89,60.0,0.373,recurring,20.5,21.1,1
250b55bb-8b77-495a-aea9-5c2de880a284,2098985.19,71.1,0.475,recurring,0.0,25.3,1
702d15fe-1432-40b4-8460-a39884152f95,4009269.95,77.9,0.365,recurring,0.0,33.6,1
363663b3-4730-4a85-a860-da47bea02869,5429441.18,51.9,0.252,contract,7.4,8.1,0
5266ef5d-3bc5-4396-84d8-15f4842cb9eb,5335224.09,82.9,0.206,contract,6.2,31.9,1
1bc5812d-f749-4f82-ba08-887568b8f971,12335568.54,74.0,0.474,recurring,0.0,24.6,1
f9a18d73-2d67-4b2c-9405-ecb32c85f2a8,3818576.48,38.9,0.096,poc,13.9,35.3,0
d02cc8e4-d9f5-4a69-a6c9-562b029e20ad,7486343.32,75.9,0.212,contract,15.4,24.5,0
e1957f93-11fc-459a-bdcd-b7b482f12b8e,5518317.86,79.6,0.36,contract,13.3,35.3,1
de989deb-728c-47a2-bcd1-1b9e1fda080d,9299582.24,33.9,0.17,contract,23.8,25.7,1
67fe547d-08c1-4f02-9120-191506c55b7c,1906159.66,38.2,0.43,poc,33.4,36.9,1
3167070c-b65f-45fe-b7f5-b5f60763d1ba,3960157.61,84.7,0.549,recurring,18.9,30.5,1
0a6a4f4f-407a-455d-be6c-726f0d0d3c9b,3603401.67,40.5,0.537,poc,33.8,17.1,0
42ce4102-5be6-4ccd-bb21-81915242e898,716424.4,80.5,0.234,recurring,2.7,18.1,0
74d924c6-5524-4402-ac84-79b00b1cad5b,6932137.59,28.6,0.676,poc,13.3,13.8,1
ca368360-b093-45c1-beee-623f80e777fb,4428404.88,71.4,0.39,contract,14.3,33.2,1
45e8feb0-24cd-4330-a064-c59f70dab444,1784618.08,65.9,0.546,contract,8.4,24.8,0
a486388a-628e-40d8-98c4-af57cca51c08,5744518.38,54.8,0.208,poc,12.6,31.2,1
96d23e97-ac39-4f6e-8bf1-54658e3db3a7,2310811.96,33.6,0.31,poc,23.6,31.1,1
cc0d81e9-0fb7-4369-adb0-8cd46a099785,5463060.35,97.2,0.691,recurring,3.1,20.3,1
b0fd946e-271c-41eb-9093-65b13b04d7a8,6674455.45,49.9,0.461,poc,20.3,49.1,0
473fa312-275c-4f60-8f32-34fada2e8290,18792164.9,33.8,0.328,poc,4.4,34.8,1
1d61972f-c619-4435-bec6-e467138aa5b1,3737270.27,58.8,0.432,contract,16.7,36.9,1
ee760b46-bdff-4a6c-87a9-5ea945db8242,4456673.17,100.0,0.606,recurring,8.3,1.0,1
9a901e0d-3cc8-44d3-bd82-b9a5e09863e8,1894386.08,46.7,0.415,poc,29.2,24.9,1
2fd2d83f-aa90-4cca-a86e-4072b9f8200f,14944844.87,45.9,0.272,poc,19.7,34.4,1
d0791b6a-efd3-43f9-86af-a99553778000,8293864.58,100.0,0.449,recurring,0.0,30.8,1
095dbc34-a390-4228-8ce1-abe41e734f12,12310411.66,73.6,0.458,contract,3.3,17.2,1
bad9cc6b-fb92-44e1-b843-2c36a181f49b,10155822.08,73.4,0.764,recurring,0.0,19.4,1
2c74cc68-0dcf-4a70-9c0b-b61b03d398a4,3775454.6,15.8,0.783,poc,11.1,10.3,1
2f81557a-539e-4a99-92e4-9e4f745a07da,10518487.42,93.4,0.091,contract,28.0,14.6,1
3a01a8a1-cd9e-4c14-b5a5-d007e2857cd6,3625474.07,87.7,0.26,contract,16.5,18.6,1
83b13b3b-4f9d-49ce-ac00-9b5b76e2585b,1981429.9,39.0,0.105,poc,21.7,44.0,1
8e2690a1-6c6e-4007-84e4-659d3549246d,10238599.28,60.1,0.561,contract,4.7,18.0,1
216744aa-aa28-4ce4-96d2-047209505414,10003200.34,52.5,0.621,recurring,6.5,35.6,1
afe28ffd-d03e-4d8a-8556-6b588f11f03f,4612932.93,63.6,0.562,contract,12.3,30.2,1
f130cfca-5cca-40ca-9cc1-11dcc2230676,3279307.78,64.9,0.271,contract,1.3,28.8,1
2464d2dd-ac60-466d-b708-e06b08a6a0c0,3476620.19,56.6,0.123,contract,11.5,35.1,1
81cc555b-b141-4bee-b62c-56167d09c41d,10182618.22,72.5,0.254,contract,9.5,35.6,0
a2e04680-9ae7-429f-a2ed-5079928e023f,8304230.21,53.6,0.411,contract,14.8,23.8,1
6bc187e5-3fcd-4933-a79f-ac2640e8bf25,9819136.16,72.6,0.317,contract,9.2,25.0,1
60b7af2b-7a49-44d6-a453-9c494ad69297,7094727.5,95.1,0.097,contract,20.6,29.8,0
d3b3dd99-89c9-43c0-af88-e19bdbeed146,3941509.05,100.0,0.189,recurring,12.6,25.5,1
2dfe1dee-3622-4852-9fe7-c1c9a89e5066,3855682.4,37.9,0.427,poc,13.9,34.4,1
cc456df0-f3ad-4e67-b07a-c93c6b5d4e7c,5219335.76,87.7,0.453,contract,16.2,12.6,1
37830107-5c6f-4624-bce2-00f26a044bc6,4145934.51,37.0,0.101,poc,18.6,43.0,1
d7c1b8d0-7f44-40d1-9bff-507a9fbba8d4,3723174.39,68.0,0.233,contract,8.6,20.7,1
ab92fb86-3f9d-4e7e-83b7-e9cf916414bb,7224859.76,77.7,0.562,recurring,6.1,26.3,1
b2b6e1e4-e473-4a55-9eae-504f00321c13,3257704.26,71.7,0.492,contract,7.6,20.0,1
5978d4e9-6fdb-44f1-be91-84bd4b3bbe74,7859542.18,16.1,0.196,poc,22.6,47.7,0
91ab0a8e-fd17-43aa-9e54-2cc858eb30ce,7453200.37,73.3,0.449,recurring,2.3,15.3,1
32f12752-21e1-49b2-a7ba-b5287e84108b,6163136.65,81.6,0.375,contract,22.3,36.0,1
5c944961-f76f-4729-86de-c250c8a5f2b5,3042929.68,89.0,0.082,contract,5.9,40.1,1
4066769b-2f88-4a1e-a1e8-1df9e38e0c11,3294776.67,50.7,0.154,poc,29.7,29.2,1
9820cbd0-92d1-4eb1-bfdd-ae184180d331,3438501.47,81.2,0.177,contract,5.3,13.5,0
e7f247b0-edb6-42a1-a0a1-0011988e8efe,4912060.27,63.9,0.161,contract,15.7,26.6,1
6b240d31-146a-4db8-88a2-cd6bd81d021a,3167409.39,36.5,0.246,poc,26.5,40.1,1
015ef672-cb51-4b3f-b516-cec71edef8af,11533000.39,71.0,0.46,recurring,1.4,24.8,1
e6283eb9-5ac6-4501-ae7c-992f72eb0f4c,3457351.8,29.5,0.161,poc,23.4,33.0,0
545b0419-013f-4c3c-9fdb-1a656cd3b26c,2906610.66,58.2,0.162,poc,9.9,34.4,1
8983c033-22bf-4f4a-b022-71cd6f954bbe,3169435.49,31.5,0.504,poc,9.6,39.0,1
eedeebb7-b63e-4412-b83b-33eb7e82fec0,5416381.22,43.5,0.147,contract,18.5,39.8,0
b050fde2-82b5-4853-a171-7f5fe2fe9c03,3184602.07,70.2,0.281,recurring,0.0,19.1,1
e8bae886-a235-469a-aa92-c63f04e24fc8,2507043.66,30.0,0.315,poc,36.3,27.0,0
af059b14-b263-47b8-8967-8f45ed2fb894,1952481.54,75.0,0.501,poc,15.5,16.0,1
1e783eb3-e31d-4c28-803c-bfc9c05e856f,25748500.93,56.8,0.321,poc,0.4,29.3,1
7fc5560b-d8fe-4b1a-8d08-dbc35d4663a2,5118266.16,100.0,0.1,contract,22.4,10.2,0
4966d1a4-7381-4f08-8415-ec675b979436,5968020.38,59.3,0.212,contract,1.9,20.5,0
75823030-71aa-4ade-8827-a07f55086d83,6289862.61,53.3,0.182,poc,12.6,28.1,1
6d0f0343-1eff-4910-8366-e47e5b13a70d,14517070.66,29.8,0.117,contract,0.0,31.1,1
13c5abf0-b103-4994-86f3-334a4abac946,4853463.86,56.4,0.44,contract,17.9,19.1,1
faa11860-b3c4-4df5-849f-2ed77d36a6aa,3377534.03,30.3,0.192,poc,23.9,33.9,1
8eaed883-46c9-4e3e-8112-d765703723e3,4713663.19,67.4,0.372,recurring,0.0,39.8,1
472c652a-9cf1-4102-8d1f-251b6a027135,3124616.3,37.5,0.372,poc,29.1,48.1,1
750915ce-286a-45c0-87e7-db6a948e19b1,2941547.64,57.0,0.306,contract,0.0,15.1,1
210385ca-f92e-4a34-9ef1-12cf8b7e2ab7,6227322.82,53.0,0.151,poc,22.2,19.1,1
e38ee114-eb32-4663-9d99-a1c47e3d0281,6019323.93,70.3,0.153,contract,15.1,27.3,1
4bead545-01ca-4edc-8dfd-fc02a372a8aa,1488012.99,41.2,0.239,poc,21.0,46.8,1
b5d7d928-bb81-4941-9466-dbde05a89efa,4031778.24,80.2,0.569,contract,19.8,27.4,1
59b0d772-900e-4eb9-8ae4-8c6cb4d9b35b,2795676.78,64.1,0.153,contract,11.9,9.4,1
83cbf6f1-6c0f-4f1c-9482-60a6374ca1b2,13489159.09,56.2,0.054,poc,22.8,34.4,0
3581fcd7-a1f7-4d6d-a225-f47ffb13b18b,18591782.66,45.9,0.492,poc,13.4,30.8,1
591f69bd-09ef-45e8-8f85-b84d286fc474,22285267.58,51.6,0.177,contract,7.2,31.2,1
8e000e2c-f138-49dc-836a-5e1ce4c9bd3e,19390432.91,71.9,0.485,recurring,20.4,37.0,1
0778394e-d0dc-4227-b4cf-1919c598e7a0,7858156.81,58.5,0.405,contract,8.4,41.4,1
c965a1ed-7cb0-4ac9-aa42-dbd78b99231e,4624709.03,40.9,0.616,poc,11.6,10.0,0
0f38254a-bd3d-4521-ac79-52fe9f2e7848,17743506.2,31.7,0.456,poc,22.3,21.4,1
dadbb688-a24c-4f61-9c8f-28957ed4c1ed,6058876.83,76.2,0.291,contract,22.1,21.5,1
f11b1f82-2904-4c62-aa87-dc485200fd45,2489091.26,75.1,0.366,recurring,0.0,44.4,0
3e06517c-f01e-445d-9182-6e8851cebd5f,3297490.59,30.1,0.546,poc,15.4,25.4,1
0d962389-5255-4d7d-9d9c-1b7de3ea271a,5551191.76,48.8,0.101,poc,16.4,27.6,0
efff2ada-3600-4731-99ca-c288adfb470c,2989322.56,37.4,0.548,poc,25.0,31.8,1
def27e2e-a284-4d7d-a552-40043994b6f9,2254087.29,63.9,0.223,poc,26.9,28.6,1
da55636b-60b3-41ff-8456-ee3f7ddf8ca4,9655749.74,61.5,0.427,contract,25.4,34.0,1
7e5e448e-0f6f-400e-84cd-e1d0d0c98aeb,8085093.12,45.6,0.126,poc,13.7,22.4,1
fb07ba8d-613b-4d0d-90a3-e902dd185794,5471304.7,68.4,0.333,poc,18.6,12.9,0
8ff6c61e-5993-4a4a-b339-aa24924fbbc5,1974500.09,46.6,0.506,contract,6.9,26.4,1
701db73c-f9a1-46a9-8fca-580d624e8f15,5315422.16,63.3,0.315,recurring,18.4,33.8,1
3d4ad98b-4a48-4650-82a8-50fba76c427c,3117232.18,51.8,0.368,poc,25.2,24.2,1
eaab6f1c-d284-4682-ac35-c31788a8d20e,1926127.32,72.7,0.097,contract,17.1,45.6,1
8a609ac0-3559-402d-b11d-8606a5f886ee,2490521.19,17.3,0.121,poc,19.7,28.3,0
9344a692-8cfb-4fed-9c47-3edc1df8a045,15321879.46,67.2,0.78,recurring,10.1,36.8,0
cf83b1af-f15e-4ec9-81fb-408896a60fbe,8353504.25,55.7,0.588,contract,7.6,26.6,1
223b91e0-aad9-49e9-8558-c05a5437136a,2399579.09,91.7,0.34,recurring,12.6,38.4,0
e28059e4-3f39-4f93-b934-4e699c7f32c5,6008850.58,72.2,0.555,contract,0.0,30.3,0
4cabb9b7-6a2b-4da3-a3b6-709e2e71d1c8,3580870.35,84.3,0.281,recurring,4.2,21.0,1
b4f72b82-30ed-4cd1-af94-8de105ee4ad9,10098903.22,49.2,0.453,poc,37.1,38.0,0
1af36985-b99c-4bc0-adfc-0d37ad87f224,6736995.41,87.0,0.363,contract,15.7,27.9,1
13fec48b-8bd1-4d95-979b-791863f80eb0,1600393.09,78.2,0.397,recurring,0.0,15.5,0
9e8a5fea-de18-4cf0-935d-2a6b650dd66e,4763239.61,94.1,0.322,recurring,0.0,33.0,1
03506e5a-6dce-4e5c-8172-c565b917f2c8,7299024.39,50.4,0.371,contract,12.2,22.2,1
df3803a3-f710-42d4-ba3b-c30e83667853,8507808.41,74.5,0.231,recurring,0.0,12.9,1
3db406d8-ecf9-4cad-ab3b-727c49b6d0e1,13179948.5,50.6,0.162,contract,1.6,23.5,1
a39c9e33-3a54-40b8-92ce-1e4035089586,2179053.33,74.9,0.203,contract,0.0,28.3,1
53f4a581-323e-48ac-ac26-7cbdf57615a7,995003.54,76.6,0.179,recurring,3.7,22.0,1
d0441699-527c-42e8-a55d-5af3ac64231a,10892964.59,35.2,0.081,poc,13.2,38.3,0
555b0906-543a-4ee6-95ac-ba3ffab3b126,10184300.54,46.6,0.118,contract,11.3,25.2,1
ee545f17-cbd2-4b08-b8c8-6c3650b210dc,3369643.89,56.7,0.239,poc,21.1,28.0,1
3af07ae5-3fb0-46bf-9401-01c5c0d31cff,4415772.99,84.1,0.552,recurring,0.0,30.3,1
7a23c45f-100e-4a6a-821a-384b5dff5b7f,10147951.55,68.8,0.546,recurring,0.0,37.9,1
d7f8e4eb-be5e-4815-b535-89704f97ed2b,3052976.94,58.3,0.589,contract,15.3,21.8,0
adee73d3-0904-467f-885d-a430eb365824,3899485.11,37.8,0.55,poc,24.7,46.9,0
3f019c2f-3705-4197-879f-7d5b23acc975,22263189.03,45.4,0.105,contract,1.7,32.7,1
43f2ea6d-7825-44f0-9abc-3d152fcd6e6c,6017353.54,88.8,0.317,contract,4.3,12.0,1
792d1199-666b-44d8-9e75-86157b8cc3b8,10794645.29,88.6,0.31,recurring,0.0,20.5,1
de7f9756-a772-4140-bf05-b031bf11da33,25107088.68,39.2,0.229,contract,17.9,34.6,1
7c989fcf-25d4-42fc-a9fc-0c5f30e40c08,3820453.01,35.2,0.149,poc,5.6,38.8,1
7202cdb8-a30f-4510-b9ce-a584da3d5799,5956028.81,37.3,0.084,poc,13.4,31.4,0
457de0ad-201b-4840-8c59-5254ea5adeba,8620976.57,43.3,0.372,contract,0.0,23.3,1
0a927c9a-0fbc-472f-8834-aaa0e89cb5bf,6003572.03,75.6,0.664,recurring,8.4,6.7,0
f41f2951-3e02-4c71-b145-7bb3d9a826c2,3652617.84,100.0,0.885,recurring,0.0,21.2,1
94a39a0e-7a31-4599-9e95-f83c74a1c107,7155492.2,63.7,0.158,poc,10.1,31.7,1
9de80c7d-b7d1-4601-a96f-f3f14505cecc,4398882.04,65.7,0.197,poc,34.0,25.1,1
90e7f9ff-1885-4d81-ab34-1be5fa54aa2d,3486520.95,64.9,0.136,contract,25.1,24.1,0
450e1bcf-ce65-414e-9ca0-df725f4ab3ef,6035468.39,81.8,0.23,contract,9.0,5.5,1
2ec51748-093f-4c08-824d-8dc5eed0c9de,6986540.94,55.4,0.161,poc,7.3,27.5,0
f771fc3c-8f67-4cc2-93fb-56527aed2e76,4044609.28,75.0,0.057,contract,18.6,32.8,1
b7c58c04-9c00-4c98-aeb7-23903359a1ce,5260400.37,75.4,0.037,contract,0.4,29.9,0
1503f19f-9cc8-4b86-afa8-21f9e32a2e82,15357102.65,30.7,0.291,poc,23.7,47.0,0
6ed934f5-46ca-4e28-8eab-1db87839dc14,9767395.25,47.7,0.153,contract,20.8,17.7,0
af215bad-a647-4840-a90b-b62388c9ef7e,4979287.66,32.3,0.176,poc,2.2,33.4,0
e4dc29a7-2ccd-4e25-b252-fc8b8946518a,3461535.34,50.4,0.632,contract,16.2,11.6,1
05fe644e-60ac-4955-89d5-526771a39089,4186876.47,16.0,0.295,poc,23.7,33.6,1
ab0cf950-df56-49c4-9b36-90d3340d1ede,18435741.77,32.5,0.441,poc,21.3,23.4,0
3517347b-e961-4432-bd52-02dbce7e0fdb,2109097.69,54.8,0.152,poc,10.4,23.9,0
34cd5cbb-98b1-4a92-8152-de696c42579f,9232211.41,99.4,0.508,recurring,0.0,27.1,1
f9de5ad1-56ae-482a-9560-018101008905,3478310.48,51.4,0.183,poc,19.6,36.5,1
ddcd98c8-b737-48e7-8c43-1a1e12d2edde,30387910.5,63.5,0.257,contract,10.4,36.2,0
17780c70-137e-4f04-8665-3d24ea8affe9,13273765.53,25.6,0.241,poc,14.5,41.4,1
9c9273e4-16bb-4203-bb17-c0f7c8ae8aee,9225791.02,70.8,0.267,recurring,33.0,37.0,0
30950d58-74b0-4c0f-b693-0707365e2aba,5026529.91,82.6,0.12,contract,26.2,37.0,1
1136132d-d9e6-49ea-8332-862132648dc1,5155676.63,100.0,0.348,recurring,0.0,23.3,0
afd3b70a-23d2-43ea-aca4-9768e7967faf,2634618.94,76.2,0.376,contract,7.2,23.7,0
658df42b-3cdc-453b-918c-3009d834bd97,17200592.32,82.6,0.598,recurring,14.5,29.5,1
17b6a196-f0f5-4694-9994-e483fc7f7766,11553057.02,47.6,0.409,contract,0.0,18.9,1
8d336cc3-300c-4451-a75c-a23714efc798,4158673.27,78.6,0.055,contract,22.7,26.4,1
fc99c76f-68fd-4b45-a98a-96728aea9ea6,4096343.92,40.5,0.151,poc,18.3,17.1,1
b3b2378d-3627-4d96-80f6-14da697feed0,5483660.36,57.8,0.279,contract,4.8,41.3,1
66c9b53a-732a-45cb-a68b-695d66a19567,1579166.95,66.2,0.087,contract,11.3,26.3,1
67ebc6f6-cd5e-4eb2-8fc6-e9b8f5ebda39,8073141.38,36.6,0.107,contract,14.9,37.2,1
0a29ca99-1216-4a4a-8ecd-53f3756b910e,20250305.2,65.9,0.265,contract,14.2,20.2,1
a295333b-3fe3-405e-9d84-289593d3e846,8091015.18,78.1,0.621,contract,13.4,2.3,1
325f1bf3-bcaa-465b-b0ee-e2c407879f0b,7977578.48,100.0,0.164,recurring,0.0,18.9,1
0d531932-de78-4ae6-9feb-56808634f900,7123889.11,67.5,0.253,recurring,11.6,31.6,0
de645de2-5afa-43a7-836e-b1d72d5ee3c4,3652740.94,86.0,0.52,recurring,0.0,39.6,1
d6158083-37d8-4b17-8713-c7c2f9f62f38,6264010.5,58.7,0.045,contract,7.4,23.0,0
c7ef1baa-0d89-4cc6-80c7-96cf2d17d8f2,8511128.12,45.2,0.342,poc,31.7,26.0,0
42329ac6-4f7d-4b7d-868e-f6c494ba382d,7025556.78,20.9,0.284,poc,12.6,43.8,1
b4153f96-1feb-4f4e-b15a-93d7551e3f6e,4675434.38,44.1,0.267,poc,39.7,31.0,0
5dbeb0e6-e225-4caf-aee4-a7c6187ee439,3148006.22,72.2,0.18,contract,19.9,32.8,1
0a51706a-204e-4505-9cf9-e28070269ff1,6910296.15,98.7,0.538,contract,14.4,6.7,1
ca4605f6-9232-4a7e-9df8-6279581ae071,6243671.67,85.5,0.366,recurring,4.5,24.2,1
9ed10cbe-2d7e-4bf7-8747-96ae8821a512,9112718.64,45.6,0.177,poc,19.8,45.0,0
27190445-f001-40d2-bde9-a5e5a2d0882a,11174437.76,95.5,0.502,recurring,14.6,18.7,1
12aa66e0-8959-4bbf-88be-ccbec814bfc0,31051566.48,62.6,0.509,contract,12.5,26.3,0
bda195e4-d952-4bd8-ad01-c4107ca4e425,3635785.63,65.8,0.202,poc,19.5,41.9,1
37fe8c39-81d7-4efd-b2fb-b75db5e7e4ac,4617004.75,39.6,0.307,poc,5.0,29.4,0
9be1e4d4-0e6a-4e79-8f75-628988dfa90b,1415558.38,29.4,0.156,poc,20.8,35.7,1
a8a7983f-e299-4764-9d17-6f23709b4f83,6403643.32,31.2,0.161,poc,11.2,32.5,1
7dbd279f-702b-48db-b0d5-227cdce3c678,2205368.53,50.1,0.54,poc,10.6,30.4,1
91d86596-e344-4619-bff1-e7eb7902f386,4659228.29,64.7,0.021,contract,15.6,27.7,1
2302ce50-2efd-46a0-a91a-79df00cd5642,5153137.99,52.5,0.245,contract,10.7,36.3,1
31eba560-47cc-460a-928e-4ae648268c7e,7141345.77,49.8,0.793,poc,18.1,28.8,1
1c0bdbf2-4dfb-44af-af02-62a3ba99a507,3829792.5,52.0,0.34,poc,12.2,19.5,0
1e9870df-e20f-43a0-95f0-b893450995b1,2777978.66,47.8,0.286,contract,21.2,25.9,0
190b6e72-f52e-4fd7-8f11-90eb9ab144c6,4063264.4,54.2,0.146,contract,13.1,48.0,0
6342b96f-a439-40d5-8276-f843812a5c29,5264959.67,57.4,0.516,contract,0.0,30.2,0
ac18d1ef-3efa-47a5-b6ff-8bdba59e4d67,5899413.52,53.9,0.292,contract,19.8,37.6,0
89f0206b-3a0a-444b-a13f-ef0cab638496,4168917.99,71.0,0.278,recurring,17.1,44.0,1
09293d34-2b9a-4fbd-90ac-1c28f43af10a,3194274.92,80.9,0.303,recurring,15.6,25.5,0
89a8cd82-9d36-42a0-a4e6-6f103908c348,4906562.1,52.9,0.535,contract,28.7,24.8,1
0fac2f40-63d0-4d84-a585-56585e3ce54f,3268941.96,15.8,0.653,poc,19.0,22.7,1
1424add7-2673-47fb-ab56-1555369f1910,4434075.06,26.0,0.676,poc,26.0,38.2,1
ff513e19-36ad-4dc7-85c6-52ccac31be48,2396208.18,35.2,0.214,poc,27.4,3.0,0
d60a639e-0155-43af-a4a0-02a698bdd7e8,1912730.3,72.4,0.419,recurring,10.9,27.8,1
c32725a2-53c3-4480-b152-1e103b0a9172,1772919.1,35.3,0.565,poc,7.5,28.6,1
638d1290-92d3-4714-b063-6797ac218c40,2947984.57,46.8,0.217,poc,27.2,26.9,1
0fc9dd00-3055-4d59-86ba-367e00d89a0b,3369546.53,76.0,0.055,contract,6.2,17.0,1
18bb873d-c138-444f-9525-6d1c9f7073c5,9980108.22,47.1,0.104,poc,9.0,34.0,1
23498ae8-74d1-40ec-bcd9-efaf20f323e9,3763428.32,35.8,0.13,poc,20.0,37.5,1
2afad811-3701-4b8a-b0db-6af08e76a075,15028085.39,58.3,0.292,recurring,2.8,24.4,1
a5f4a54b-e5a2-416d-be34-e3fa32541df0,3530876.3,34.8,0.087,poc,23.7,27.0,1
034757ce-62cf-4218-94d1-6b65a6b23064,3512100.5,46.6,0.245,poc,25.9,11.6,1
233f6268-617b-4abc-92e3-2f10859d795a,4178509.47,94.0,0.46,recurring,0.0,25.8,0
041a3281-d861-4298-9222-975a3cbe8653,5870254.19,31.7,0.07,poc,11.4,34.8,1
735eccbf-54f7-4a96-8501-9cc4bbad3446,6760392.24,78.6,0.181,contract,0.0,8.9,1
63c48db9-7a75-40ab-b85a-ae935656cc4d,2007744.99,59.6,0.748,contract,33.5,29.0,1
4e2b7e0b-e5fe-42c6-9c73-404e5cf053f7,4001129.04,28.8,0.085,poc,25.9,38.0,1
ce4fd1c5-0618-4480-819b-8b2d8c86f586,4057812.29,50.5,0.244,contract,4.2,28.6,1
f7c05318-cd72-4d5a-b016-73d56eb45f20,7701522.99,57.1,0.653,contract,29.2,31.0,1
ae2e541d-5778-40e8-8326-9ebc4970f303,6177269.46,90.8,0.535,recurring,8.3,15.5,1
82eb52b7-ef05-499c-a5cb-748a1bcf2094,2197273.01,75.1,0.395,contract,7.2,34.5,0
1ef64728-d8d2-4ebf-bcbb-dedee56896e5,2917709.67,83.9,0.737,recurring,0.0,1.0,1
17f40abb-6d31-4526-b720-6a94874e201a,8799267.93,65.5,0.121,contract,0.0,20.7,0
11a5d728-333d-4022-b8fd-3619c6eb509e,3083422.24,46.8,0.431,poc,24.9,35.8,1
4adffe7c-88d3-4b6d-9724-39dcca4758e2,13222320.03,65.3,0.205,contract,14.3,21.5,0
d5e41f33-8f81-41da-8de4-7b1c77813244,5381990.41,26.2,0.155,poc,17.4,40.7,1
47aa9cfd-c1aa-425d-ba21-60cef66aecee,1832853.78,62.0,0.537,contract,12.6,29.9,0
d6f7134e-4288-41e6-b923-60e18db74eab,14381463.91,57.1,0.272,contract,20.8,43.7,0
fd02884c-d2dc-4314-9c75-3fc52e71658d,9853957.5,93.8,0.334,recurring,11.7,46.1,1
6494051f-cda2-4aac-93f1-4d0b7b35c02a,3433952.49,45.7,0.082,contract,5.3,37.5,1
d3623e2e-b5a5-4591-8b73-8725fd9f52f3,6237368.64,69.0,0.429,recurring,16.6,31.1,1
5f31befb-7128-4cc3-bd1c-81bc81468538,15486993.07,53.7,0.559,contract,13.1,17.4,1
c639a6dd-72a0-4675-afbd-8875d5063bf2,4228653.14,81.5,0.079,contract,10.9,34.6,1
d6641634-1fb9-4e77-a1e2-fe324f80e58c,1489994.53,100.0,0.613,recurring,22.8,9.6,1
24018cf9-56bb-46d6-a279-cf8bfaa45c4a,8310483.36,100.0,0.443,recurring,5.6,24.9,0
cd7cd664-5c09-432b-87bf-30132b22f0fe,10707596.57,100.0,0.209,recurring,8.8,29.4,1
a3218925-434a-4d07-92fb-6ac028f0740b,1516522.66,20.8,0.169,poc,15.1,27.0,0
cf05a3b2-b369-483a-bd64-54364891348b,13136096.59,81.1,0.226,recurring,0.0,20.9,0
f7682027-6969-40a9-b274-ceec76c96578,4989507.29,54.5,0.485,contract,15.1,31.1,1
4b76f80f-8e20-46fb-8700-5fa5c549f367,5035724.23,28.4,0.511,poc,23.9,23.0,1
520189a3-0782-4b34-b981-b6597f867220,3919710.04,89.3,0.19,recurring,10.7,21.5,0
50323d27-d758-4fb0-a0c8-cbef86797bf5,4402225.37,86.6,0.332,contract,12.1,24.6,1
d3cc9bfc-2e8e-4b4b-9b91-ec335f0829a9,2145058.58,67.9,0.543,recurring,0.0,33.7,1
554168b5-cd5f-4b55-9a82-94e60efada94,15948865.44,91.9,0.299,recurring,13.1,16.7,1
25505723-fbfc-4493-bf1a-df1c7b9f39ea,7528408.5,38.1,0.284,poc,32.4,34.1,0
b0196b4d-2bf0-4872-98c9-8c243c8f3795,4213402.07,72.2,0.42,contract,26.3,16.2,0
afbd1b62-c31e-4432-b111-81e866d456b7,22268304.8,69.3,0.159,contract,20.2,29.0,0
fc708a3b-751d-4888-afcc-787229cf4418,7518463.44,78.1,0.349,recurring,0.0,17.9,1
acc04703-edc5-4f03-a68d-1a72a883bf10,1572000.18,68.5,0.464,contract,11.8,10.3,1
f2e4f4fa-0400-4155-be3d-99ef9a018be1,9160033.1,65.4,0.55,recurring,3.8,23.9,1
5309ac10-c54e-423d-9b88-d88f8a965e57,12687355.36,20.3,0.168,poc,19.7,36.2,0
550921c1-6bf7-4fcc-911a-4c8fa21fd011,1100708.26,15.8,0.497,poc,7.7,28.3,1
a7eb4de2-a58e-4db5-8967-be66e50ff22a,9593093.04,40.9,0.711,poc,22.5,22.2,0
f2a9d221-d2a4-4816-8edb-380173970f2e,3731815.68,65.7,0.643,recurring,0.0,27.3,1
e6b794c8-7a08-4bb5-83b1-a4643ea0c168,1783927.44,100.0,0.457,recurring,0.0,6.2,1
3c320718-edc4-4d9e-8e81-dc4333c31467,2915889.37,66.5,0.164,contract,1.9,33.4,1
c75c6ed4-5dab-4a0f-ad45-504f3a67cbde,8431715.15,67.7,0.326,contract,12.7,37.8,1
9f3a614d-60e6-4095-ac0d-145b83376e03,1655673.26,41.6,0.241,poc,28.3,32.0,1
71fa8dd7-8771-4748-b744-397f501c3622,5487240.03,44.3,0.051,poc,14.2,44.9,1
a4612173-9ff6-4f9e-bf28-23ef6463d84b,5815957.23,35.6,0.109,poc,19.3,16.3,0
da5095b7-4a74-4956-ab31-49d62c9a6f16,5593446.73,61.9,0.13,contract,5.9,30.5,0
29528135-3f77-40e4-861e-6437b19f441d,8762709.06,43.4,0.19,poc,36.3,26.9,1
a237c363-558f-41c0-80d9-19e8982021d3,6655712.37,86.9,0.347,contract,20.4,12.4,1
dd7871f7-28e8-46f5-9894-4f4c0e9f91ff,1009136.84,44.1,0.34,contract,12.0,26.2,1
e7da997a-977c-4eb6-896d-dc2a3c2c0954,6739899.02,46.4,0.576,contract,6.9,26.1,1
59549976-25e6-4eff-901d-951101a80a8b,2238812.75,75.7,0.313,contract,14.5,27.5,1
4bfb3a65-7ec4-48de-82fe-0439f90125c4,4808031.82,48.8,0.215,poc,28.7,46.1,1
39ce4dab-4661-40d3-8965-0060d6fb0fea,3880978.73,79.3,0.496,recurring,0.0,29.5,1
2f887f09-931e-4387-a4a6-0bd162b5da19,2955477.04,85.9,0.468,recurring,13.6,10.8,1
10ca6ed1-89c9-48f6-ac57-fcfc12b1c67c,5887566.93,63.2,0.213,contract,0.4,23.5,1
baaed318-eaa8-4176-972c-f707e34f4cb3,1483359.17,27.2,0.266,poc,11.5,29.0,1
4a1cfd86-9241-40f5-a3cc-534bd1cb3c27,14592085.49,74.8,0.309,contract,17.0,19.6,1
210c31ea-7388-4c61-a5d3-43016fef366a,4246966.19,71.5,0.854,recurring,0.0,29.7,1
81079afc-55dc-4ee7-8e2d-4284a176bda1,8110378.39,65.8,0.278,recurring,8.1,35.3,0
e8cd54ef-a3cb-451f-aca1-a5d1aeb1707c,2297222.06,100.0,0.44,contract,21.2,17.2,1
64444947-8ae3-45db-bc0c-565e72c31eaa,5375854.96,47.8,0.293,poc,21.6,30.4,1
5570209e-ac62-4b1d-85be-1023efc5bd1a,4548765.69,61.9,0.137,contract,24.9,40.6,1
445ddce0-f0ba-4fc0-b008-04ccf99a1a78,2282113.21,40.7,0.121,poc,23.5,4.1,1
0295d2df-43bf-46ae-ac4a-fd0cc0b48d9c,6674263.17,66.9,0.144,contract,20.4,32.6,1
383c6442-17b5-4b01-894e-fdb5fb2e23db,6072244.74,72.5,0.298,contract,15.7,31.9,1
f4b7daef-2b36-48b4-85db-8ca8fc46a0e1,7393905.66,56.9,0.151,contract,25.4,13.4,1
1a116b6e-8242-4118-99dc-6230e38ac603,4527171.64,80.1,0.486,recurring,3.0,22.4,1
e591b620-f88d-42b9-a690-5bbf208c7fbf,11319808.41,50.6,0.613,poc,40.0,29.4,0
14f358ad-8a5b-41fb-ada3-a52d674837a8,4479259.08,33.5,0.735,poc,20.0,20.9,1
6361bd00-b341-4bd3-bbd5-5797ccbf4930,11348715.25,28.2,0.188,poc,29.1,32.4,0
28d0abc9-a947-4a8e-99af-0cecca318342,4231300.96,89.1,0.038,contract,8.3,34.2,1
3c73198f-cb83-4a3b-b85a-6a97b3000c8b,10882967.81,100.0,0.117,contract,0.0,15.3,1
228a4304-bc7c-4f3b-9b20-8cf9cf8bc87f,4926368.29,61.5,0.165,contract,7.2,28.5,1
2bc39be0-74b3-4831-84ac-6c1bc3eb8cd9,7251028.6,100.0,0.374,recurring,0.0,31.1,1
10e315f2-2f17-48d0-b1de-3a28c802a8ea,10621353.03,77.3,0.365,contract,24.7,24.6,1
caa866a1-69d0-4d0b-971b-b195306c27d7,13132996.95,61.3,0.282,recurring,4.3,22.0,1
f31cf92f-d4f5-4b87-8636-a24390468c56,12498319.47,12.7,0.271,poc,19.4,39.6,1
8b30ceb8-998f-4851-b211-745ced9e84e9,8607565.68,76.7,0.692,recurring,0.0,5.4,1
9e0d6eee-a3d2-40ae-9d35-70a12a306e2f,13859074.29,80.3,0.828,recurring,6.8,34.7,1
08b887e5-4e7d-4a4d-b645-e270fad30ef1,2014916.14,76.4,0.372,recurring,0.0,36.3,1
91e0d077-354c-491e-94fe-3c9b838559cf,6656596.46,53.7,0.149,poc,22.4,33.9,1
2d89b786-233f-46ac-805c-f29373d19a2e,5980320.55,38.5,0.175,poc,24.7,27.1,1
5e86afcd-f69a-4453-8a84-69b886d52ebd,8620324.62,47.2,0.309,poc,16.3,31.6,1
6322b04e-3fe7-4cc5-aa2b-ed1936bb8946,2074609.74,63.3,0.517,contract,7.9,13.5,1
e1fad7df-a447-46a1-9049-1e95ab017a16,4933002.22,44.4,0.357,poc,11.4,16.1,1
988b60be-71d6-4a69-9a5f-2257c0d7ff3a,1177439.85,55.4,0.199,contract,3.3,24.1,1
49038698-d4c6-4310-a4b1-9afb5fb5a205,17815962.52,55.8,0.244,contract,5.9,30.0,1
824b12dc-97f8-4c18-986e-fb7014c3441b,4348241.8,78.2,0.247,contract,2.1,28.8,1
ecaaff53-319c-43aa-babe-86c2b5007d61,3753313.99,40.3,0.376,contract,9.7,19.4,0
0e1ff7d0-f7c4-46c4-8abb-00cec1d158b0,4646680.62,74.1,0.613,recurring,7.8,30.0,1
ed6a7644-b36e-4b99-87f9-94efe783a68b,7046510.57,70.1,0.207,contract,14.1,46.5,0
3f8c4d91-59ed-4745-ba5d-d384a708e23e,4803599.39,85.5,0.283,recurring,0.0,19.1,1
fe8e9cbc-b6e5-4197-a2f9-26f6076ca894,6217580.34,16.7,0.48,poc,22.9,37.6,0
3c9a14be-88b0-49e2-969f-3a49ba2f3502,4750328.11,50.3,0.09,poc,37.7,24.7,0
0cbcf57b-39c5-444e-bb60-4cae10d555e6,5121656.05,48.4,0.359,poc,13.4,17.7,1
4b4ddc89-2213-4a46-a633-26822a79dce5,5308278.93,100.0,0.282,recurring,0.0,8.7,0
e6c84708-afcf-45c6-972c-6226475309fa,12158562.68,58.0,0.207,contract,5.1,20.6,1
342a39be-1ceb-42b6-bf3a-87e1d8517544,3115075.65,4.8,0.303,poc,2.1,44.9,0
8ed8f017-985b-4e37-a79e-20d8d9329577,5118496.32,36.0,0.075,poc,15.5,16.5,1
d8ef3269-e570-4ec1-8a7a-b81b0b84556f,6679080.7,20.4,0.158,poc,8.7,54.9,1
307c9f6a-165c-46cb-8673-03fe56293a39,10249302.19,76.6,0.495,recurring,16.1,41.9,1
4bf8afde-90d6-41a4-bc03-36ecc73a42aa,16554772.78,48.5,0.326,contract,0.0,10.4,0
3b117793-f89a-44c0-aad7-3976c6c9c8b4,4437258.97,46.6,0.547,poc,35.1,24.6,1
0f60a82f-39f0-40bf-a7ee-6b62f412ea69,3419304.15,7.6,0.1,poc,30.2,35.1,0
32979fbd-2c6a-4eeb-882d-1800fc69e5e0,7255190.57,73.3,0.378,contract,10.7,18.5,0
f0220c96-e872-44ad-a1cc-35474b260129,1215021.98,44.5,0.372,contract,22.0,42.8,0
6223451b-0da8-488e-8b05-8f4b762779d0,7494811.87,72.8,0.349,contract,0.0,31.2,1
3d898d4e-5cf1-44c0-9991-e02eebe3f27c,11564295.15,73.8,0.211,recurring,0.0,35.7,1
90ea1a05-4131-43d2-984b-1aee66415428,1380315.09,34.8,0.15,poc,21.2,18.5,0
3b533e0d-d1f7-48b1-a7e0-5a559d2c0730,4743181.92,48.3,0.577,poc,23.3,9.2,1
ff065f48-5238-4ead-b54c-555d6b2ac17b,6784564.41,83.4,0.278,recurring,7.9,20.7,1
b1ab9194-7666-4a74-90d0-951dcfefd139,5079455.7,85.9,0.513,contract,8.6,31.6,1
1f26458c-2bcb-4984-a395-7f18415ccd7b,7975405.05,52.9,0.426,poc,21.0,16.8,1
452578c0-bae8-4074-a20e-be942ecc0400,4972914.15,40.0,0.052,poc,24.5,23.6,0
96a295a0-8ce4-4c72-af94-fcc3e4ad1c3c,1631813.37,88.6,0.297,recurring,0.0,38.7,1
06833768-18f7-4ed8-a49c-64034c8d6015,2723046.81,56.6,0.405,poc,24.3,23.4,1
8f3e36d6-832b-45e5-8287-0a085ba91d68,2983619.64,89.9,0.423,recurring,18.5,19.7,1
d10e30a6-70aa-4b1e-875f-d122abb6f21a,2635575.34,36.4,0.289,poc,26.4,22.1,1
58586f3f-ffef-463c-b6ab-9a8add90f31d,2699865.5,76.8,0.175,recurring,10.7,18.9,1
a7eba6c4-ec08-42db-8c60-54c062adcc83,6002689.26,66.2,0.202,contract,5.9,49.8,1
dd35eb55-b067-411f-aafc-2b5df6e031f5,1832379.76,40.0,0.184,poc,27.5,42.6,0
031ad950-e73a-4114-a8dc-740d7f310bd3,10288934.81,44.1,0.459,poc,20.6,31.2,1
c217a35c-751f-4f9c-b8a6-72aae064e359,15171522.77,93.6,0.486,recurring,9.1,33.3,1
cff76694-865f-46b1-8bd5-72adf4e982b6,8748051.74,27.2,0.166,poc,29.6,15.0,1
aea5504d-55a2-427d-8d7e-c08219182873,4256443.6,38.8,0.677,poc,26.7,12.7,1
91b84bbf-89f2-4adb-9e04-71bfba98b9af,3661540.36,32.7,0.302,poc,16.1,30.3,0
90bbda75-ab38-46bd-a443-e63301596418,3063870.16,47.2,0.134,poc,16.4,26.6,1
65871b0a-f906-4056-b6b6-62025fcf2a5e,14159215.65,78.2,0.425,poc,30.0,25.6,1
0f7c6a12-d49c-49e2-a4b1-55c1207144c7,22883057.38,49.7,0.373,contract,20.3,16.3,1
3de6a1aa-f097-4c91-b5f7-57403bd3af9c,7654744.95,36.7,0.201,contract,5.7,32.1,0
2694b907-9915-47ae-8ecc-a295cfed230b,1260367.23,79.9,0.556,recurring,0.0,19.5,1
2db28655-924f-49ed-b67f-38b21ecdba6e,5590214.63,21.3,0.311,poc,19.8,33.3,1
cef2f4d7-22ea-42fa-8b29-ef1a17d7e04f,9798918.94,58.8,0.252,contract,9.8,4.8,1
a9ad489f-ffcd-4c10-84e3-8840afac79e7,9720657.3,72.5,0.242,recurring,5.2,20.3,0
8ffb5876-615d-4dd7-913c-9920215a4c6e,1740465.33,32.6,0.065,poc,10.1,38.2,0
dd18794e-3d80-4ef3-87ac-98455a0e9b08,2561425.65,69.3,0.332,contract,27.9,13.6,1
d9fd1f02-f416-4059-8688-7d810b6fcf6b,2179300.46,45.9,0.039,poc,26.1,52.4,0
19ae92ed-6718-4d42-93c3-f36723299908,6716691.25,57.7,0.284,contract,0.0,22.1,1
8e10447e-6b5f-4257-812a-797750672a15,1881491.86,74.4,0.116,contract,11.8,3.5,1
78e4a569-1494-4071-8625-79157561cd96,4335193.98,71.0,0.242,contract,1.7,28.6,1
172c94c5-a8d5-4920-8515-ec702b554b9e,3678690.69,33.9,0.35,contract,11.7,39.9,1
fd31217c-72b0-45e3-8ad7-fb1badbac712,4779576.67,72.3,0.463,poc,14.1,6.7,1
d6939f87-ff23-41e3-bd25-8f22b513f983,6109406.82,27.1,0.175,poc,21.2,54.2,1
d533703a-ec46-4758-9e2c-3fc16a067f31,2617418.1,53.8,0.051,poc,8.8,32.0,1
8ac45af9-9718-4bd0-beef-b556e76b1060,2603091.43,53.3,0.28,contract,16.8,29.7,0
771af0fe-8d0a-45ce-9981-effadef19990,9475699.61,27.9,0.6,poc,15.4,29.8,0
d8c6b686-fe8a-4e9a-a2a7-661e7a898899,6949036.08,85.7,0.177,contract,30.9,26.4,1
2ce230bd-3678-4cdd-b42d-7c71e964da83,2784627.82,0.0,0.43,poc,20.3,34.6,1
3bc2a8de-f67c-4fbe-8e89-593ca9dbcfcd,3189006.92,35.8,0.274,poc,23.5,40.6,1
bd490181-6f71-4a96-ac44-b4aa8975431f,6561050.74,96.5,0.584,recurring,0.0,9.0,1
e78d180b-de3d-47e8-9e87-2fb9d164345f,7983223.96,46.9,0.517,poc,24.5,27.6,1
160d34f6-dc8c-41bc-baec-db49b31f8270,6862277.26,65.2,0.543,poc,26.0,26.7,1
6bc8d294-77b2-4ae5-95d5-80ed6970b907,9824533.28,70.4,0.728,contract,6.3,39.5,0
b44dc9d0-1ca2-430e-a92c-5d49d0ec0cd7,3536907.11,72.0,0.613,contract,2.5,16.6,1
62625fc9-326b-4c51-83b2-0d5459a6f88d,3828687.56,47.3,0.137,contract,33.9,38.8,0
6b43ca82-ac5b-4593-8c50-327e3efcc7f4,8284393.63,27.8,0.354,poc,21.0,34.6,0
585c4042-0c79-490d-92cc-ac6080c10082,1083155.97,33.1,0.198,poc,24.6,40.3,0
1c1c2e72-03d0-4469-b795-5a68aef9faca,3980903.94,62.4,0.039,contract,0.4,34.6,1
77b58f69-00d9-49b9-8c6e-d23f91de6331,9488494.43,46.2,0.093,poc,28.9,34.8,1
f2dc21b8-991a-40b8-87af-cbd81214a637,6577367.63,70.4,0.266,recurring,0.0,18.8,1
3419a9ea-1059-4789-8b66-92bbf023db8b,4895303.35,80.0,0.298,recurring,7.5,10.5,1
6f856f06-3605-4330-ba05-0b9ef8c850ba,3221992.06,71.3,0.225,recurring,4.6,36.7,1
d2472279-0b77-4672-bd23-8da2f243403a,15886036.06,51.1,0.465,recurring,0.8,17.0,1
a14d25b0-2cec-4271-9c35-c01ac0dc3b31,9493044.05,69.3,0.401,contract,15.3,36.6,1
20b2a1c6-d905-45e4-9c7e-6493b349907b,4735131.95,57.1,0.242,contract,9.7,27.2,1
1bce3624-3ed0-4f0a-b9b0-34a9664c147a,3458375.79,31.9,0.056,poc,20.9,28.6,1
1547bece-09b6-4947-9318-26ba931a4ce6,2939208.49,27.2,0.375,poc,12.3,25.2,0
dbcf25af-243b-42ad-ab5d-468d4fea6583,18789560.94,63.2,0.1,poc,9.0,26.8,0
d15cdd45-da14-4687-8499-f7d4bdbeac35,4413467.38,97.4,0.17,contract,13.1,3.0,1
6d80f70b-ad56-43e1-a323-23f4ce447610,4707247.47,12.6,0.561,poc,24.9,46.4,0
c16d6c98-1ebf-44a8-930e-e971779e406d,7384998.66,46.0,0.181,poc,23.5,23.8,0
451c75fb-20f3-471b-b3f6-cef2596078ef,12767613.39,72.0,0.072,contract,23.2,46.8,1
3f934eec-b156-4743-9263-6bc5ccc04553,4154676.87,67.0,0.2,contract,15.0,24.3,0
7eec00c0-39e7-46bd-8944-97bfdda98f79,5517189.95,26.4,0.502,contract,19.7,40.3,1
ba9e2451-c826-467d-b989-5a9260b5a82c,8527911.1,48.3,0.213,contract,7.1,31.4,1
5a87419a-6e29-43d9-8d86-e7237074e39d,9237446.34,37.3,0.27,poc,31.2,30.7,0
160f48b2-715f-48d3-8a61-bf0f91f57787,11537046.01,100.0,0.586,recurring,5.0,30.8,1
5a357e6e-c5fe-4917-9c68-e8a3fa1fb7db,7172028.86,32.7,0.285,poc,23.4,43.3,1
ca092ee1-2927-401a-a16e-23cd408969e3,13961843.2,90.4,0.725,recurring,13.4,21.8,1
6f39562e-29ce-4e88-a96e-8cfa35ba4ac5,5701481.51,14.4,0.225,poc,30.0,44.3,1
fd9db606-5d66-4cfd-b66f-ab6017bc5535,6295331.68,22.3,0.065,poc,16.7,31.5,1
2ad90d4e-9574-4a8c-9879-04d2105c7989,8171782.71,96.2,0.295,recurring,0.0,15.5,1
849820d3-8bb5-4a96-bb89-bb2644a1d7ad,6688264.58,95.8,0.848,recurring,0.0,39.4,1
27c1588f-0a6e-4b30-b4ec-06f3ca5d2e69,3735637.52,33.1,0.081,poc,11.1,33.3,0
3e92af1b-a295-477e-b752-3fcbb6697863,4183094.87,59.6,0.217,contract,13.3,25.3,1
8326b8ef-e009-4a8f-9d9c-1faa07ff8694,5516745.17,97.1,0.588,recurring,4.1,28.2,1
b90db6dd-0a69-495d-be3d-e1d49fe7444a,5149044.11,0.2,0.261,poc,17.9,39.6,0
e3f10421-b9d3-445a-9ebd-02cfaa1dbaba,8133369.81,81.4,0.624,contract,15.2,27.1,0
d5d88248-5d88-4af9-a929-0d67a0f5e579,2993459.18,55.1,0.323,recurring,11.2,33.7,0
832b769d-b607-4d43-9a82-755a54c4a62a,6118085.52,70.5,0.682,contract,6.7,23.4,0
e047b456-4cfa-4e04-82df-1b2218d9972b,3731989.31,39.6,0.063,poc,27.8,24.1,1
59201150-c3d5-42bb-9691-f28bbea935d8,3687873.76,67.5,0.329,contract,16.8,10.1,1
9be30249-15c8-4814-b954-a3adaeb0c905,4092531.51,90.4,0.466,contract,3.3,4.9,1
d140224f-207e-4d11-9292-72f665145b75,1489053.33,55.9,0.326,contract,12.8,45.3,1
1c643dcf-2101-48c9-8bdc-e58467d6a94a,805179.32,27.6,0.643,poc,16.2,50.7,0
08036054-5c5c-4a0c-8c47-da97c5d15eef,2469839.23,87.0,0.133,contract,13.7,30.3,1
86ca2923-26ab-4462-a24a-7122cbf9b275,8480749.49,67.0,0.315,contract,9.2,21.1,1
aca04c7c-d536-46dd-93f3-d27faecec92d,17553505.34,96.3,0.574,recurring,7.1,11.5,0
3995bc3e-9fbb-4d72-8501-20fe3b4e0f35,8171464.09,59.4,0.183,contract,0.0,22.9,1
08f02df3-4ca7-43d8-8135-6a385bcc5e5b,10924168.36,36.2,0.283,poc,37.5,29.1,0
82ec75eb-969b-42c4-8c95-825c3a65cc4e,4481294.12,44.5,0.257,poc,20.6,31.8,1
f3b12f3f-3555-41b6-b5aa-d87f1c6cce5f,10132401.77,53.9,0.203,contract,12.9,36.4,1
56215e32-f0e2-4f06-9815-e3416cefac85,7856734.02,100.0,0.72,recurring,0.0,23.1,1
c9676653-3996-47ec-b137-f0ce6e784ac0,3701419.32,80.1,0.347,contract,10.6,14.2,1
93948c55-83c4-497b-b680-3e49c4cc516e,11465386.3,56.3,0.073,poc,25.7,26.7,0
513bca97-0ddf-4af9-a76f-10830e290201,4749436.0,36.0,0.249,poc,17.0,12.8,0
353f66cb-5c65-4022-94b1-0e444a76fe1f,1191529.39,58.5,0.38,recurring,6.8,29.7,1
1fc839a7-384b-4e00-b565-8a15b2073495,5946833.78,33.0,0.026,poc,12.8,45.6,1
e6330b60-a796-4fb6-99f8-4746364968b2,2712200.11,70.3,0.395,poc,29.1,20.8,1
2ff4d32f-dd49-43f8-aca4-33a6a657ad3e,5221228.32,69.0,0.242,contract,0.8,28.5,1
aec85627-40d4-4af9-b1e2-90fda404c091,7099796.87,84.1,0.353,contract,7.1,6.6,1
fd00f1f7-a149-444f-ae0e-6ef1c78b1aeb,8491322.67,73.4,0.195,contract,18.8,27.9,0
810fa9f4-1ac3-4eab-a927-1df8b2a65899,12014349.87,24.5,0.42,poc,23.5,36.7,0
ad5ca6d3-7da6-4668-8c9e-a66f95e69159,3983913.7,50.6,0.387,poc,26.9,52.7,1
8a0c5611-8f5b-42bb-92ac-a2d90c5bbf35,4658479.63,22.0,0.282,poc,9.0,28.4,1
1d549425-e688-4e10-8098-2e9036881a51,11251260.29,60.8,0.369,contract,16.3,32.6,0
2ba24446-e9ca-463b-a689-30af2fb70ae4,3826304.97,63.6,0.169,contract,10.7,24.0,1
db07695c-c444-4cb4-916e-e5343ccfeed8,12297566.38,99.1,0.665,recurring,3.8,25.9,1
395dd2b4-7b73-4b19-8e26-73bc0fc50048,32913949.99,68.0,0.634,contract,11.0,13.6,1
ccfac86e-7888-4ec0-99d8-36648baeb111,6901821.3,28.6,0.388,poc,29.0,29.3,1
d89db3e1-2e51-4f42-89a3-c7bd063b89c2,3479196.87,44.2,0.084,poc,27.1,29.7,1
0811f1ce-c8b1-4317-a189-3a50330e94f3,7471908.39,100.0,0.563,recurring,16.3,32.6,1
88b94063-4aa8-4cdf-b3f4-fa1769797f45,42896953.94,64.6,0.182,contract,14.6,30.9,0
a5160fa9-4042-4f71-8a7a-19248f60ccae,13204356.82,85.9,0.566,recurring,8.9,7.6,0
e0c34e17-d4e0-4c2c-89bd-7d04f2c8ef83,7499148.21,56.8,0.097,poc,18.2,33.4,1
935fcf5f-0763-498d-85e9-fe8b79d9e627,4289556.04,81.1,0.347,recurring,0.0,12.7,1
dd320938-b2d8-44c7-a6b7-7ad380b2a35d,3778161.98,67.4,0.035,contract,17.7,21.8,1
82bd100c-edc1-4b6b-ba61-863ee391f5de,3251479.37,78.4,0.466,recurring,11.4,14.0,0
db29d30b-01fe-467e-92c4-71ac425969bc,6660976.47,60.6,0.357,contract,15.4,32.7,1
1ae7cc1f-be60-4dfa-89f5-1eaa0fdc74e7,7602852.11,51.9,0.124,poc,36.8,57.8,0
bc80f292-a238-4d27-80d4-2212fca439e1,25554111.07,82.3,0.418,contract,3.6,9.5,1
5a15d13f-40f7-4e1c-8064-85764eeba175,4082443.28,54.6,0.539,recurring,11.6,29.5,1
a6fd507e-c545-4499-8216-9b808c4237b1,6695744.66,29.2,0.135,poc,19.3,34.5,1
3cf86b25-cdad-453b-8f1b-55f926b15a0f,10721364.64,81.7,0.353,recurring,3.4,32.5,1
b593c983-ae46-4c0e-8100-d55a27572dcb,2519455.88,48.6,0.237,contract,21.2,40.9,1
cb334a38-632a-4ef9-bc22-eb93ed657172,22403674.02,49.1,0.136,poc,21.2,37.0,0
5c397fef-a525-4c9c-b1f0-4c73a9eeb40f,12126476.74,88.4,0.495,contract,13.5,13.9,1
8c428a42-69f4-4379-91fa-afba8a54621b,6669216.6,28.4,0.162,poc,20.1,40.6,0
fbcd390a-d233-40bf-98d1-289292296a8e,16235481.7,68.2,0.239,contract,2.6,27.5,1
55844df0-172f-4219-8e76-14655568da97,11690514.71,79.9,0.711,recurring,5.5,5.1,1
c97f6a16-d011-4cda-be2b-eb06014264da,6021290.48,22.1,0.186,poc,19.4,54.3,0
58fb73aa-c263-4f3d-8df5-7aca3a816d25,3337047.68,25.0,0.654,poc,21.5,32.3,1
386eb3b0-8cec-4ae0-b121-1fcbaaaeffd9,4316821.57,93.4,0.297,recurring,2.0,15.5,0
2e2c3776-7f2b-4881-a5b4-6605352b7001,2587285.95,19.0,0.3,poc,13.9,26.3,0
70112d1c-acaf-4acb-ba8b-c08f1919a570,8552477.45,88.7,0.266,recurring,5.8,46.5,1
b9e46aca-f1b4-4f1a-95e6-d5f03beaa6ad,2426897.93,79.2,0.535,contract,12.8,37.1,1
6141016f-e0a9-49f0-b69d-5239ee419afb,1552210.29,78.2,0.271,recurring,27.3,36.0,1
57043535-f82b-4257-b28f-c33a4c929105,8042910.75,54.3,0.133,contract,20.0,30.5,1
ec01ed2d-8800-4d25-ba66-72c007566c06,3476123.19,61.6,0.268,contract,0.0,32.0,1
10984572-c357-4a88-9877-bf89f853c0d4,5351722.02,73.2,0.226,contract,22.6,20.5,1
2b419fec-d940-43df-8bda-7827bece6483,4250815.79,51.2,0.422,contract,12.7,4.5,1
09e5e08b-5278-4a30-ba45-01b763c3f923,9196256.03,84.4,0.416,recurring,4.8,36.7,1
ff9ba1e6-bca2-45f9-9a72-601774d16d32,8631812.72,68.7,0.073,contract,11.1,23.0,1
4803badd-b3f1-44dc-b131-f6cbbd8d8372,2445161.9,75.4,0.165,contract,13.5,1.0,0
7d00f09b-2e8a-4cc5-b573-dfbd47804dbf,10081353.68,71.9,0.253,recurring,0.0,40.8,1
807d49ba-0e96-41a9-9cbd-05c5bb42bb49,5349869.87,61.4,0.405,poc,26.7,44.5,1
a32ab76f-08ce-420c-839a-8f1876b3f9e8,1161207.68,30.6,0.191,poc,21.9,31.4,1
9688f22d-1069-4743-9f27-3c0ef6f6f070,18160181.12,70.2,0.226,recurring,0.0,22.4,1
e93a9104-3422-42bc-8dd6-1d11afd43c12,7646629.5,60.5,0.189,contract,0.0,21.0,1
cf3e154b-371a-417e-a66d-328f1ccc75d5,13372001.73,38.7,0.326,contract,9.8,30.2,1
a298b46d-1c2e-45d8-89ef-d696cc6f38e9,7843886.79,23.9,0.299,contract,7.9,33.5,1
6bb5d521-e973-44c6-9efb-16bd4858aa6a,5624205.65,57.1,0.437,contract,10.9,23.5,1
ad4cebbb-8c92-4483-b09d-cbf5d8bc3ea7,5502057.17,36.3,0.499,poc,18.8,35.1,0
2944da57-82f5-4928-b7f1-5af5457d40a5,4219974.87,80.3,0.489,recurring,3.4,11.8,1
80f34462-441c-43a7-b143-1444ffb066e4,8059630.83,73.9,0.118,contract,29.3,36.2,1
68db99ee-277d-44e2-b0c7-cb6a9598f4bf,3860770.74,90.5,0.683,recurring,0.7,25.0,1
435dd130-7fe1-4fc8-89b8-deec9d07ef7e,6686774.03,100.0,0.545,recurring,9.7,15.0,1
0eb6b7db-bf21-4f01-a980-9a01ef85fdc3,4250512.52,50.1,0.173,poc,14.1,34.5,0
a6807765-f24c-4908-bec2-d43269ed57cc,4135754.66,76.3,0.763,recurring,0.0,10.9,0
89d77916-fa62-43cc-92c2-6bfa4f28eb07,2476484.9,68.9,0.254,contract,6.7,31.6,1
38c6590e-e904-482b-9f3c-d10c5ff51260,9088247.68,93.7,0.464,recurring,7.5,23.0,1
08fb53c8-8f6e-43a7-b024-b696e2a40875,3228617.92,11.4,0.064,poc,23.3,47.0,0
cd099291-048a-41b0-954c-6131024242da,10520883.96,71.5,0.163,contract,16.7,26.2,0
4fde62b1-1f9c-4d35-a91e-676e4d04f2e6,7214573.18,70.2,0.313,contract,4.7,21.0,1
b92c0447-79ee-4789-903d-01599cfcf589,10989238.08,86.9,0.136,contract,10.5,21.7,0
b709431c-aaa8-497a-b247-aba5db283ef3,7385504.22,91.0,0.45,recurring,2.0,29.4,1
abc80025-a4a7-4f05-a6f6-a2f834135723,25061600.37,72.6,0.343,contract,6.8,38.0,0
816e45d2-eda4-42fd-963b-34c8a2c58a22,5443835.21,81.3,0.255,recurring,0.0,20.9,0
fae9c9eb-af3d-4c74-8f62-5226202c1c21,6029878.57,28.5,0.057,poc,14.5,39.4,1
cc8d2034-b669-43a8-bcbf-07730b831888,4674942.52,100.0,0.485,recurring,3.0,17.9,1
feb5c005-c030-4e4d-b230-697b21401fab,4333008.75,81.0,0.325,recurring,0.0,33.3,1
507e83d5-f120-4956-99bd-a36dfb2c22e1,3389439.66,85.6,0.351,recurring,0.0,1.0,1
c62a3e76-7f2f-46d1-ae53-f5bf688abf53,2891112.87,13.3,0.194,poc,16.7,14.4,0
bbdc1917-0083-4479-9ab8-d4fffb6c83d1,5026765.02,74.6,0.367,recurring,16.8,19.4,1
d6da1d9b-73fc-40a2-ab9e-daf7dbd17392,8552762.9,33.6,0.157,poc,16.2,32.5,1
daa04c1f-1776-481b-91df-455f638a5bb1,5228752.51,70.8,0.195,contract,7.3,23.0,1
4e3a7a9d-cab5-4ad8-99e4-5f1af74d66bc,14229057.46,60.9,0.188,contract,5.8,29.8,1
3bee4ec4-4e37-4b9e-814b-02e2941dca78,10083042.41,66.3,0.152,contract,20.4,11.1,0
811e379e-9887-4a65-8956-b56ab73f0b1c,5506356.4,56.6,0.593,recurring,13.5,26.6,0
25419f13-a653-4d7c-b11d-3b4990e930af,3381174.95,36.9,0.441,poc,22.0,46.0,1
a2663d3a-60b6-420f-8958-af88c89daf3d,7424565.63,21.5,0.265,poc,21.3,33.9,1
61f1757b-e251-4e9c-bf26-4dabbb2ab553,8494209.79,19.6,0.334,poc,15.2,49.0,1
db91364d-1651-48ef-b81a-243f80535039,10696426.83,57.7,0.156,poc,28.0,48.3,1
7be77663-9edb-4fdd-acb5-0073897e79fe,3264323.12,0.0,0.296,poc,22.1,24.6,0
ac62de08-f748-4643-8d94-3cc5bb317d9f,2480701.87,48.1,0.423,contract,11.6,44.0,1
0b741c20-d2ce-4157-a08b-848d5ce0997f,9558306.69,69.6,0.148,contract,11.9,18.5,1
08af541d-ca62-41ff-b440-01ea0e31a1cc,2379311.64,55.4,0.436,contract,26.3,23.0,1
f042791d-5404-4517-bbee-151334255fa3,3205731.44,42.3,0.141,contract,19.8,30.6,1
032d5d9d-bbae-45e7-919d-c28b71656a8a,5591374.77,54.7,0.257,poc,0.0,33.4,1
1edce93e-969d-4e40-991c-36efb9da0008,9145138.08,93.8,0.223,recurring,0.4,33.6,1
e8cca710-d69c-4aaa-b787-b07c02938b68,6081416.74,51.8,0.37,recurring,0.0,32.1,1
8d37c243-dd47-4aa4-9c3c-9d317a84dcce,4927588.65,69.3,0.309,recurring,3.1,36.4,1
a0ad64c5-cdbe-474e-8642-b13b957b0f89,13955036.61,91.1,0.554,recurring,13.9,31.3,1
cfa96450-47d5-47a2-9c5b-cae819d346bb,4488822.23,91.2,0.186,recurring,0.0,29.6,1
0955b095-23aa-4c12-937e-793a995c4692,3172290.57,72.8,0.216,contract,7.7,34.9,1
66783efa-ccfe-4af9-ad58-387cf865597b,3635976.8,88.7,0.653,contract,12.9,23.4,1
23eb3123-ebff-4af8-892f-0038563fe3e6,8005789.48,85.7,0.389,contract,0.0,41.8,1
9ac5a6bc-c11c-4d2e-b479-8729e84890d3,4613212.67,57.9,0.116,poc,20.5,20.9,0
6eb689ef-b0ee-4441-92f4-afd0b721b881,9855511.14,36.3,0.449,poc,20.8,23.3,1
fbc4b76a-938d-46e5-9281-f91116aa87dd,5078999.28,68.6,0.174,contract,35.6,26.7,1
fca5fad8-33c3-4820-bcf6-f187d51b5853,3623464.36,79.2,0.107,contract,7.2,14.7,0
125f93a9-418d-4825-8b78-39145c4b4a54,1808424.76,86.7,0.336,recurring,18.1,23.9,1
2b62f626-2a8e-40d6-82f4-4eebdf22e933,2623705.12,91.2,0.384,recurring,0.5,16.7,0
b330c136-8191-4d4f-b4e6-349c8203298e,5243087.08,87.3,0.242,contract,0.0,15.0,1
dfd81bba-3658-45f8-9ab3-cc70b4b6e9c4,7379316.68,39.9,0.702,contract,12.1,47.7,1
584a94f9-4335-4c6d-aa5a-4ecfd6820080,2315382.94,70.7,0.345,contract,13.4,31.9,0
2c11c528-0ec4-4f74-9166-8c68a71e84d6,2466379.23,26.6,0.107,poc,0.0,38.0,1
f9fbdbda-8304-4291-8f42-d1d86d3d7ca9,1999033.75,25.9,0.537,contract,29.6,42.7,0
a474e9db-4496-4d44-88f3-b30e40c95fde,8130653.32,92.3,0.679,recurring,0.9,21.2,0
b61251f2-c437-43d8-8c70-6aca60c79075,2582404.36,58.0,0.07,contract,18.0,44.2,1
cf89376c-3731-48a8-847b-166d1edf5398,7098562.43,83.5,0.342,recurring,0.1,20.1,0
5cb06924-2959-4257-bb42-697ff3c929ff,9076757.06,81.3,0.478,recurring,12.0,31.0,1
69254f46-952b-4233-840b-8d1910408101,1171523.09,50.6,0.011,poc,43.2,41.4,0
cea2d899-e386-44bf-b02c-190dcabe5503,4976152.6,67.3,0.098,contract,19.2,37.8,1
9e4a5038-8f66-42f1-94f7-9ae7f764fd72,3950615.86,25.0,0.564,poc,0.0,26.9,1
4ea08229-a605-4b13-a9d8-37d1d2006981,4785405.65,82.5,0.621,recurring,11.7,40.6,1
2b153f00-8b74-40e9-844b-e7ba1d2317f0,2151868.52,68.7,0.277,recurring,0.0,19.6,1
cb818ef3-22c7-4721-b490-bfe90d65d499,17320202.19,56.6,0.064,contract,20.1,34.7,0
2ccf0586-024a-4292-9e86-669441d12f13,4246941.62,74.5,0.565,contract,32.9,26.0,1
cbc99f1c-4955-4200-a421-ba5cf3b1dbc7,3153410.52,27.3,0.308,poc,19.1,36.7,0
dc30b8b8-7625-4a0a-baf5-f0cc1c8b6c77,5181340.46,46.2,0.177,poc,21.4,40.3,1
9fb3d904-b60e-4aae-a9be-5311cf298958,2939611.41,86.6,0.359,recurring,0.0,16.2,1
031e37ee-9029-42ae-96aa-a020b0224b84,6558255.39,70.0,0.109,contract,19.3,12.6,0
60f24958-0263-436d-a480-27fa486ed5db,6901040.05,8.3,0.158,poc,24.6,42.7,1
a9221b99-e863-4e6c-a4c7-792da5718fbb,8451548.12,96.5,0.289,contract,7.2,37.3,0
dbc16cae-63c2-44d0-8276-b2387250a39b,4537432.65,24.4,0.206,poc,11.4,43.5,1
177287fd-2ace-4622-938d-ee152897df4a,13315064.8,100.0,0.267,recurring,7.7,21.8,1
265b7ab4-70d3-4c64-b494-fcad84bcf48b,4023190.16,93.2,0.309,recurring,4.7,11.9,1
e9350ba2-79b2-4f7b-bff3-f035a7dd2160,6377235.87,37.7,0.263,contract,0.0,34.8,0
cf8e7fbb-ec5a-441c-9b28-a6127f707eee,2438146.29,100.0,0.344,recurring,0.2,30.2,1
13d16a9a-7757-40d6-928e-591cae754ab5,2583322.08,66.2,0.321,contract,20.3,16.3,1
57c5c333-7d38-44d0-8a2a-9ad55476b6f7,1910645.6,73.7,0.342,recurring,6.8,9.9,1
0af9f172-dab0-4a4b-bf53-e7fe7c423490,11012089.48,82.6,0.149,contract,14.0,26.8,0
7ee295b5-2459-4a7e-b84c-d82662f07de9,6330327.81,44.9,0.52,poc,12.2,29.0,1
32fe7728-5f29-4e70-8576-64aca2e53386,2943362.34,85.2,0.29,contract,13.7,29.1,1
90ba6a24-65c2-4678-af1c-268a9fa8ee8e,5407673.89,37.8,0.323,contract,17.1,24.6,1
ae33d268-34de-4f81-a72b-04dea4c79791,5912412.14,48.8,0.22,poc,19.4,39.0,1
481f665a-bcc3-4c2d-9cae-0fa0a0d0a484,23179658.78,92.3,0.378,recurring,7.0,23.9,1
490de24c-ecb7-44cd-bf3d-c0776aaa139f,7659267.36,55.5,0.384,recurring,10.3,31.6,1
186747e5-b4e9-4cf3-9f46-255ed30fd85e,6451823.05,83.1,0.416,recurring,4.6,31.5,1
22cebc84-014a-40ec-a805-50c52d9cda24,10090407.61,39.5,0.297,contract,15.3,32.7,1
9cd8042e-344f-4055-8650-edf232a15f08,5860653.15,44.3,0.414,poc,7.3,25.7,0
dc20e142-d998-41f0-a63d-11da060db5ec,4717485.68,83.3,0.442,recurring,15.2,37.7,1
75df90ac-aa04-4a21-a239-c1ba5a03b7fb,7257023.15,69.8,0.384,contract,9.9,40.5,1
821838de-92fd-4faa-a24c-4fb01b888751,500000.0,50.1,0.156,contract,4.7,27.3,1
260c5408-3030-4908-ad8d-bc39eb9c48ef,17430193.17,71.2,0.446,contract,4.6,34.7,1
81f43674-4bac-4f0c-a7b6-1241206a53be,21659751.31,32.5,0.058,poc,24.5,37.7,1
f8a99199-7d65-40c5-befe-23e578756797,2256610.77,29.6,0.196,poc,17.3,20.7,1
828ce400-7b11-4bc8-97bd-7e424041ac4f,4945903.38,22.5,0.097,poc,30.8,30.2,1
ab04bf7b-84e8-46f8-a94f-b864c7a52d07,6941782.01,23.5,0.181,poc,28.1,10.2,0
e0478213-ca2a-449b-9822-bece42d49302,6885361.17,67.1,0.308,contract,12.1,8.9,1
3bab3063-f1de-4ef0-b106-27a10626e24f,9047742.06,46.6,0.444,recurring,3.6,30.0,1
0c9a41ef-5f7f-4d49-805b-c7e00ff7f8e6,1887529.08,94.7,0.422,recurring,7.4,1.0,1
792857de-1f26-4c08-aead-e31466dc2365,5590235.02,54.1,0.364,contract,1.8,22.1,1
b9d0fc5b-58f8-42d2-8a06-bf8a9976d00e,3977244.47,38.1,0.369,poc,35.1,32.1,0
149e97bd-c81d-41aa-b401-5e5e5b4d6014,2836530.06,49.6,0.18,poc,20.4,28.6,1
4ad2c42d-db56-4f25-b3db-ee3036164415,7516152.63,82.3,0.999,recurring,12.4,14.7,1
b46260db-970f-4b9f-8db5-9a783b2ac7a3,12921890.98,5.1,0.286,poc,19.6,45.4,1
3336c51b-8949-43e8-8a1c-88bc9691f6c7,2574031.37,20.8,0.363,poc,22.0,28.8,1
3b40f944-f54b-4f7e-a56e-f9531ef85247,3708872.24,36.9,0.338,poc,18.9,34.4,0
569860f4-865b-4ef1-84e3-09c594208fb3,5103774.22,39.4,0.172,poc,21.3,25.1,1
72590bcc-0124-4af4-8dc6-909d5a45e78a,7234452.11,84.3,0.473,recurring,0.0,31.0,1
ecf5dd28-fdba-4d73-83bc-da82002ccd19,15844888.42,28.3,0.524,poc,23.5,24.7,1
eafd7798-5ae8-4526-b519-932dbd70e703,1987992.14,69.9,0.174,contract,25.3,36.3,1
599956c2-8118-4e2c-b763-78c9301a2bb2,6769049.88,29.0,0.247,poc,32.2,30.9,1
dfbb28e1-b649-474a-b070-9176383a078c,5534593.25,86.9,0.377,recurring,4.8,27.9,1
47bdfc78-bcf9-408f-b7ed-d41638bb1d21,28276601.0,93.5,0.511,recurring,0.0,8.5,0
5ed5c395-010a-45aa-805e-e7133735c92e,3216885.74,55.8,0.451,contract,3.2,13.7,1
07b7e4d8-e7d2-4bcf-b315-e0230ec97c09,6147898.05,63.5,0.008,poc,20.5,30.6,0
5588dde0-a7a5-4be0-ba50-2cd8fed33ccb,7598459.77,51.5,0.351,poc,21.7,35.1,1
073cf1b9-a647-47af-850c-0796e4ec52c8,8702525.47,76.4,0.385,contract,12.7,31.3,1
c20d793c-14e3-4b33-af3f-8cde7ddabdd1,3148808.97,9.3,0.701,poc,20.2,23.8,1
65845701-db08-417a-8053-5bd323ceb7f2,4344444.92,51.8,0.256,poc,14.0,25.0,1
d00f693d-da79-40da-b99d-602351485fc6,3565758.22,54.5,0.468,contract,4.5,3.3,1
d27673eb-3ad8-4b3e-9c09-5cd92d978b82,7404342.86,76.5,0.218,recurring,6.3,16.0,1
bdc22d9f-edb5-4d4e-af7e-c1f01609ebd6,4544035.39,67.8,0.02,contract,24.1,35.9,1
b67fc3e8-0b27-4f79-9379-0ee0c41ebf6b,24384970.49,48.4,0.633,contract,20.3,29.0,1
1725d745-1c8a-4259-bb27-1aaf221a43dd,4754695.89,79.5,0.293,contract,10.3,36.3,1
e5fff1dd-e888-423c-b5c5-9bafd0e5856d,3550526.64,89.0,0.381,recurring,7.4,21.7,1
c7d8a763-0144-442e-8970-5c3abd495da7,3196115.1,63.1,0.442,contract,14.8,27.4,1
c2a81db4-2f03-457c-94a8-05cbfe5c6610,5986954.87,39.5,0.199,poc,27.7,29.9,1
ce5f6725-336e-4367-8143-2418129f73c9,4045928.17,39.7,0.183,poc,22.5,34.0,0
a75b1fc5-0ae9-48ba-afac-44e111b2b9ff,8807082.79,62.5,0.036,contract,19.5,28.2,1
2ec99da6-154d-4fa2-a672-0140ec1a699f,6663744.59,78.6,0.43,contract,20.0,30.4,0
321e31ea-5234-4abf-8c67-f73244403244,2035513.19,78.2,0.256,contract,11.5,23.7,1
d9e4a222-f541-40c1-a27c-e105b3bbe6f9,9465242.62,50.8,0.457,poc,24.2,24.3,0
be99e384-0285-466e-9558-6e7079533a75,15122514.63,65.5,0.234,contract,17.8,36.6,1
bd58fdd9-d831-43ff-a8f9-683e9302c131,6438107.94,64.9,0.195,poc,25.0,24.1,1
4edb0727-a212-4fe3-ac5a-fc182c6d2210,7712859.56,100.0,0.381,recurring,6.6,19.1,1
61214c7b-0140-42e3-b025-a17d22056199,3586322.21,55.9,0.416,contract,14.6,21.0,1
e0614cc7-65ca-4250-a2a4-46df54311aff,2848265.14,34.9,0.2,poc,20.9,30.2,1
e0ec6926-7d75-4d2a-aafe-9aa9eff09eed,4293711.03,68.3,0.084,contract,19.6,36.9,1
bdbd1b0a-ceb9-4d62-9991-29b22ef2f148,2311409.82,86.0,0.529,recurring,14.6,35.9,0
087d5867-fcfb-4427-a8f7-becd3a5bf43f,2048045.88,60.9,0.214,contract,21.1,23.9,1
921fa7d9-f5f8-4132-b244-109646f0dd16,3599427.74,59.7,0.113,poc,29.4,45.0,1
ed1c1c55-2e89-42cb-b2fa-734a978c6c82,10029438.16,8.6,0.183,poc,15.1,39.9,1
285683d7-4cce-466b-8708-269a0dd1e2b1,15391200.83,100.0,0.596,recurring,3.7,22.8,1
751b61fe-bcdf-453e-a35e-034bedd47fef,1430311.28,62.3,0.406,recurring,0.4,38.1,1
e528ebf8-a27b-44e0-8ee3-355d5b37ff07,10477400.02,62.5,0.093,contract,28.1,57.8,1
892487a8-325e-4d86-b749-8b29ef3746da,6355313.65,78.5,0.28,recurring,0.0,43.3,1
a9f5d414-af31-4844-9063-c8345f1ea490,4550259.78,94.0,0.228,recurring,3.7,15.5,1
b0e3be27-9124-4bc8-9252-2f99a4ca9395,22355940.35,56.1,0.525,contract,14.6,7.0,1
92c8d9b9-6df5-4376-baa0-28242195a285,2575477.09,75.3,0.394,contract,14.3,33.8,1
ad3cdbd0-833e-4464-b782-c71d8b6e661a,3978875.99,45.8,0.486,contract,21.6,32.2,1
86cf74ee-bbfd-4958-974c-2017784266f5,1838123.82,75.4,0.302,contract,8.8,15.6,1
fa50953e-88ef-45c6-8b2a-ce9956641c7e,10951994.88,93.1,0.566,recurring,1.1,5.7,1
85d84886-2296-40a3-8f4d-06bf8cd0662b,5032319.0,30.9,0.341,poc,21.1,41.4,0
a40e39aa-3148-4cbe-aa76-3076dcb9840e,5515784.53,61.4,0.491,contract,14.4,26.6,1
9b337368-a030-4cd7-9d3c-066544d6b7ca,1583026.49,55.9,0.483,contract,21.6,31.7,1
cebe27a5-a9f0-4ab2-aead-7c1658fb7377,2286509.88,81.9,0.386,recurring,13.3,31.4,1
4274a65d-6eb6-4650-bf49-01022c992bcb,4898841.23,95.1,0.471,recurring,10.5,27.5,1
a73a5707-608c-4028-acfd-15fda77d5d19,5401720.73,87.3,0.523,recurring,17.2,26.0,1
43e66564-c2f5-4cfd-801d-82a74f43c0db,6738640.58,36.0,0.778,poc,17.0,10.2,0
386894be-c9b8-4c0a-9989-5de50f2c58e0,4717484.61,56.6,0.382,contract,8.1,42.8,1
d2f6d514-72d3-410d-8652-ebf8839cebba,4673447.09,73.0,0.201,contract,26.2,15.4,0
cd4c848e-c7ef-4bc1-a3ab-e23c0d3cbd86,5980380.85,81.0,0.381,contract,0.0,22.7,1
643b79eb-d3a6-4273-a130-84623a2cc86c,4030962.82,66.1,0.056,poc,30.9,25.5,1
56cf2afc-305a-45be-9c74-1fe69752a0ce,8605038.31,89.6,0.314,contract,5.2,32.8,1
1df66056-c323-47f4-ab97-005534165b3b,4942935.07,71.2,0.548,contract,13.3,14.5,0
1fdce39e-c167-4f1e-a021-3bb5b6b253e6,2886367.16,97.5,0.734,recurring,12.4,21.7,1
a8c62113-80ef-4103-a05e-df450f9d70cd,5594714.7,96.7,0.577,recurring,15.2,13.5,1
1168381b-62d0-499f-a680-382d498da2a2,10992613.21,100.0,0.283,recurring,2.4,25.1,1
7390f2bc-b083-4736-b890-1b02e448fed6,9717781.58,75.4,0.659,contract,17.0,32.5,1
6f0d3bcc-defb-40f9-ae72-1c4eb20dc883,4560788.24,62.2,0.124,contract,15.5,46.2,1
bb13fda7-cde4-4953-bd09-a3c7c37445d5,9673717.96,39.2,0.187,contract,3.7,25.5,1
98ad970a-9a69-443f-873b-c5db3accfbce,4669384.11,63.8,0.393,recurring,8.4,21.9,0
6af5461b-5d16-443b-94c4-5d29a010cfcc,5229030.73,68.1,0.835,recurring,12.3,22.1,1
b8fe50bf-ef34-47e1-928d-92314ef2b72e,7949947.35,63.0,0.395,poc,23.8,44.7,1
23bb8bc8-2f68-4366-a059-db91db944cca,5605108.48,55.8,0.24,contract,28.0,6.3,0
aa6e2daa-6640-47f9-8580-b0d84380d6b2,4945418.03,85.3,0.211,recurring,6.4,26.3,1
6d4865af-63da-45c9-90b2-4d4503e51464,13302982.41,43.9,0.283,poc,25.5,38.5,1
08181fba-af8a-4e14-ad25-2f03d08098c0,1793584.29,43.9,0.672,poc,11.9,31.2,0
bbac7530-39cd-433c-81f5-038ce8598b64,10167865.78,78.2,0.293,contract,16.3,13.3,1
07e2d1cf-59f8-47cd-aafc-8150d59d89a8,7320526.24,57.1,0.076,contract,16.4,30.6,0
886291b3-2abe-41b8-ba4f-a9671d076e7e,2944990.62,50.3,0.353,contract,13.2,32.3,1
b609009c-a029-467f-addc-2a5bc7079a86,1366464.27,52.2,0.603,poc,18.8,13.7,0
84962c7d-6003-4fb6-a2b2-4b08249075b4,4953770.59,41.3,0.493,poc,14.6,24.1,1
aecfc414-b849-4de9-b5b0-8144b1e6020c,4044930.02,52.2,0.215,poc,18.4,29.0,1
eada9ca3-91d1-412d-95b0-faa763a45f35,10676030.64,69.4,0.374,recurring,15.8,14.1,1
37ed783d-1a3f-45f3-a8b0-e490466d3b0a,1402095.59,88.6,0.565,recurring,6.0,33.2,1
dcfc96bb-ec9d-4ef1-8057-72b0fa25d416,5009337.21,59.7,0.053,contract,0.0,44.0,1
06c8dc2d-e3a5-45fa-b680-faadd6c6b565,5752718.75,80.2,0.136,contract,22.0,27.9,0
bdc4fccf-c50a-4d9f-b013-4cc075760c5d,9815159.15,31.9,0.134,poc,32.2,35.0,0
30683e7f-70bd-45e3-b185-ad76fd586e92,6563556.32,97.1,0.602,recurring,7.0,40.5,1
6a86cc1c-46ea-4aac-ae91-ed02210bf5ad,5793036.56,83.7,0.606,recurring,0.0,1.0,0
7edbc358-fb5b-4025-b680-6bd63edc1ff4,3404412.18,68.4,0.465,recurring,3.0,19.9,1
0d02b0f5-8867-459e-b0d6-a2df33fec199,6612725.83,51.2,0.265,poc,20.7,48.2,1
1c37ffcb-9026-436d-a792-8b8815af2981,1651747.01,63.1,0.205,contract,10.3,28.3,0
f5d309f4-e1e7-4d90-bfd6-5858d4a32119,3359091.46,83.9,0.231,contract,15.6,31.4,1
719e2ba3-24b4-452f-b571-626430fc4a52,8193359.21,43.9,0.33,contract,24.5,24.9,1
4487f8b4-ffc7-467b-9ab3-27fd05ccc9af,9084613.93,72.5,0.358,contract,19.7,24.3,1
ed5da051-46a7-49c3-91b5-df10ea428faf,8932909.63,66.7,0.644,contract,10.1,30.4,1
3e041ad7-7eb7-415e-99e3-97e70b0d9ced,5685958.44,67.4,0.289,contract,10.4,27.9,0
56827ff1-76e6-49ca-a5f9-0279427d1620,7165788.73,64.2,0.115,contract,17.6,32.7,0
330777f3-5565-4e80-8e80-bf7aea741835,2027118.85,56.2,0.301,contract,7.6,29.7,1
c00e75f7-501d-4d11-9621-3a154381e33a,8667445.21,61.4,0.156,poc,24.4,39.8,1
e1a9ab96-16dd-4554-b54c-9081611c681b,32330510.52,35.2,0.013,poc,30.4,34.7,0
248eb2bc-6f7e-4d4e-b81f-d2ad6d450372,2374741.71,61.4,0.153,contract,19.8,33.7,1
cc93c186-3dd4-4b06-b016-286ef0cbafb6,3874664.51,67.5,0.265,contract,15.9,27.2,1
a48097aa-3f97-4740-8941-9b423caab31a,18374283.69,42.5,0.462,contract,15.9,41.5,0
dc6ffdc0-69ee-423d-b471-4edc0d10c749,3946868.75,46.2,0.227,poc,14.0,30.7,1
4454fc1a-fb95-46ac-b14c-d03300d52be7,2905005.22,51.0,0.436,contract,11.1,47.8,1
0483455d-dc03-4e3e-ac34-1afb08e040a3,5336342.15,90.8,0.197,contract,4.5,27.5,1
485dceae-e616-4cb8-9091-72737d16a8db,7493691.41,75.9,0.163,contract,27.8,43.4,1
71d3033b-2b0d-4b18-9046-cf2ea67b0bc1,4154865.81,66.7,0.055,poc,21.3,22.3,0
30892b2c-cbc1-4670-ac6f-de6ef1f4395f,1495201.47,78.6,0.118,contract,16.7,33.8,1
79ae68d3-5f66-4f2b-9fa7-6db70ce8ebb0,9086350.55,79.3,0.466,recurring,0.0,32.1,1
adeb7b5c-dbb5-42d4-b12d-2e7e919ed1e6,1808077.65,24.1,0.119,poc,17.8,20.3,1
56cd52d6-224b-44d3-803a-890147b543c9,3773745.61,48.7,0.461,poc,19.3,25.2,1
afa5e608-782e-4e3b-a144-5cb724105085,4251500.05,73.7,0.393,recurring,8.4,37.3,1
82331030-775a-43f1-9f6f-1ced21af0d09,5010428.51,39.5,0.495,contract,15.3,34.3,1
f1518bd7-a2a3-4aee-b9bb-e4f468eefc95,3467679.86,40.5,0.132,contract,20.9,35.9,0
fd94984e-d86b-4db6-b383-68ab9f2b21ea,5550591.51,20.0,0.162,poc,23.5,46.6,1
87019eee-86c3-43ab-8a28-669ddf93daba,5831803.23,76.5,0.403,contract,24.9,18.8,1
43120d8a-0db2-4426-9768-32f11bab2097,4696181.11,71.7,0.23,contract,13.7,44.8,0
79a67ffb-84dc-4da1-af36-0834677a39c7,12941082.11,69.1,0.252,contract,10.0,26.7,1
d4bb6f8b-2bc4-4e6a-8bbd-68a2d6268f76,4718853.13,80.2,0.507,recurring,5.7,29.4,1
62f84fd4-b94c-4af1-9c81-6b7051874b85,4782317.06,42.5,0.367,poc,24.3,30.9,1
50ae08e7-61e4-43d7-9b1c-23ef34a07068,13385443.08,48.2,0.072,poc,17.7,29.5,1
ebf0b04c-8538-46cb-8d9e-f4656ff2e7b4,9271379.08,33.8,0.506,poc,30.2,34.5,1
f585009f-448a-438f-ae6c-89f18614ddb8,4240230.86,49.8,0.431,poc,4.5,29.7,0
b71a5b4e-ea69-4c43-902c-01be25443490,5524940.3,46.4,0.255,poc,18.1,24.0,1
3f6b9fb1-9420-4b56-8c2a-3f2ffef3ad93,10385282.58,37.0,0.23,poc,16.4,34.3,1
eaa06179-3461-4d30-a6ba-3d66a68fd3c2,8013472.02,9.9,0.401,poc,24.3,23.6,1
f91267f5-0509-408f-9a90-a657d641b743,2053306.9,59.7,0.045,contract,13.0,45.9,1
bf79d176-e196-4b79-b505-38ae2e74df49,26386632.53,64.7,0.373,contract,7.7,17.5,0
a41fb9ec-b84a-483e-a13d-cf6c6e4184fb,10231531.11,20.7,0.405,poc,17.3,38.6,1
8c76aaa3-4725-4e8b-a306-f97e71f289eb,2793647.03,34.8,0.406,poc,28.7,48.8,1
90e6e738-fa41-4173-8f19-7dbfe60c6ccd,18143317.15,97.9,0.514,recurring,0.0,29.9,1
f5e7d440-bb74-4d18-98ed-6cb0d37958b6,5072180.37,76.8,0.485,recurring,0.0,28.2,1
44c1dee6-2d18-4ed1-975d-64ff1d285445,21876627.62,78.2,0.254,contract,36.2,13.6,0
2dd3ab1f-b17d-418a-8920-75fcb1d10f81,2821757.96,76.6,0.547,contract,16.0,24.5,0
c9425dfb-f6f5-4230-9d29-37c68df2dc18,5039783.05,77.5,0.464,recurring,5.0,32.4,1
96344831-f5a5-4cc4-adc9-387c503839d0,8123852.19,87.6,0.39,recurring,4.9,35.4,0
43414b30-18b3-4f31-b7f7-3b7ac94e7eaa,5287618.72,56.2,0.086,poc,14.0,29.8,1
1b622356-3315-4700-9e0d-4a09bf8c24a8,5269579.39,92.5,0.208,recurring,0.0,21.2,1
06088dc0-e5d6-4c80-b222-5c9e254e0332,7386885.33,51.0,0.41,contract,12.5,25.9,1
8a215b9a-bb25-4941-aa10-287e5d43f725,11496809.81,33.9,0.087,poc,24.8,16.7,0
5decd399-767b-435b-95d9-bd7b9b792d2c,8050906.79,52.8,0.476,poc,15.3,1.0,1
32c1312f-1de5-45d8-a7fe-4db7a4d24fda,1788997.67,76.4,0.249,recurring,3.2,18.6,0
40f9d922-fc25-466d-ba03-57a22bc0e048,4857225.4,90.4,0.344,recurring,0.0,24.5,0
cb1cc0f0-1900-4c33-9648-2e046353997b,4121868.65,63.6,0.618,recurring,0.0,1.0,1
32e2a3ea-da53-4cc7-9036-5cfc1d558481,4626060.34,56.8,0.315,contract,9.0,33.8,1
c8a497a6-18f3-4a3a-85e8-721239a4843b,4828759.84,60.3,0.582,contract,14.9,35.8,1
529e8439-a8ce-4b1d-905f-24036a3302a4,6853185.41,61.7,0.429,recurring,1.3,23.2,1
5f840925-ed41-4a92-9bcf-0dcb3ae2ee77,3572403.65,81.3,0.457,contract,15.8,26.6,1
a11545c1-2ea4-44b9-bbc8-3dbbccc063cc,9741920.61,81.9,0.68,recurring,0.0,17.1,1
5b2abd95-44b2-4a54-b431-9e74ac9a7100,6936024.29,72.3,0.961,recurring,11.1,25.6,1
8d5f8a6a-0b93-491b-9ce0-90fd466f5125,2752152.17,83.5,0.548,recurring,10.5,14.7,1
151c1ed6-113d-4da2-a64f-d66a98f296aa,16256793.07,94.4,0.221,recurring,5.9,14.8,1
c091cd36-628b-4678-9184-d76bc745a6c0,5233006.91,72.6,0.393,recurring,4.2,8.6,1
d81222e4-6663-4366-aace-85284d6807b3,3650821.92,78.9,0.237,contract,16.2,19.3,1
62ae3a6f-a99e-4ff8-b33d-2180bb7b5ca4,5322602.43,73.6,0.111,contract,21.5,27.1,0
7b8f2be7-8523-4e1f-aa31-68e7e31f636e,11502775.94,90.2,0.483,recurring,13.8,11.1,1
cdc4d0e8-287e-4d86-9cca-c72c7202a64a,17737031.99,71.4,0.04,contract,15.1,18.5,1
1f0aa400-7785-45cf-9b3a-d0ab58cc1697,1939862.24,63.0,0.413,recurring,6.4,6.5,1
9060f9ad-ddbf-4037-b8b7-7a98f90c2209,3449412.79,68.0,0.089,contract,8.2,40.3,0
4aac9a3d-b6a2-4361-bf9f-2d45c8e906e1,3024736.06,49.3,0.573,contract,3.2,29.9,1
bed809d1-866b-4766-a862-63b8fa89812e,4472582.09,31.8,0.303,contract,3.3,23.3,0
8bb5e4e2-7c0e-4f5e-812f-bc38b96b1fd3,5106881.62,25.1,0.419,poc,19.7,32.5,0
9c2c247f-98d8-4705-938d-061e659852e7,2216985.62,73.8,0.354,contract,9.6,39.1,0
224bf192-7f60-4a25-84c7-0b0ad58187de,10470814.99,57.4,0.373,poc,17.5,30.7,1
d2ce11c1-3b30-4a66-8f00-791a422faa91,8778150.21,18.5,0.549,poc,19.2,49.7,1
e1c4ecb4-c8c9-4757-b1e2-567013aa342c,9530615.42,59.6,0.161,contract,14.0,32.3,1
32bcd78b-d2e2-4407-8abd-6301f403d8f1,14507911.59,99.6,0.514,recurring,19.4,10.6,0
a610de09-e20d-46c0-a8ec-7b72d855bdbd,31082631.87,88.2,0.388,recurring,0.0,47.1,1
62ca4bb0-1726-4220-ab08-835569713ff1,5364877.59,63.4,0.443,poc,29.2,24.1,1
04bb9248-3534-4e22-ab2a-e92e1f14e3ec,8603408.97,42.9,0.489,contract,14.3,39.8,0
a209a651-9f73-443f-8da5-d5313f4809ae,3967230.42,35.7,0.578,poc,13.1,24.1,1
a74a467d-aff1-407b-830c-e7501f11640f,6949466.42,67.3,0.071,contract,22.5,28.1,1
a9e195d5-03ff-4ffc-aab6-8cad08dbe487,15283925.9,39.3,0.198,poc,13.9,18.0,1
2501c740-4cf3-41fa-931d-39970f1c9276,1791363.0,54.9,0.149,contract,16.9,30.9,1
80921d63-d185-4c59-beae-164cdb865be7,10911234.51,61.9,0.465,contract,0.0,26.5,0
e6c32d92-4fd8-4acd-bd7f-0ef3632ef45d,6701829.06,75.3,0.441,contract,12.3,10.9,1
01d874aa-573c-4a18-bf92-c4d439fdb465,13120887.25,34.7,0.031,poc,26.3,31.7,1
4c1c0177-4af2-4bd7-b298-223a5e69f0b4,4719309.17,57.4,0.117,contract,1.8,15.5,1
bcca97e5-f033-4448-ab7a-cdf83d1eb132,20465917.41,83.4,0.259,recurring,6.7,11.0,1
75bb884d-1ed0-423b-bad9-5c4dbde54f07,3814598.14,73.3,0.222,contract,0.0,23.1,1
ff4a6819-c263-4663-b700-37ec1790d351,13846536.58,40.4,0.369,poc,19.6,36.3,1
a250cfdb-5d22-4ea5-90a4-29b1a3af4236,3160245.75,61.2,0.476,recurring,14.3,33.9,1
ed018e9d-6297-4bca-b366-08e4fb00267d,15331103.65,23.5,0.109,poc,30.5,51.4,0
ce3fa7f3-158e-4e75-a554-a4783cfb41a0,8887077.29,45.0,0.272,contract,2.8,53.8,1
eb98233f-4f29-4958-8a0b-98bebaac118a,6035267.73,82.4,0.315,recurring,13.6,23.2,1
0270d1ff-8fb0-4ee9-91bc-c29583a7aa04,2475880.12,75.8,0.146,contract,6.0,20.2,1
dbbb73c5-5676-4b9a-9fca-eebea56ff52f,9931662.0,100.0,0.789,recurring,0.0,17.4,1
7c3e8724-dda6-43c9-af96-09d3178e35a8,2664000.76,80.2,0.436,contract,4.0,3.7,1
d338ba5f-5255-4d93-a834-750bf913079e,13437313.72,68.3,0.386,contract,13.2,26.0,1
f4defedc-7b3d-46e1-aade-ca8df163fd0f,5781611.18,95.3,0.298,contract,15.2,12.8,1
57b32631-1574-4681-8643-cf6cb23caa42,11585044.16,47.5,0.156,poc,22.6,9.1,0
8e8fecd4-ff72-417a-acdb-5fba1129b4f5,11635362.11,14.8,0.537,poc,17.2,49.9,1
ea78e8bd-e0a8-4ac4-9f83-835411275d64,6845689.28,61.7,0.301,contract,4.5,18.5,0
1692c43b-46cd-43b5-a0aa-7eda4affb074,7052460.44,53.4,0.385,contract,22.2,29.6,0
bf9b6699-6420-41af-bd05-c83e804d780d,9342904.72,56.5,0.026,contract,7.2,32.3,1
163688bf-99d3-422a-aff2-6271e51c6b1b,3721889.93,75.5,0.282,contract,10.5,15.2,0
d5171285-6898-467d-b2dd-3a0aac5b834a,4203916.14,6.9,0.431,poc,19.5,27.5,0
fdacb270-b58b-45d1-a70a-00075d9777b1,12563051.85,34.0,0.126,poc,22.7,31.9,1
ee4303c4-2326-451b-9698-f88eb18bdc19,6153797.05,74.4,0.368,recurring,9.6,12.5,0
34451b0c-52c5-4e69-9d26-60f7eee7b4cc,3383176.36,8.7,0.282,poc,22.9,29.3,1
c7280a6e-ff2b-448e-b1b3-cd9a102f6a72,1658368.59,55.9,0.183,contract,17.9,19.9,0
19fbe71f-3c81-4020-adb7-2d9448af0659,7515926.99,25.1,0.371,poc,15.7,25.8,1
9b71111c-ab1f-4bd7-b38c-e8a80f04b571,993886.36,37.4,0.306,poc,17.7,39.6,0
3454e396-fd62-421c-a090-aa1d70e93c5b,2787192.94,100.0,0.483,recurring,0.0,5.7,1
b8d2d9d1-7afb-4ae7-a674-0401261d3c3d,3146985.57,49.1,0.23,poc,34.4,33.5,0
fe1f9d92-8219-497d-9449-d577ff71852c,5702157.41,35.5,0.553,poc,21.2,38.5,1
d2215412-be71-46a9-af93-e83a22b17e8d,1349181.74,82.5,0.304,recurring,0.0,21.4,0
4964fe13-1857-4fb9-8033-1bbc0f171223,5574185.72,48.0,0.063,poc,17.1,46.4,0
eeac518c-56f0-4577-a058-f3bd4effe7fa,21374148.5,49.7,0.265,poc,15.9,43.2,0
0f46161f-77ec-4c06-b352-7b5485032eb3,2622122.93,80.9,0.394,recurring,2.1,18.7,1
ff874074-6fc1-4513-87a5-66e4b3884475,6076849.52,78.6,0.167,contract,19.7,34.5,1
7ba04134-d154-417c-9425-5c8cbcf59d8b,5968160.25,45.8,0.143,contract,19.6,16.5,0
ece2136a-067e-4197-91db-320b0c29986f,7488116.01,38.6,0.117,poc,17.1,36.8,1
62076437-ffe7-4bca-ad89-03bef45bb32d,7573579.08,8.6,0.696,poc,13.2,35.7,1
3aa8508f-44a7-44d0-88a5-6db00d2b99fa,8377718.51,34.0,0.282,poc,9.3,16.1,1
cbca5c98-b24a-4510-91d0-17219c151c76,3265821.88,51.6,0.406,poc,29.8,26.2,1
50a3dffb-022c-4b28-8378-14690a9da287,7350123.53,56.2,0.406,recurring,0.0,25.2,1
f2022409-f843-497b-8cce-c5fdf4659462,2302443.91,62.3,0.12,poc,18.1,17.4,1
93d0ed54-964d-45f8-afca-b77ff5ab8d87,6788978.52,67.1,0.243,recurring,17.5,31.8,0
2b02da6e-e494-4021-b040-9cd7fca2ae12,5534161.91,89.1,0.441,contract,6.9,33.4,1
af3203e8-bed2-49a3-bf35-3330fe20bbe8,6685954.66,64.8,0.29,contract,18.2,30.2,0
8b1558c9-a3c6-4053-a6e9-8e02202ced92,5882814.28,59.8,0.29,contract,13.5,38.1,1
588e0592-38ab-4f8f-a48e-8d3971a42689,8597651.53,41.7,0.217,poc,16.4,33.4,1
f36bd96d-2341-474b-9311-e166be05ac48,3802273.9,55.7,0.087,poc,16.7,21.5,0
c91251c5-c7db-4ecf-8695-3502ff827160,3563734.45,39.2,0.132,poc,19.1,27.3,1
fb0059c0-de48-4ad7-86e9-a6abd5d7bc1c,2917180.96,45.9,0.72,poc,27.5,11.1,1
0f7c96ae-8048-415e-a2af-6c0c7f3af564,3433550.54,50.0,0.352,poc,12.1,44.0,1
0c68adb2-6fac-4b61-ad4b-37381d18db73,3866943.17,50.2,0.413,poc,18.3,34.4,1
c2730ef4-ca27-45b3-85c0-807f4e78ac93,6980744.04,100.0,0.196,recurring,0.7,10.1,1
66b0fe0c-3978-41d3-8326-f14596e28aa5,20016454.44,0.0,0.123,poc,32.2,52.8,0
e5ca7b99-4783-4595-bdfe-b752b502c2b1,5607065.79,84.8,0.483,recurring,1.4,28.4,1
862bed5c-3727-43b4-8abb-38719e42a4b0,3990877.75,84.5,0.297,recurring,0.0,25.4,1
b33df9f0-aaf7-4784-a56a-a233dda8cf08,4511119.54,70.7,0.35,recurring,20.9,16.7,1
054905b0-77ca-418b-a87d-2d82977edce9,5797739.4,100.0,0.465,recurring,9.0,32.6,1
c6a1e2c2-3973-4f02-b909-827fa85b61a0,2499955.9,48.7,0.152,poc,24.4,22.3,0
e7f4d92c-0cb7-416a-aa61-5d8dfb129435,5083523.17,85.2,0.304,recurring,6.5,28.4,1
7bb2bff5-a7dd-41ca-9628-79a19f36aa8f,4042221.67,17.6,0.234,poc,15.9,32.4,0
a512634a-c576-4ad7-8f7e-56ced5e5f82d,7782078.58,65.6,0.142,contract,31.9,24.8,1
dddd9f69-7561-4062-8f28-90f3bc2d68ba,2492237.81,66.9,0.645,recurring,16.1,3.6,1
6750146c-2a8e-4870-a2c6-1e026da3f898,5024719.04,91.0,0.335,contract,21.8,22.4,0
cc1808d9-bc2a-4657-a6d1-4469df737be3,1884381.61,7.6,0.208,poc,17.8,37.0,0
7e592147-f454-4e6b-8552-b308a9bde3e4,4481604.18,65.1,0.244,contract,11.3,21.0,0
7a619f6e-d39d-47f6-b62c-632434c1803a,5909494.54,13.9,0.104,poc,18.7,50.3,0
3e5e3dbc-fd44-4ad9-bed4-07a652ca4676,3215309.41,90.4,0.325,recurring,7.3,27.9,1
9356981a-40cf-4fb1-98b5-79b39c048fde,2965890.18,90.9,0.38,contract,16.2,11.4,1
dd5611ee-ca9c-44f0-82e3-90aec8bfe9fa,5346268.55,90.8,0.238,recurring,4.3,23.3,1
09e504c1-a1c2-4b42-b400-7d4a41fed522,14609460.07,37.0,0.326,poc,18.3,44.8,1
5ee8f657-9b87-4c0c-907a-c1a352693f39,4878311.28,71.7,0.346,poc,25.4,1.0,1
19053bd8-3cc6-4f6e-a0f1-8191f23d00a5,12068182.83,65.3,0.367,contract,19.0,25.6,1
868417a4-e97f-4e47-a437-84dc0ff75540,5831954.19,86.2,0.332,recurring,0.0,42.6,1
aa58c5b1-9df1-4a47-9a43-c4ea9af50da1,6366007.71,56.0,0.407,contract,25.4,29.1,1
d584c805-6c6d-4657-9326-6be415ab4fdb,3043337.39,46.2,0.284,poc,21.6,33.4,1
b906770d-d320-4f9c-af6c-e2f7dfec032c,14633421.34,78.8,0.25,recurring,1.4,21.7,0
52023596-f757-4cd8-961c-2a4969c44fc4,5886830.02,48.3,0.31,contract,15.6,32.1,1
486e06ea-ef34-4a94-8ea8-ce07293aa258,1530162.43,38.2,0.284,poc,11.7,36.1,0
9d47f846-f01f-46a9-aace-aae4c63dd304,1939361.58,67.0,0.172,contract,15.0,34.6,1
cb8a03b2-b7db-466b-b53b-96afc26a609e,5472500.67,53.4,0.282,poc,24.2,32.8,1
b8cb5153-c1eb-4f22-9112-81dd4754c54a,5914607.14,88.8,0.25,recurring,0.0,15.1,1
46702bb2-3f2e-434c-bdb6-535b8305165a,5557468.89,74.4,0.032,contract,21.7,25.2,1
2f42ee8f-64fd-447a-bead-1e2456938707,2669856.23,56.4,0.163,contract,12.3,36.3,1
fbb47b96-6dd3-4a95-9ac7-93a8e21a4d0c,4211017.47,52.9,0.447,contract,5.7,27.0,1
c064f8b4-b083-42ef-b4a0-ad5f195375f4,4204175.16,69.9,0.161,contract,17.9,35.5,1
62284496-3013-4559-81b8-7e8b4b378428,24811083.77,21.0,0.439,poc,13.6,24.6,1
cd26e6df-67d6-4e86-a768-08457af41372,3268848.06,74.0,0.147,contract,20.8,29.1,1
0382179d-929d-4363-ac73-c5671df9a1b8,4478724.16,63.7,0.597,contract,27.4,34.4,0
709bfab3-6ddc-446e-81dc-4ec1f8028d53,5659728.0,39.7,0.243,poc,23.0,56.8,1
86337d7f-cfe8-4ca4-808e-89522aa465ef,3611465.94,84.5,0.419,contract,8.4,20.7,1
338ed634-bf80-48dd-a91d-9cd5874d6b75,9078965.69,35.5,0.357,poc,14.0,41.9,1
3659e636-03b7-4493-845a-7877d90fcb4a,2174050.86,47.3,0.46,poc,21.6,29.7,1
16d6ee71-014c-49f0-84ee-dc3157977e87,4051133.65,61.7,0.544,contract,20.0,22.9,1
5da22fd3-fa01-4ec6-96b2-33193836fb9b,9090050.79,45.2,0.325,contract,20.4,34.5,1
f1deae9d-3ad7-4f90-a68b-f533e124644e,3469207.51,36.5,0.555,poc,15.1,17.8,1
6799c9b3-2416-44bc-bd25-4e6e5d5de97b,3196504.57,50.8,0.163,contract,10.7,26.4,1
cfbd7424-edef-4287-a866-30f01b3c284b,14345683.13,67.2,0.399,recurring,0.0,24.6,1
ad95938e-7249-4649-8a46-6c7ac986df5e,6368447.69,59.3,0.489,recurring,15.0,19.9,0
a51c86e5-a997-43ad-9de9-3dd365f6c825,3783827.69,76.2,0.654,contract,15.8,10.6,1
6465063d-7470-42e8-b95f-cdc59f5c3f1a,11449290.77,50.9,0.419,contract,11.9,20.2,1
