id,outstanding_bridge,current_cash,verified_receivables,monthly_burn,runway_months,past_investment_count,recommended_option
393a443a-0d07-4ed4-939c-5b9ee718c855,16725741.24,2525076.24,10673843.72,3552174.83,0.71,1,D
53876f8d-a9ed-4d27-bac0-59cbe9421119,17065325.28,6896680.45,35157522.08,3842409.08,1.79,2,A
071a9bb2-5bc7-4292-b0c2-f79e1d779ef0,31074026.73,5784812.3,7795579.39,4624825.53,1.25,1,D
7b0452d5-4655-4844-af66-f264af9017f6,27424195.04,5756833.58,56421168.16,22571563.33,0.26,1,A
dd834402-dd0f-4bc3-b2e3-4796a02beee1,23381867.94,5101536.38,32484623.58,6344796.25,0.8,0,D
e2f48afd-7144-4a43-8900-bd52b54ff477,13661117.05,18924868.86,26897054.31,5431299.53,3.48,2,A
0abb33e5-1a79-4edc-97ee-2d303761706c,28272344.79,33699363.28,20705762.64,3396628.58,9.92,0,B
e3562abc-8d23-46e7-aac8-c00d453d8f38,42536309.84,19039493.32,88416605.72,11816679.19,1.61,2,A
7299fad4-19fd-483b-ac95-5085305c6b4f,40617179.25,2792230.72,14344286.66,8061794.3,0.35,1,D
09bbc324-8be2-4640-aa46-8faee1d0090a,27193002.49,12330436.23,51758031.81,4470606.94,2.76,1,A
fcce8958-10d3-4f68-9465-9651a8fd776d,26848742.04,2916276.21,24233570.52,11777521.55,0.25,1,D
6d729d9f-e01b-4370-8370-a63e4aa0cb01,27387558.12,16009144.93,20710964.47,4860597.87,3.29,0,D
4744b500-5a59-4cff-b0f5-21427fd1dc1c,128694392.89,9323659.93,54904805.85,4728781.04,1.97,3,C
f58b0fab-a81d-4bfb-9906-4b752b9c49ce,16210675.53,58339187.87,13350813.27,16009712.97,3.64,2,D
dc556cf9-6534-4d8f-bff3-a338537f53b9,39687863.14,9739400.72,24360067.67,4777992.0,2.04,0,D
b76825dd-748d-454e-bf23-6a7090052b7e,5000000.0,8301733.76,2138707.0,4116421.37,2.02,0,D
30fb40ee-a4ad-42b0-9cb7-7da11a13d642,68657324.17,6310590.32,131844218.1,17499882.52,0.36,0,A
da1a2162-e591-4322-b83a-65f3d6989fd2,38356708.9,27046826.77,42167906.75,13736296.27,1.97,1,D
3c54dc0a-90e4-45ec-9838-4d87e6ddf08c,13544599.73,7449581.32,3571648.6,4496778.74,1.66,2,C
d06a43ae-2855-480b-a453-dce0515bee59,10914060.54,18224672.87,3549638.91,9153858.38,1.99,2,D
25b7e8db-b281-4aa7-9cc4-47d7134fdef2,20776615.34,5358227.39,32855172.17,8339787.83,0.64,2,A
b794b574-87c6-441f-beaf-ca8c78038b09,26331546.66,8132214.75,30758691.04,6342020.34,1.28,1,D
18b5aa2d-9069-49fc-9023-1285b5319057,16524350.3,23401028.29,8042997.48,6315065.01,3.71,3,D
62f10744-a941-4bb6-981f-50a1f7a2a36d,17181314.45,18306548.51,7965488.62,6537225.81,2.8,1,D
3127c42c-678c-48ca-bb22-f48ff62607e3,29653452.17,29604140.58,58552926.29,4220795.05,7.01,2,A
6fe0fdbf-d174-40c9-83eb-99dfbdd7db18,19925428.89,3615085.97,42165215.0,2498673.56,1.45,0,A
f81dfbe8-0c09-4316-b4f5-cce0c38047af,61912774.12,21232147.82,71500904.59,6555838.89,3.24,3,D
eb7d1566-e170-4dce-b424-7394807bb934,25170234.67,10559360.54,51947317.35,4311813.77,2.45,2,A
bfb718e7-3ccc-48c2-b648-76b6a250dc6c,39884320.99,12724504.23,56363240.07,5761040.51,2.21,2,D
62691bb7-8345-4790-89f8-e8449d919a37,21005894.68,7814072.06,16615210.62,4625995.28,1.69,1,D
5ccc80cd-8263-41dd-9af5-c515e65a8679,35378022.29,4135771.35,38421415.16,7193095.0,0.57,1,D
b0d4d282-e09c-4366-b39f-7990b1efe6a1,25915298.61,4667946.0,45685926.82,5394860.29,0.87,5,A
95bc31d2-275e-44ef-be25-d28e9d323771,37091655.09,22517189.45,46115013.88,3609873.62,6.24,0,B
59c294c6-f48a-4baa-bb6e-3200451b361d,22954889.59,6540942.96,6056447.39,5063624.09,1.29,1,D
caa3ad27-879e-4e08-81fd-1ada21bdf8c5,9305343.41,14680141.54,15786313.48,4020628.23,3.65,1,A
ca26b93a-fa1e-4a51-a507-a4d52008340e,19970216.66,14928424.42,13364463.46,1675866.74,8.91,1,B
ecbe12f1-8216-469e-9d33-620e3d7025b4,10874762.72,18047582.25,13744687.51,2607511.03,6.92,0,B
c4495094-c567-4157-83d1-1765ebf09081,22128480.04,10169253.35,41028676.46,7383679.8,1.38,2,A
e7bb818c-1170-40cd-98ab-e1aa3ac7413a,12056967.21,32791454.69,15236121.32,3848814.52,8.52,0,B
385f5cc3-f06f-4c2f-9e55-1edc7535effc,23227998.18,6325352.31,31209192.26,5509733.92,1.15,3,C
b4472cb6-059b-4599-ba6c-4a8802df0f18,7918141.79,9488882.96,8059787.75,3416268.48,2.78,2,D
1f91cec2-f207-44ef-b0ca-2f496c47b241,10836300.39,4298170.34,12739756.4,7317597.98,0.59,0,D
9eda3768-1681-4eb2-ab16-75a25165468c,62345059.48,12257043.56,43667260.91,1660789.25,7.38,0,B
3cbbe4d4-698e-4713-afcb-ebacd45cad83,9304392.08,2444722.54,2634618.96,10152862.48,0.24,2,C
5ce12ca1-c6dd-492f-9afa-d98b54e373b4,18095654.8,8068573.97,24543532.84,4910662.32,1.64,2,C
12f9d272-8d56-4bed-ae82-b18ee8fdb4d2,17855992.82,15293275.19,13714473.17,5241724.2,2.92,1,D
10bc82db-b908-48fd-a216-4b700d22d905,34937737.97,8073505.14,58547578.15,3035762.01,2.66,1,A
037c5e38-8073-486c-9059-3e6525f1a19d,6893077.76,1520364.24,12852225.33,8561367.38,0.18,0,A
0176cf15-d3d3-4ec8-9b27-cf6a00540d9f,28069563.75,6456953.79,46051665.54,11203548.77,0.58,0,A
8484f5e6-112b-4e2a-b00a-bb7b4380e131,23396325.43,17382822.57,13232323.43,7928861.27,2.19,1,D
8a9879a5-9ade-45a1-9cdc-39730633b813,23497202.24,19747507.25,41088224.02,3565413.51,5.54,1,B
49688c7e-9d8e-49f9-9423-3c1b568adcbd,18783831.86,2140780.57,10663528.02,7987118.59,0.27,1,D
f103476a-9e3d-4054-bf73-b9f956c7f4e8,28680294.8,8713029.23,21480383.05,7380530.75,1.18,0,D
37d1066c-30eb-40a0-9f95-c81e9391e447,10697563.57,10411551.83,16067636.79,2457349.96,4.24,4,A
7c8741db-d04d-4996-be30-868b04bbc8c8,54465543.51,17487166.47,16382270.3,8262446.93,2.12,1,D
bc5c379f-2f0c-4c24-85ea-59bf33b7cced,108410124.38,7624363.75,205441582.94,5540288.88,1.38,2,A
d5f827c5-59b7-4703-bcc7-c77cefad31a0,88671998.49,4539780.52,101919316.29,4330724.21,1.05,2,C
c19eb4a9-6739-42b1-af0d-ca7582399446,14982923.19,4352472.21,3025847.56,5677583.42,0.77,0,D
5c5910f0-acd7-482f-868b-ecd5072271c1,12265141.28,8232944.83,22772266.04,5036491.09,1.63,0,A
47f6fa60-642b-43b3-8e2c-5243e811b4d2,47092196.51,23772162.54,33565043.39,13735003.8,1.73,3,C
ae6c6d1c-cc2a-478b-8ef2-987bd01a2d1f,12358707.75,11331631.31,24454870.05,2754573.59,4.11,2,A
30063648-1738-402c-a6a4-c0ed7efd3f9f,122195228.28,9609731.0,124041515.09,5976554.25,1.61,0,D
a8def271-2271-4c24-970d-c947d45b1d51,38111753.17,13323836.16,22794972.27,2602144.84,5.12,1,B
f6c129cd-e163-4de7-ac5f-cbbce1216863,20866684.98,10373884.75,20199981.48,2876293.02,3.61,0,D
437f3ce2-ca65-4570-a707-c24e6553af1e,16605823.67,9563123.29,13461905.33,6128221.26,1.56,2,C
8979cba4-3a25-4818-a40a-b9babc0a2850,18299971.26,5867400.44,20847949.79,8780991.89,0.67,2,C
0552952c-0d7c-4aaf-a459-a11aa02d079e,15646937.27,10017380.12,30542068.7,3455952.31,2.9,4,A
bc9635ab-46b0-41ab-a624-c3ae399c3d08,11697986.74,14152518.53,11006250.27,5767518.04,2.45,0,D
01175348-3f10-427c-9c91-b1319390305c,15138622.55,27781907.87,27358786.88,4303132.36,6.46,0,A
a2418ce5-e1ed-4c2d-bf97-4092b25ade8b,21829340.15,10551821.5,14888595.96,3424572.19,3.08,1,D
3c4bff2e-b44d-4150-bcd3-545ef7c9929f,28571309.96,8453638.26,43839071.79,4740078.29,1.78,1,A
172c8e26-0be9-4f21-9295-debe99b80879,56577617.62,2035653.31,86347712.14,12155757.43,0.17,0,A
4f6ece04-d32e-468d-870b-702c2fdfcba0,31970498.77,4460320.07,38327070.46,6935289.02,0.64,1,D
85ee798c-933d-4dea-a16a-d0926e47131a,37675359.58,5956105.98,60496145.9,12709548.53,0.47,3,A
e269eac4-19a8-41a6-b03f-569a6af42446,41119896.35,7190831.17,50440629.69,6485247.28,1.11,2,C
7114de35-e532-45ad-903f-a429e97dc1a7,34161672.61,17737029.68,72094618.02,7053865.41,2.51,2,A
a0564dbc-6e2c-456f-8803-17588a7a7862,19532919.77,4026953.85,5472627.27,5739374.73,0.7,1,D
2be218b7-b704-4a3b-8f85-4acaff864fd7,14869500.5,10860882.65,21570306.72,4304714.59,2.52,3,D
4d76f48a-b3b2-458b-b0a5-ccac7a63651a,30959094.41,5048791.03,7182975.84,5623027.71,0.9,0,D
07b48b11-c199-456b-a2b5-c0d4306729e7,38357251.08,12089973.63,63613541.72,8256703.67,1.46,0,A
9e3f56bc-d846-4dca-a876-265e2cb59f5c,9506439.67,12487520.36,7526742.26,2276262.81,5.49,2,B
f80545e7-d76b-4e51-a6cf-e98140119205,12628332.24,11772052.38,27065973.65,2818236.08,4.18,1,A
11b04c77-faa3-40c4-943b-82feedf196cd,45219238.57,4357494.92,41548675.41,11887050.5,0.37,2,C
a24862a4-d0e2-46fe-b6e8-3d36fac7c3cf,13017054.09,28004977.8,17126574.66,13140032.89,2.13,1,D
b6a7b43a-4eac-4985-86de-fbf8a4075463,54353224.61,20972383.47,110113211.54,5361950.92,3.91,2,A
ef70a813-957d-46d1-91a7-e1f31f4bfe14,46185877.14,15424538.64,93052457.17,3568950.44,4.32,0,A
425030e8-4b96-45f9-896b-f71f253e7c2c,24994738.43,29561484.45,33511507.34,4819010.33,6.13,3,B
c4a96ea4-4889-4e67-a620-c67eb34f5082,13330311.75,12466125.99,10274061.69,7259646.45,1.72,2,C
43c8245a-9199-4e87-bd14-01cd63ad1628,74211411.04,29754421.89,163078566.01,3053814.99,9.74,0,A
767111cd-8158-4a54-a0f7-820b0b3658cf,39748723.95,1987983.36,79243409.13,13853349.76,0.14,0,A
383aee3d-a5ad-4855-aa8f-401b2a2ab5ef,11988574.37,13253273.62,25393102.25,4457351.31,2.97,2,A
33c1f5ed-ee53-446a-81b8-1ddf677bb8fc,41709491.78,14040132.94,46023286.01,6472982.25,2.17,1,D
b1b20068-c39e-48ee-97be-038f688ecde7,26301968.43,4879161.11,29285752.64,3700028.12,1.32,2,C
20995d1f-e1d4-4db1-88c9-9be538e60b98,38715917.31,24970054.91,64268297.28,9307876.42,2.68,1,D
de3441fc-b4d4-4b8e-805f-deed3f5703e4,25058851.3,6601570.74,54068281.32,2025892.82,3.26,0,A
90852663-a764-4581-b19a-2b365353781e,23852340.46,4755334.38,17360764.04,8196789.78,0.58,1,D
c1830ef4-ad79-4d7f-b04b-03633b5e0b12,15728451.82,27852277.07,5010083.34,4718440.98,5.9,2,B
c8a0c948-e2d9-4c7e-b98a-9f7050db2a7c,21147025.18,7481392.25,29924225.11,5491721.27,1.36,1,D
55773c7e-48bd-4790-b451-cbe538531211,19220656.67,12411132.94,37838765.56,2668745.99,4.65,2,A
cdb35fbc-729e-4524-b170-14bbde285afc,14636308.02,51757579.81,28262371.36,2741141.31,18.88,1,A
a7ce151d-99cc-4b2e-ab01-bd6be27ff887,15801059.19,8259540.48,16807057.07,8117993.71,1.02,0,D
3a891e86-7d71-4c43-871f-65719a2f5a64,12656963.02,5120433.19,13243270.57,9202997.07,0.56,2,C
19c3cb29-f6c8-439b-b26b-5b670883fc0f,42729139.8,6835396.04,66527133.57,4457583.55,1.53,2,A
66ecff9c-3707-4d8b-8129-1fd6c3928952,57511838.48,9865621.88,43474949.0,4301807.41,2.29,2,D
ec412002-cfd1-46cb-b2c4-a87f4a274d63,21707031.79,2883251.98,32211067.21,11910722.52,0.24,3,A
a6a384f8-af0d-4589-a1b0-98ea702b5e0c,33308501.03,13618465.64,16154054.84,10362375.2,1.31,1,D
d5ed52f9-b840-4a5a-864d-748463a5c4b0,20933729.93,10269738.16,29764980.44,11556606.05,0.89,1,D
9ace9537-b292-4354-b74f-9af0f0a06da7,15512485.69,7400289.74,33295456.43,5084035.58,1.46,1,A
2b6d7bc5-9870-4931-8a24-0d37715011aa,26832731.32,8527884.49,38702669.92,6882159.75,1.24,1,A
55c97309-dfb2-4b76-926f-d32764d3ab1d,28738468.62,2045807.82,57680233.93,7590286.81,0.27,2,A
8e1f03b0-5fd9-4ee1-83b5-5491e4c72a6c,66237882.27,2456427.27,60970170.24,4069033.3,0.6,4,C
89d00af1-518c-4d1e-ada9-b21b924a81f3,37809550.18,9369077.7,48752890.46,6966242.72,1.34,0,D
7433836a-bf80-4f77-99d5-0d08fa377803,16508194.14,3495167.44,18292058.69,2832935.91,1.23,0,D
c702b076-efa7-4874-9e99-2bf964269e13,13497121.08,2330124.56,4400635.08,5358546.64,0.43,1,D
8ef9b67a-0dba-44b6-b178-25a866e83743,10164578.71,26339530.39,15812379.88,1958455.39,13.45,2,A
03073235-1d66-45cf-9e29-cc4992ec884f,17464224.1,5872877.98,8908481.56,2156984.55,2.72,0,D
635e6182-e9f7-4306-a1fe-a587988be854,37425359.37,14785524.51,9132890.12,5260580.06,2.81,2,D
2e60532a-4e33-4d87-9edf-2f501967d702,16783164.68,12744560.39,30159729.71,3470732.36,3.67,1,A
86e23568-3a27-42e1-ac5c-0af9853a0b77,22265305.45,2907106.47,42040965.26,8797507.96,0.33,1,A
fcdb07d9-6097-4ebd-a815-714a07386efb,28372066.92,49349388.39,21734812.02,5671880.4,8.7,1,B
3b960c41-d9e9-4bd1-ad02-89f6036fb32f,39113757.71,11538748.67,28713807.25,15559444.37,0.74,1,D
ef90351e-b3eb-4f64-9402-3593da3b1c33,16782016.71,14637702.38,5095906.32,3142589.01,4.66,1,B
f493af47-2b49-41db-9f89-b9ff9ad50fe6,17124868.06,8195381.46,28705351.1,4931117.96,1.66,3,A
0260b806-a336-405f-ac9a-d5a3a8d0b250,21848857.62,22998577.33,14114132.66,1563455.58,14.71,0,B
61e32b56-7fe7-465c-9116-d8788948fc1a,19384707.54,2539673.72,15330635.7,7821170.26,0.32,1,D
7ac622c0-ec06-4472-97bc-53428ea154da,31109913.26,7378562.04,50427599.3,9685948.31,0.76,3,A
b7bde1cb-a36c-4428-b531-a3afb47251c5,25554595.25,5946650.87,38872181.43,3923700.28,1.52,1,A
ca2b1c02-7c7f-466e-8f28-d4447c4bf48e,8862786.55,7157168.4,4865374.8,3251733.88,2.2,0,D
ffdacb2b-949b-4163-a4f5-a6b33c15adcf,17330024.56,3793210.89,15905859.37,5157411.73,0.74,1,D
8c383eff-cf69-4d57-a7ed-314f9412738b,73844030.56,3866215.61,107812041.93,12877219.68,0.3,0,D
95459905-53ce-44fa-aace-637b49731b61,29570126.6,24595006.89,14063960.48,4051386.07,6.07,0,B
1d303297-525f-4e56-8167-ac733bf49894,46095074.03,7206753.96,46543019.07,3842628.53,1.88,1,D
d89a225b-1afd-4ef9-8c0b-d3968ed582b9,31017717.64,3767782.9,30930528.45,5194765.01,0.73,1,D
228ae03e-f351-4cc5-bc62-6db11cb78f6d,28095665.76,16447354.18,23577227.81,11323474.54,1.45,0,D
aca82170-52c1-4857-9f7e-1ae84b9824ce,41950492.32,14193205.83,49721987.3,11696236.09,1.21,0,D
77e09c44-25f0-43b3-bdd3-f60b16a7bfbe,20651930.57,6854706.82,14575414.11,3526468.75,1.94,2,C
15bb9ebd-1ca8-4e03-ad8a-d98d126706df,8269059.12,1256470.88,2378384.31,2500503.19,0.5,1,D
96da62fc-037b-482d-ac6f-f27b418b35bf,37671092.33,15254890.93,69548720.17,3881659.31,3.93,1,A
d6b80e4e-76dc-460c-a26e-f287c10122da,12519135.84,17232217.89,20882495.38,6333027.37,2.72,1,A
30216f37-e260-4d6f-95fd-6dbfdbba002f,19184763.61,1913187.38,23385462.91,2977219.27,0.64,3,C
f2d42acf-7c63-49d8-b1b9-04292395ad9b,15470464.27,10368140.18,3397706.46,10746016.3,0.96,2,C
02c1e288-ba7c-4160-a60a-6c14ab6fc044,28516801.99,14865591.92,41775138.35,1354004.5,10.98,0,B
5ce1a7e7-d2d6-45cc-9e47-a69c41990c53,19938288.89,10479525.56,36535605.13,8503041.79,1.23,1,A
c208dfc2-6c72-4e1a-8b01-fc13e8f7fa8a,48652769.4,1000000.0,74900159.6,3511686.95,0.28,1,A
ba37f64b-a38e-4923-a178-84f3c4957fab,42216945.1,8926782.73,63199963.82,4930551.62,1.81,3,C
e272dd9c-be62-4e0b-81d3-89d4e710bef6,13822421.02,8692622.54,7789437.03,7563848.28,1.15,1,D
3ef40b33-8a3b-4551-8852-c4037b219bef,29573904.9,12826396.13,54565335.41,4602482.09,2.79,1,A
c18e8626-1a7b-4bef-9061-d0a61747cd27,13385772.26,5326669.78,28176767.26,5686689.57,0.94,1,A
86046112-3f96-45a1-87ae-738d157bd3f8,11269385.73,10386909.13,2849283.93,5879496.96,1.77,1,D
c492194e-6cc3-44f0-9d39-1670ee872a81,23123257.35,8056191.81,15081944.24,4619817.57,1.74,1,D
8b11ba17-63a8-49bd-8c4c-5f893fb44a0c,27198992.57,16917340.95,44003918.99,5814738.27,2.91,0,A
f9285fc4-d81a-418b-8b45-07768c8aa881,15763660.95,11675208.91,7531165.69,3362595.93,3.47,1,D
9b84c225-40e1-4799-9aec-3b641cec2ab2,26737729.85,15544597.58,46260838.97,6741688.29,2.31,0,A
63bd1ccc-83d4-4571-91ce-6fc4e600d1df,17173454.61,2274569.42,16671209.08,4158673.88,0.55,0,D
0b726c9d-0b6a-4a0d-a535-eacf53125ae0,5895462.47,9999950.24,5884240.41,2090125.0,4.78,2,B
ff393de2-7c45-4586-a448-1d71bf6f1918,26724675.67,13347444.89,8942313.26,3061993.12,4.36,3,B
e6f41a20-e125-4786-b897-1482cb951126,12274503.72,8537280.12,7521687.66,4519800.32,1.89,1,D
0bbce636-32ac-48c7-b7c7-e95e0db7fbfb,110448827.13,11944142.86,62117452.18,6150014.35,1.94,0,D
c49b0114-c63d-4ed0-bc5e-0bd5b80b69ac,14159352.26,4572031.55,13489791.46,3166476.6,1.44,0,D
4fa4bb55-4017-4070-9c87-377ba32a9b4c,21176800.38,7789582.84,8335911.58,8796443.48,0.89,1,D
683a53ea-8d19-4988-8c7c-1191ed46c541,10405333.76,6385377.47,14289108.1,9530990.13,0.67,1,D
f9744e71-d6f3-453b-aad5-35a723b6d30a,42293909.36,2187392.86,49765509.01,5061588.91,0.43,1,D
89f0df2e-5c3e-461f-a754-49bfff2c2c89,16891771.05,2871009.99,36678385.34,5462459.45,0.53,1,A
95e55b47-8cd3-4915-a4cc-c701a30c0ac0,34510896.17,3060311.21,25520511.3,2902492.57,1.05,2,C
9000eadd-94cf-49cc-b37f-9a2e159da6ff,24776328.41,15796318.3,54000807.22,7834690.43,2.02,0,A
4f77fe87-52b8-4b14-b553-08a33de90e67,55112261.06,23370712.37,100749938.46,3693540.2,6.33,1,A
dfe0a544-005d-4a71-87af-a5235dc5cc8d,17213711.19,19735094.57,37280409.02,6212041.88,3.18,0,A
69ffdeb0-266b-42e0-8759-65cf7b348cbc,14318652.2,9103314.59,10468176.19,5657692.43,1.61,0,D
99423581-bf6a-449a-a893-b6f2564d92bc,21278664.59,3590148.65,39895637.97,4097526.44,0.88,1,A
77b404ea-dc27-4ec5-97d1-b9c50ab95ba7,74138414.78,10409414.71,133985824.42,4002722.84,2.6,1,A
d7675c5f-c54e-4eb3-9874-ffbcf44368f2,34609435.42,12486099.61,63088583.47,2213217.77,5.64,1,A
c62ea74f-2a53-4afe-8117-82b952790647,10287042.7,2486644.04,4716597.01,3734239.46,0.67,0,D
0a856b2d-327d-4a9f-a8aa-db4e73fc1f9f,35733988.67,12164669.31,35129251.65,3598440.79,3.38,2,D
32b96048-9e85-4ba6-a903-b23a61432a4e,32119445.84,10971280.35,48611148.24,4544732.27,2.41,3,A
9bc7d754-8375-4c4a-bb5d-5a39ab654124,21163836.27,5658837.87,16143893.28,2897611.0,1.95,4,D
fcdd3d3f-72b1-4f3b-be52-33b8e340f6cb,31446745.01,12164150.97,17551595.9,13474628.97,0.9,0,D
91170ec0-d4fb-419a-88f8-8b13e63f0d3f,20246986.67,3723481.96,33346117.67,15600381.58,0.24,1,A
892e4882-e166-4a40-95ec-0c024906947e,10192176.86,6786043.54,2073529.65,9022978.05,0.75,4,C
9fac891f-791d-45a3-8452-49b11b2bf077,23284266.88,18818177.32,49478666.83,10188853.56,1.85,1,A
8d15be7f-3d10-45d6-b3ad-63f6dbd2ff96,86700134.88,12105415.25,139586842.15,4358251.16,2.78,2,A
d77ae225-0985-4ae8-a776-d5be75f153cd,21877343.28,6939201.82,34305935.58,4437247.36,1.56,0,A
62a5f478-9a36-495d-ac68-b21a359d256c,17446582.28,27622843.88,23645002.22,6188399.13,4.46,2,B
2143d65c-7c19-47c8-a3ee-dac1bd99af85,37854218.45,14222028.46,56118994.68,5789465.29,2.46,3,A
9d5cc358-2641-4324-9e93-af8eb345d569,29156003.3,4294822.56,33278528.26,4703064.75,0.91,1,D
6cfdebf1-2faa-48c6-868f-a8603925c9dc,26293079.65,8656796.6,10359477.69,5314543.81,1.63,2,C
4e1652b7-1044-43a2-9722-0dedfa248d47,50219982.11,5496566.04,27560585.62,3732152.38,1.47,1,D
d79ab245-31d9-474a-89fd-0f1ebbbbcecc,67978850.6,5836803.34,67409303.14,5150055.22,1.13,0,D
6fa1dc0f-e1f5-48a2-a422-3bcf601dfdf2,9169331.93,12642111.99,15938462.08,4170510.75,3.03,3,A
4c26ff85-3216-4ef7-bdee-1a129be9e0d6,28634334.46,10072306.41,57551832.98,5197398.52,1.94,1,A
d6ecb4f2-1b9b-4148-a0a3-3e1962e80193,16792909.8,52093412.47,3771296.38,22145953.96,2.35,3,D
1b310577-48ef-470f-ab2c-5a619a0e7770,16751728.04,7627596.43,19182560.22,2267123.15,3.36,1,D
a053bed1-0680-47a1-b83c-a7e4773766e7,12967540.63,4636079.13,17427113.95,9680761.27,0.48,2,C
f9c9be96-b507-4999-aa45-c03392f26467,13006437.31,22629370.91,14929909.61,5345170.95,4.23,3,B
cac4a1eb-857c-4716-b5da-7ad135de3304,20317062.85,16327094.63,42153620.53,2845590.98,5.74,2,A
83d3e414-23ec-4dea-9efd-699a2367fd64,40274281.6,3932784.98,18812242.85,4157029.97,0.95,2,C
469ef37e-03e3-4d93-8896-cc392e0be64a,60824856.38,68170409.44,101242458.37,6191546.15,11.01,0,A
3567b295-d239-41cc-a43a-7fa2951f8aab,11844178.19,23353741.03,9762768.68,13658915.51,1.71,1,D
ba4b6713-d81a-46b3-9c47-b6e4e4cbc851,22427642.86,2301564.57,32045537.01,2457224.07,0.94,2,A
6d215956-8b55-4a53-8c7c-244c9c7bc007,16351525.29,13793827.27,13576983.59,20738180.77,0.67,2,C
0d8fe50c-8d54-4f1f-b42c-9de4ba8aec40,18865055.93,4215549.59,15816635.4,7689343.34,0.55,3,C
f2fbffda-a8c3-4d60-bb9c-b70a0dddf22f,23978077.63,10894380.73,18711976.41,1748904.81,6.23,1,B
971fcc1c-dfcb-4d86-a0a0-1f9b9f7055f1,45047690.99,14037800.43,20029076.75,19045929.55,0.74,3,C
6c2b1451-3a7c-419c-b204-20f1565f3a41,35121868.97,15797498.44,8057092.37,6427366.25,2.46,1,D
92e470c5-24bc-4285-bbb4-3fe7b6e39311,34039696.07,5139360.39,43076822.25,11526455.82,0.45,1,D
899d8f42-5b9b-470e-b4fc-9ffccccf3ab5,27567914.41,14891988.78,32852746.62,1668239.46,8.93,2,B
8cbfb8e1-d356-4afc-aaef-1fd3982c190a,24016917.56,8372929.26,39366152.32,3353132.96,2.5,2,A
23ab8b7a-7678-4839-b018-ecef659e2a89,15673454.15,4758946.45,30889386.45,3824130.3,1.24,0,A
0faa2ad9-ac7d-4945-b998-91968aa4090b,19671490.1,14176081.45,15915913.58,2952373.36,4.8,2,B
1154cdb9-d17d-4bee-96a4-3aeacaafcdcb,14551003.93,5368130.84,30953872.54,13467259.18,0.4,0,A
7bb5998a-a0b7-487c-a54d-2b9f2518fe00,60329521.0,16794671.13,80828228.88,4349053.59,3.86,3,B
1966812a-8802-4cef-a664-d5130dd1f860,31724385.49,6216423.03,67812720.11,6774301.31,0.92,3,A
5b9a5e6e-7e8b-423c-bcc7-bd2ba55a657a,12869148.4,12886813.32,9420974.6,10174671.95,1.27,1,D
8e773cc3-8c58-46b8-bc08-f95f1bf31568,24670862.88,8589459.1,22910265.64,5694041.13,1.51,1,D
86550314-929d-4054-b3e0-6b440312b4e8,28689654.42,4040304.96,29160589.34,4475699.91,0.9,0,D
d0c84923-43f1-45c9-9cbe-0562a5a26f31,15766479.46,8326775.0,4314326.25,7618095.6,1.09,2,C
89946624-cf85-434d-b3c7-b376b52de2b0,31451413.73,2323399.93,53988808.93,9623817.57,0.24,1,A
c934c04e-7fc1-4b32-a045-aa87acd5bb55,5570941.42,11976336.13,5298146.33,7891266.88,1.52,0,D
91c98200-98fc-4db7-bc96-3c478ec36f59,14198177.03,3678053.4,17605879.63,2382088.3,1.54,2,C
f32ef3cf-5b8c-4486-86af-fbf309dd7b19,21876264.21,5759819.73,35392785.75,9688917.12,0.59,2,A
41673142-9a15-4fc0-842a-1aaba2dcc831,10141738.59,7958107.58,4098296.3,4068139.01,1.96,2,C
45046c5f-c5a5-4592-9efb-af1c77de109d,14044456.76,14948817.88,19526084.73,4790757.78,3.12,0,D
67be7913-be8d-4eca-af81-fa58bdd87a7d,19301178.07,16594709.99,36089261.99,4670099.29,3.55,3,A
36f578f8-9b91-4d5d-a11d-fa37892cc572,83655614.19,10806405.19,143782975.47,10110126.27,1.07,0,A
b0b3ca27-51ff-493f-924b-265e4ea0901d,17476263.1,6552928.9,8508129.11,5605887.51,1.17,1,D
827363bf-55fb-4196-a5a8-f693e93388c8,24833222.94,6497308.54,5514468.49,7214205.48,0.9,1,D
cb8289fe-2a63-4798-85be-b6e46ef9618a,66403638.69,5332751.91,97695742.16,6277440.94,0.85,2,A
5b8ab12e-897b-4524-93ab-418551355b43,25136864.08,3977074.53,46029420.75,4996669.74,0.8,0,A
81e6c852-15bc-47b2-b2b4-f1fbe83e777f,55977783.57,2237378.71,12664863.44,2805024.31,0.8,0,D
f2f5195f-4ecc-4fed-adc5-a34e1d97256a,79782598.18,1418937.96,19180658.61,5201264.74,0.27,2,C
80981abd-f87d-460d-94d1-2c8ef21d8449,54122051.07,9136755.76,99140966.1,7157814.06,1.28,0,A
4f2a3587-1aff-4c99-aa9c-0d4da910b702,11114898.32,12382204.01,5814722.64,14236581.0,0.87,2,C
bff37008-a0ff-4960-9292-e6f4b36eb3d8,16852907.58,13693858.2,4961768.99,5518710.0,2.48,2,D
a393997e-13f6-4c96-9c3b-8320b7b52173,42338495.29,8944901.72,30173444.62,5801835.8,1.54,3,C
9d3651dc-f3b8-4331-bda2-2abeedf0dae3,28291912.11,19934009.82,48839904.86,8688990.4,2.29,2,A
f3fe76f8-b111-47f4-981e-cfd5ac25349b,23743825.25,8307178.22,17162319.33,4794198.47,1.73,1,D
f2b7fa5a-a1fb-494d-a999-7dfa2536cf5c,19859435.76,8324080.5,4474077.44,2918242.98,2.85,0,D
01afc1cc-8a17-4184-9209-5942b0f531ef,43455519.27,39098838.23,80198964.1,5382225.96,7.26,1,A
5cfb4afa-c32d-475c-ae5d-2c01d45ed25f,19662775.89,9533079.42,3949021.04,4339803.72,2.2,4,D
0cd0d1ff-4341-43f5-94c4-8b39140dd72f,54493914.78,5846117.8,42385072.0,4258857.17,1.37,2,C
a971b89e-4294-48ef-8e74-ac21a7fe82fb,22200028.53,3406996.4,17403511.69,6405210.96,0.53,1,D
626e34d5-b8f7-4da2-850a-a70a3ca60b9e,29039921.34,9018181.27,40727234.79,3930903.39,2.29,1,D
5ff7206c-3555-4f9c-97e2-763f0c8f17fe,46252606.55,11752958.96,27610175.56,3639502.53,3.23,0,A
76332c8d-ab94-4f8d-b86f-21237325eb58,95342116.29,35071190.36,44910227.17,9566769.51,3.67,0,D
4cc43c01-1e7a-4097-a275-a2a8db2430e7,21844961.5,6038444.99,35948888.41,5845329.91,1.03,2,A
22b6c84a-7931-4fb4-977e-342a5cb47320,52115756.1,20025605.06,53778491.36,4902702.33,4.08,3,B
b07e052d-8be5-4f73-a2cf-cf90e1d2b0df,21522487.79,101739161.32,43908205.91,8251970.65,12.33,1,A
7136a914-8ffa-4303-b60d-a99a497dba19,72873631.9,9073057.89,88937313.79,5275374.72,1.72,2,C
4da9c344-e156-468f-a968-d909a42b491f,30088964.47,10513338.36,10852723.37,10832809.94,0.97,0,D
cc65fe5b-d3be-4a28-9637-9b14acfbc788,24073654.37,21084033.66,39392070.85,7320882.37,2.88,2,A
1c2e5bed-c724-46d4-ab0d-374c52a3cb10,27290759.87,6805597.95,25569899.26,5734465.69,1.19,0,D
b828bcd1-a3b3-4acd-aa67-2ab7841cf777,23600730.01,12325037.11,9505100.66,8780158.25,1.4,1,D
648f5f72-b17d-4c32-ab96-8ddb4a58d55d,18400967.22,5760433.96,17283559.89,9157786.12,0.63,0,D
ed4a8d01-119f-4d03-baff-e060226249f4,14686723.89,7900797.65,12257296.41,2771886.27,2.85,4,D
4e7e99e8-790f-4ae8-b1b5-ae57afe2be01,21705820.65,42954526.87,27082161.66,6337809.69,6.78,1,B
2d23eead-e1f2-49e3-9380-2350594d1bfb,15055550.26,8365063.02,27236923.45,4550706.86,1.84,1,A
92472d33-5ab4-40f4-ad74-38fb6b0d4010,26435741.8,5054968.48,27545013.42,3275573.38,1.54,2,C
e728829e-9ac5-45a0-8696-78b7435995cc,24219849.26,8541861.07,26417366.75,11055111.84,0.77,3,C
f1f48cdd-3c39-4ace-9792-80d800299def,19435508.58,4605471.19,37248178.85,9585124.18,0.48,1,A
230ad657-a7d5-4aaa-b8d2-dfbd56017455,15169640.41,15174333.88,20554335.38,9136338.54,1.66,1,D
e6c26747-07c4-46fe-9589-5e48065b5a03,49905093.87,4479290.99,104432845.15,4656567.15,0.96,1,A
a4d62b59-ba0f-43fb-80c1-1f2fa4a7f214,18695812.08,11355267.03,10712249.72,5376277.97,2.11,1,D
6c76dd41-ed65-4a6a-a456-54b52ae5bf76,17589939.79,3586349.53,4150926.96,6808214.83,0.53,3,C
82789a28-fb6c-440d-8cb1-ca29ba26cc9e,14656110.78,12658563.53,20753196.51,19303341.02,0.66,0,D
3500aef1-10e3-4396-bc20-6b8c73935499,47518893.74,11920937.75,30471110.65,4073589.18,2.93,0,D
33e76919-12d7-4cfe-8e2c-1678675cc087,35179830.06,2375761.73,70442468.62,9195492.96,0.26,5,A
d897516d-d114-45cd-9cf9-aa0664ca7ca9,29893718.9,4199694.9,26889228.38,6986530.7,0.6,0,D
149e6d19-8bef-44a7-946c-3cfb32f6d765,25454140.67,9859266.57,30694987.24,6588941.26,1.5,0,D
05f78c61-efbd-4528-bd9c-aad076673527,44191818.53,4706222.87,20591812.46,5624080.9,0.84,1,D
efcb4dfd-8bfb-4936-a0a3-498634b0f56c,25896593.21,4008539.11,18065062.31,8793743.13,0.46,2,C
ba9d8d4c-f7a0-469f-b53d-7978791ca265,40733539.67,14578635.35,22164740.12,5894092.08,2.47,0,D
75b67309-1855-4b9a-9eb9-36a326052660,74528736.21,5269462.47,65617238.47,3401643.01,1.55,1,D
508f94d9-671c-4c4c-b844-74dff91e824e,42586504.16,11853806.33,83499831.18,3322127.39,3.57,3,A
249d4d9a-2baf-4d9f-9f16-1a51e0f017c3,12804111.49,6997064.13,19775562.84,2931240.13,2.39,1,D
a02b97f2-fb58-421f-a2aa-f027e3488031,26081778.07,16787082.3,29530641.33,4795706.06,3.5,1,D
03cdb9a4-71d6-4f3d-b591-6530a77da271,15941941.93,3147664.93,30362115.32,6506491.17,0.48,0,A
0b381f4a-2cbd-4663-bd48-63683f9044e9,40318192.45,3858845.63,42322321.53,6828196.84,0.57,2,C
36e71de9-39d5-481b-8a07-718cf187e8a2,21830832.58,14248633.28,13846935.9,3602396.52,3.96,0,D
3bdfd426-7ea7-4241-b8a9-8369375d3211,71756182.63,19923559.24,18007757.74,6789782.14,2.93,1,D
e9410b45-1006-464f-b68d-db80813a45d4,16217399.99,13320913.38,7785470.71,2246109.09,5.93,0,B
f47a780d-670d-4965-a4e2-a7d215396e47,20834305.14,11654956.97,12361212.77,5066218.76,2.3,0,D
7e2f78e1-7dc8-470c-9496-344d25a96326,15896888.5,5333374.37,27370119.51,4924202.24,1.08,2,A
945b148c-a8dc-4ab5-accc-36593d565794,42396716.14,8271361.65,54324397.45,11535493.97,0.72,1,D
783745c5-ce1b-418b-9166-583d81af63d4,26405161.47,1743867.71,6650003.16,1000000.0,1.74,0,D
f1994aef-5d4a-4a5a-8c12-55a0404ca50d,15024101.93,4404106.77,32528130.04,7590306.32,0.58,2,A
49676c1d-f76d-48b3-9bc7-8e61654405c6,23286358.39,5768206.3,38063813.18,5696850.02,1.01,4,A
50fd96fb-7137-4e0f-a6ea-12f1ba9c1be9,11985280.35,2532668.04,12979788.7,3978534.97,0.64,1,D
f63c6424-5b71-4c97-a579-97807d14630f,24433832.89,15078830.41,41523068.26,3414632.81,4.42,1,A
1b1a13dd-4882-4492-8bca-94333a24a724,29862254.1,12329208.08,28467447.93,2960045.86,4.17,2,B
f57ed357-b69c-46f4-97e7-c949b852a36e,22266526.63,2215437.63,10689304.13,5104827.06,0.43,3,C
1dd689a8-e293-4fbb-bd26-40fa9afcaf8c,14858710.86,22716968.42,20255987.31,2641765.32,8.6,0,B
b07a507e-30c1-42a1-b88a-510a18006e93,65373696.65,4564753.64,84686488.45,6789158.22,0.67,1,D
df41d9d0-3260-4b6d-a63b-aa78b6a7487b,25105710.9,11900927.23,40377025.87,11809920.91,1.01,4,A
c039bd38-5a08-40db-a711-ca0cb8a86458,7048035.53,8645769.12,14801013.85,4710386.6,1.84,0,A
60b17e59-5e0e-4ca0-be8f-257536470426,10714022.07,5990167.04,8777193.16,2730033.19,2.19,1,D
8d5167dd-05cd-43db-91fd-e91e288eaa89,19204918.81,19457426.94,23892139.3,15669180.36,1.24,2,C
733fd79e-32f3-460d-96e9-50442e1b1517,40899766.41,40748861.51,46201304.26,5739827.31,7.1,1,B
adb268d2-4fa4-4f97-a4de-130a0d889f24,39967346.83,1323175.48,19318724.3,9866062.5,0.13,0,D
2988a608-130c-4341-bbf5-f04af15f298d,32926061.84,9746038.09,44957276.1,6130151.93,1.59,0,D
328e6671-4316-4699-b2e6-08291344c412,17779308.12,1872633.73,6673420.27,6119700.3,0.31,1,D
a3684aae-d413-48d7-8d26-b040336a789e,33619018.36,2265246.21,36620431.08,4371716.19,0.52,0,D
d78a8052-bb22-42fb-9735-ede97c47124a,12850656.45,2614260.63,16089999.98,2744233.33,0.95,3,C
273df894-4a0a-43fe-9c8a-11e541fe8124,15111012.86,5366091.02,24198799.82,3062998.09,1.75,2,A
f96c8211-56de-464b-ae90-2575da25abed,34242072.62,19878362.5,64018633.17,4599461.18,4.32,1,A
bf18918c-dfdd-4c75-af88-cc8091fa59da,20932784.19,9336279.2,20065002.41,7826738.78,1.19,2,C
3a00d36e-8fa0-42db-b6dc-8b3fe94f48d2,21945787.0,10231383.56,45267423.62,6165350.21,1.66,0,A
22c92181-f347-4a9c-9362-2f8d57989fa5,15147770.82,37351428.04,14037810.46,4408924.34,8.47,0,B
f836adba-e4cd-421c-b4b1-cbd9aff79c3c,64374066.04,22020607.95,13761346.27,2181901.82,10.09,1,B
cc69fc7f-622e-4600-b8b7-987cafd1fef8,19236044.08,13674542.47,25171394.6,8504923.89,1.61,0,D
f79d8fa1-7a89-44a4-b24f-5a2f04e49663,54316842.24,5722490.8,67804339.97,5349112.16,1.07,3,C
320fea54-9e2f-45b9-bc3c-7f9d4838aa46,20458273.02,11936895.57,31656871.58,12776149.86,0.93,1,A
899ba808-187f-455b-b413-1d68cfa2c864,105212026.39,4549092.96,82167553.26,4541138.7,1.0,1,D
63731f8f-3247-49f8-8f6b-bae48bc8bcbc,16892094.14,40449983.63,36285767.51,4509455.39,8.97,1,A
68453135-c747-43ed-8d82-8c63a603a722,30843582.71,17692089.64,66984493.02,6485204.04,2.73,3,A
e45c7bcd-0a38-4932-967a-3ad3772c40ca,18507155.98,53676877.24,27553392.96,10004905.54,5.37,2,B
e5688a7f-58c5-477e-982e-7dd6c16743ac,15736231.5,4621019.25,30792787.13,4578747.92,1.01,0,A
d360c0a8-efec-4dfe-9878-b2d4a6788be9,37472338.49,2025978.12,26949761.6,8276273.27,0.24,0,D
79c95cf2-c2a2-46cf-ab5a-c0822612104b,22758987.52,4537480.65,13203180.62,9120339.13,0.5,4,C
a890dd8d-b4cb-433d-9864-36d9f1e7f9a5,17329081.43,50739816.83,31293959.79,4253625.74,11.93,0,A
b49a998b-1a90-4ceb-9abd-85f24ed9e08e,25868120.3,1984206.38,21462843.82,9275282.08,0.21,1,D
7167c748-3876-4e15-9925-c18d2dc2af60,7487175.76,116930538.32,4311227.55,13703207.64,8.53,1,D
3afaf349-304b-46f0-9227-912c1a00948b,32179019.27,27683020.52,32073354.53,5602627.62,4.94,0,B
4a2f970a-3466-49d6-b3fe-e52bea9ee097,27936335.97,10897243.86,58091715.82,1482477.19,7.35,0,A
c248ee0f-b916-47f4-b0bc-601cc08366fe,87453232.52,32987424.82,159622452.98,2193184.55,15.04,1,A
7dfdf2ff-6031-4bce-8cd3-56338acfa8e1,37468471.72,15367697.8,28024393.4,12237029.4,1.26,0,D
f050e655-8f0e-4e23-96fe-75b81ef1a703,19694058.1,6882062.79,33098023.77,2802917.91,2.46,2,A
cab0fab8-0c07-4c3b-be16-5923bf607d3c,13794795.89,5503536.67,8546566.93,5782650.13,0.95,2,C
1dee987f-487f-4817-b1bc-040355bfe525,12483225.19,15873041.66,6863365.15,6985880.29,2.27,2,D
8c61e1fe-f837-4feb-bfb2-67720e81f954,16446640.36,9045938.52,12552269.74,9270151.9,0.98,3,C
b892bcb6-fb0d-4b7d-aae5-e968b3138f6c,35420860.17,7374960.51,64935837.81,7181027.67,1.03,3,A
e65e2f19-76b3-4c2e-98ff-2d6c57e6d641,24544025.78,1269890.75,42974626.9,4984138.21,0.25,0,A
812e3d53-19f6-46f7-abd4-4cf606cf9b1c,30760425.02,6558640.47,50061892.21,8285614.62,0.79,0,A
010e4d1b-fe3c-4dca-99ce-05ddc693cf23,27911231.23,35484574.61,31148275.29,4181721.42,8.49,3,B
286e6692-95e6-4adf-aea2-852ff39e0aef,18799990.83,3525573.27,39386672.62,4169706.16,0.85,1,A
d1a97591-376a-4a00-8915-68bc922ba5c8,80733808.01,1769455.62,172942113.47,6914278.77,0.26,0,A
824c37d2-708d-41cb-9a89-3ce5b85783e5,12875140.72,4552274.18,5329889.49,8387479.41,0.54,0,D
127ebe82-c480-4685-bc14-b8f7f3f73ca2,24758025.76,10470254.81,18057754.31,7170321.8,1.46,2,C
691e9e77-8bae-489b-bc29-4383a606c2f7,11668247.06,1865875.97,9087961.32,3662138.46,0.51,1,D
d65abfcf-3956-4700-bde6-a912ade605c4,5055128.99,2201095.95,2574246.15,5945169.67,0.37,2,C
b6d5d0e7-cd56-49a9-ae4d-594e7399706a,21795049.91,34147823.9,36491124.99,5401950.27,6.32,0,A
d323990a-c916-4cba-b1e2-a256179a5a2b,17565954.83,6490998.63,33734355.45,2742991.28,2.37,1,A
800a385f-72b2-4cd9-82db-f13a6a76cf66,14277998.37,7630652.28,21805899.17,5374963.64,1.42,1,A
25c84fa4-633f-492c-b2e5-04121422177a,11225942.49,10273684.69,4593706.84,5321351.59,1.93,1,D
004e7d8e-f81d-4932-8fa2-ce0e14635ef9,49981129.87,2108552.53,60998908.22,4634195.87,0.45,3,C
bf148199-3570-41fa-a723-1c193eb2ae48,5881589.29,9345741.64,10651260.3,2914827.44,3.21,0,A
ff19b6ff-0c50-4980-becb-ebbbf1465033,10942675.08,57236528.02,13590158.11,5735200.58,9.98,3,B
7b230ec3-a2c1-4a05-9ae4-8eb11d240730,46033358.65,15241788.23,54269036.41,8247428.73,1.85,1,D
d539183e-e43e-4596-b1dc-01314c0db0a6,16977158.53,1571125.52,21594834.7,4455806.36,0.35,2,C
38b9812f-c905-4bac-b81f-c3931ddbdf6d,106650594.29,22909084.26,199806853.22,2520744.22,9.09,3,A
031e4337-179d-485a-9cc6-d6cf98514ae0,7919139.65,4434282.5,16916752.49,3216793.3,1.38,1,A
de67629f-1dcd-4a25-a2a2-3923f60cdf29,19114783.46,14477294.27,36446044.82,6145024.29,2.36,1,A
ce5199a4-e764-49d0-90eb-57ce46c76bb9,18705704.83,19107170.66,6798317.96,3665980.8,5.21,3,B
fbe10b47-9ff0-4ad4-b50b-b54d58157583,7356475.12,6785529.72,2246045.9,11556651.75,0.59,1,D
d42f9a68-6be5-4eb7-ac52-434e2c72520b,7331777.55,9644288.78,2794824.38,10956419.82,0.88,2,C
6c63226e-2b15-4bea-a20a-dcd91278c7f0,61615391.08,1000000.0,38492619.37,5540873.65,0.18,0,D
4ff1e0b8-9d72-4582-b9b4-a4ad97df2afe,28489711.83,6689225.37,45488992.6,5038639.95,1.33,4,A
58657963-d493-4b97-8bac-9721e10b5e52,11277941.49,5585025.55,7844367.2,4397667.9,1.27,1,D
7dcf508c-ac4a-4c9b-9d86-c4a7c8dfbabf,14673002.27,11375165.49,25431436.83,5847615.23,1.95,1,A
ad5afb41-5e99-48af-8748-4d7158fbbc32,17995713.23,21140259.51,19346339.79,10099852.03,2.09,0,D
15870f07-5e2b-46b0-8688-dfc5339ad194,50981597.38,2822112.09,41609384.01,2278840.99,1.24,0,D
6e86ef64-3c6c-4722-86ac-e2b6381a3fa8,17649844.17,26237267.69,3672969.87,6496874.98,4.04,0,B
6a2a3497-afab-4e98-b499-f4d9d12debb6,5209488.94,7522617.46,8312973.44,3589216.94,2.1,2,A
b128ea6e-b237-49e3-8554-b9adb69f92fb,33040297.77,11499447.66,7280985.27,7132348.5,1.61,1,D
738f50d5-6745-4b23-bcdd-dd60de554b9d,11027407.1,15418945.0,13698363.94,5118728.85,3.01,3,D
30a1ad59-333b-48a1-ac05-35dfd1df8ab3,34786266.71,12136655.35,76506116.77,2940451.31,4.13,0,A
07475b0e-d9f9-4dd2-ab73-00fb08cd2507,22086699.56,3575521.79,17721728.67,10261686.94,0.35,1,D
7e146d30-aeb2-4de9-9d1d-21e04cc5889a,6201602.66,3466007.01,7119414.0,5391574.72,0.64,4,C
76bb90d0-e516-4bc8-87c6-f71ccae7d146,35735882.69,6322423.09,74457695.34,8106414.27,0.78,2,A
2afdcfaf-c413-4cc1-9219-49873a4bee93,39035702.61,4197765.76,85487660.4,3768504.75,1.11,2,A
b458174f-c416-4cd8-807e-22d537011843,15983630.9,1985661.13,15322742.74,6683489.09,0.3,2,C
ed631883-14a5-42ba-a31d-452c88bf20a6,57768386.58,10166639.71,100406649.92,10793588.74,0.94,0,A
5ab7c87e-9317-4381-962c-50c6d86487fa,19521507.34,8642947.47,28137419.32,10671794.61,0.81,3,C
19137949-cb38-4266-817b-38f194ddf046,21892255.53,7719820.18,11334683.86,6496209.8,1.19,0,D
02e7adfd-1ba7-4a10-bf8a-afbe662ea0c3,11453401.51,6749921.95,16781670.46,11426499.66,0.59,3,C
41213249-d329-47f9-aaee-ab88c02a8a96,40826617.01,13466335.65,49505276.25,8184736.49,1.65,0,D
4a422839-69f9-4f13-b7c4-7682885b30ae,36312539.77,2527175.01,54140966.9,4997456.34,0.51,1,D
6434c0e7-0cd8-43be-98c7-caabe420895b,26551954.17,12305098.79,5487733.82,5512145.06,2.23,0,D
f4d016f0-6d8c-4d3c-afcb-8cdc5ee323c8,23547894.15,23884737.32,5284427.42,15107783.76,1.58,1,D
8a68ea69-5149-4735-a599-b2dec4f21201,15667573.97,6312195.4,5587568.12,11341706.43,0.56,2,C
df663b3e-fb4a-4c02-97cf-f025fabd727b,13544411.16,5171899.81,15062939.41,4086142.85,1.27,2,C
b88fa1e8-a6b6-4369-858d-f47c2b35c34d,26110380.35,12646428.0,29965118.27,2904794.52,4.35,1,B
6bd1eb41-d92f-42a0-a6d2-80accac661a9,12757370.48,4348040.97,28029178.03,10319181.07,0.42,0,A
86e43f82-3872-4c59-a4cd-c441b829e4a3,10328602.37,26331613.79,4666639.51,2053594.3,12.82,2,B
3400ee46-ed09-4a7f-8cc5-7dbeaae4bf82,16254509.68,12203218.99,5357581.07,7559771.47,1.61,1,D
48869d3a-8398-40d3-8c02-4a25a621e64c,49442354.2,21771534.01,42957902.76,4709397.74,4.62,2,B
700659ee-01c0-4a89-a0e6-00ebf5ef1152,80461384.41,25577902.59,40063130.17,6550700.86,3.9,1,A
203ce9de-073d-4de6-80ec-dbce0351fa0f,25219063.67,6558578.27,44264025.85,13144631.15,0.5,1,A
fcaec20f-5fb0-43e8-a13c-6acc7a3dd8a1,73139584.35,15110307.14,67243984.15,4232954.61,3.57,4,D
5cba7a15-c922-4c6f-9acd-65ae6392fc3d,17175380.85,21382071.59,29649315.98,11180289.28,1.91,1,A
ffefccd7-3553-480a-a3da-65c9b515f22a,21979978.62,8563923.99,23131341.62,2103156.94,4.07,2,B
dbfba2ff-918c-4e31-8b66-c915ae9c8c76,20241656.23,13509034.94,7461124.01,3744404.77,3.61,1,D
3b6d55b3-f5e8-4c68-a9c9-477c7daa3c89,22591450.65,19900801.15,5954797.07,6694069.01,2.97,1,D
0d8020c0-afac-438f-a7dc-4022d200b6fc,15035023.71,18234312.58,3319598.73,8786509.86,2.08,1,D
46beba2e-63f0-44a4-921a-cdc057f902b5,42328795.77,23861310.27,53523129.65,3595181.97,6.64,0,B
90c62bcc-0592-4f11-b392-f953bf4cc48b,71171512.89,25845412.48,65726221.7,19654448.81,1.31,0,D
c5805110-65e6-4441-909f-44ecad550f75,13182072.53,67069185.76,27623143.19,8939908.38,7.5,3,A
73843cae-238d-4cc3-9cd4-7eea90339d22,12883917.09,8459196.65,19538665.89,6983119.03,1.21,2,A
e2a0fbdc-3bdf-4e84-9d92-d6892b0e8a3f,7610398.81,14613643.11,13431140.49,6194708.63,2.36,2,A
eb238ad0-a4d1-4b94-ad5d-62522a95abea,41704485.75,20536745.91,10856445.77,7834340.14,2.62,2,D
c660bd75-76f3-428f-ac08-e6849b50d5be,14868080.74,5712189.23,10288966.9,4385559.68,1.3,3,C
6ca0c5ad-6a01-4b4b-8872-fe3f0d07614f,10449969.94,4481111.38,4677352.49,3128092.24,1.43,2,C
1ba22790-f3ac-4f41-a7f7-a4f3c099d8ee,33756399.8,5173185.17,17433293.16,11108133.17,0.47,3,C
42a77dee-9903-4dd2-bb90-43c0f7b44d11,19652256.28,9221573.46,16736528.54,11681743.45,0.79,3,C
d3f732aa-96c4-4bc1-8f88-1ea2811053c5,58407565.87,2606351.77,14408777.37,7997147.52,0.33,2,C
b5caa8ab-0b6a-4614-b21a-72c643199a3e,17315125.31,24562129.14,16023372.04,2477752.54,9.91,0,B
1f79f3ff-6938-48aa-828d-12c662542274,66531312.72,4617002.37,131495103.66,5452499.72,0.85,0,A
0de7e587-0cce-4150-8d4f-041822b7766c,27448519.49,12854779.61,56478828.27,6894569.44,1.86,0,A
b471f759-dc43-4d58-97cc-a29950a42e49,25390543.72,7439083.91,25932680.9,6540701.76,1.14,1,D
f1a09e58-c261-4b1a-b46d-33e138b462f4,15289038.52,7031222.38,28739633.91,7842708.4,0.9,4,C
258b4c93-58c7-4090-8142-d9a5d2f57cbd,17340326.81,7097539.36,7838479.42,7515713.27,0.94,2,C
71e52e57-12bb-40d8-8c04-3763155e0af6,51572863.51,3682238.35,94174521.41,4276091.88,0.86,2,A
b031632d-e54a-423f-afad-08d362f88a7d,25519843.83,3411733.44,12915511.1,2048763.68,1.67,2,C
73424865-8bb4-4a29-b9b9-ee59659331e7,14412518.06,4081721.34,17246516.01,4273461.69,0.96,2,C
ca3f9bdd-5ec7-4412-9772-47a09a48ee47,30073768.39,5984253.08,46125594.83,9236342.6,0.65,1,D
eaad3ac0-d89c-451b-b381-da0b4c130afd,29918201.4,18093138.75,10161066.23,9813112.43,1.84,1,D
47e8356a-5d05-4ed4-99a8-3143974f0b9d,29521136.77,35188016.96,55587324.63,5643505.32,6.24,0,A
68a2c4e5-c503-434f-b99d-4bdee7611604,21551311.61,5135897.52,31515586.34,3917593.12,1.31,2,A
661ea2d4-9c81-4bef-b6b5-7384d866fc6c,26605699.43,16736000.49,50845571.64,6001411.51,2.79,0,A
e8555b1b-cd75-43dc-b4b4-69f113cbe48c,25010993.4,11811234.23,53797305.05,2697255.44,4.38,0,A
a941b755-6bf7-4c1f-b8db-56717465cff3,40728620.12,4778751.95,79573275.33,4336708.29,1.1,1,A
0cd3ff65-fc5e-4975-82a0-5b2d651ab0c7,46654273.29,13907780.21,46792574.4,7842198.05,1.77,1,D
3612f221-9a2e-4926-ae01-ea436b11fa7d,21284344.76,3509603.76,9765136.55,2974408.58,1.18,0,D
aff18908-ce22-4068-baa9-d116961cd260,28154270.1,2703808.97,55965838.98,9191382.25,0.29,2,A
ccc499f1-f625-48bd-a2f9-6bfbe5fc319c,12711927.09,21370747.73,4040864.19,6277618.85,3.4,0,D
5469b69c-6f70-4661-ad32-fc09740e4122,13372213.28,6425566.97,29323465.93,3008806.56,2.14,0,A
f87f2433-b1cd-4dd6-a0a8-571183e6be99,52334652.56,3430687.57,62150551.06,6286862.41,0.55,1,D
56b7864c-793d-4736-a186-877abc115282,53933511.87,8896044.29,92954389.43,4780673.62,1.86,4,A
f6410f02-a8b3-4ae2-95da-9149d9fcfbef,53013480.62,4996550.18,100766881.63,6128433.7,0.82,1,A
88d942e1-007a-4032-a88a-75b9cf37d0b9,30919962.37,10872291.01,26291626.4,1506392.43,7.22,1,B
c91eb79a-58a5-49a0-8ad9-efcc048f24e1,99295703.23,5587724.83,159255500.13,5143240.43,1.09,0,A
ec72ee4d-5a07-4c2c-8a73-9f3f78bbcf65,47721363.34,15571159.87,37416921.08,5658998.66,2.75,1,D
c73a01b5-f20f-448b-8e64-7c1a78849909,24397070.69,14350021.93,27997582.01,4182456.78,3.43,1,D
814060bd-41be-4004-97c7-530b1d2b9c4e,21541366.94,16340357.15,20457179.61,14363563.35,1.14,0,D
b40af8e1-fafe-4eb6-9f86-83fac08904b4,51005486.48,12521616.43,49423510.31,7843262.09,1.6,2,C
0efba946-55e5-4a8a-bf01-24f5ce2fbbe0,58258815.24,19354232.87,119635130.11,6542070.25,2.96,1,A
515182a5-d223-4468-948f-77b474fd48be,17843245.03,10109463.07,34524651.04,14134461.54,0.72,2,A
fdd20d95-845d-4601-8c3d-0a9f60b91c73,26304560.47,6423576.42,34712765.46,15699722.0,0.41,0,D
5caa863d-d69c-4dd3-82f8-696dfb532829,58410382.23,12884173.33,29502178.83,2781771.18,4.63,1,B
6d683b08-f1fc-416c-9ca1-6c53db6a7ac1,32609799.35,1896799.05,71441525.85,10028921.19,0.19,3,A
73e8ad3a-3f9a-4a52-bec0-17588bdc9c4c,18581797.96,11826303.21,6380251.96,11070368.43,1.07,0,D
4503c698-c1b8-4eb9-aa5d-1ed2515c7332,16974893.64,9337652.7,32150677.69,7064003.93,1.32,0,A
47901f47-1b19-419d-a124-31842f03e848,38616906.13,20352860.19,28432579.36,3037398.79,6.7,1,B
eab3b0c6-b431-4fe9-a81b-a2f95ca8d1ad,12918879.47,10155537.21,24543165.58,7548686.29,1.35,0,A
864cc794-ed5a-44a8-a4aa-30cd910d382f,31614528.15,8138780.86,11115133.05,3959499.78,2.06,0,D
0c0e61f0-d809-4657-aa8f-9e391efcc1f3,37421575.75,14841612.44,62695707.53,6020127.78,2.47,1,A
2a93d593-40d1-42d8-909c-c7d63d12d525,23880677.24,9912235.34,33552013.84,7505835.56,1.32,0,D
f9047e82-655f-42fd-8363-8b7ff4f73e6d,42906632.11,19520608.27,41773133.78,5586188.21,3.49,1,D
317da365-d2ae-4dda-8b18-5cf9b3bb42fe,5000000.0,5616473.67,6744411.74,6628201.21,0.85,2,C
3e7e85ef-cdf4-4232-befb-f7ab32328b41,21732825.65,13671151.03,16343520.88,7771225.94,1.76,3,C
de117aa0-1d24-4c6e-a719-f75fb3bd3fef,10359825.28,8363920.28,8159011.28,10162925.67,0.82,0,D
0b4f5a9a-a6db-456e-9dd0-5f396922f732,28595048.36,10516494.74,11618275.04,6392731.62,1.65,4,C
f4a21035-54af-4270-ab1e-4be139bdfcb0,13993299.84,7607029.01,27519782.14,12171504.45,0.62,2,A
a7f384d6-9848-4dbf-b8c5-12630fe43d36,7050443.79,21001945.36,5097846.3,2846246.17,7.38,1,B
7f3baa00-f72f-4996-b44a-30370a4544ef,29886109.01,8093647.54,22044733.73,1227185.0,6.6,3,B
3a326bc7-2c9b-4da2-8f3e-320a018307f2,42755913.56,8034692.87,68532642.14,2899634.37,2.77,0,A
b8fcfe8e-644b-41c4-882d-c26d11771716,11183809.93,8667475.0,21052762.68,5079150.52,1.71,1,A
080cab97-6654-47dc-8d34-b9b75c5aea64,37565001.06,97156970.72,13459688.11,9813368.63,9.9,2,B
0fdf3b2a-9413-4440-b0fc-2e433f9bdadb,16451374.26,15032922.83,28926078.02,5274671.98,2.85,2,A
2c49f538-439a-40d7-a232-010aaeeed993,18424830.59,12714272.33,13053780.47,8699892.55,1.46,4,C
ae4895cd-e01a-4471-a3a5-9d2f77d263f1,14350739.06,7034995.76,10667431.99,3860695.31,1.82,0,D
eee09963-1009-42f6-9451-dba700503c65,44665138.68,5240430.91,17561030.06,6474052.09,0.81,2,A
61e605cc-cb23-4e20-80fc-8e4aa1062a5c,10394163.45,9757958.7,20813027.57,3907997.11,2.5,2,A
c47ac448-9dbc-4620-821d-b393fd7b2bf0,37646315.88,13030467.97,65380767.04,5118111.63,2.55,4,C
f77af0cc-132c-4fc0-bd37-4c05967ee750,39312821.33,9042830.75,73498051.9,2180192.18,4.15,2,A
0aa24d8d-3011-4054-a506-d764e4a23fe3,66645626.02,11705610.73,32424847.44,11463989.87,1.02,0,B
d642dce5-dd1e-4894-acc8-560dc0606736,30460782.17,2493649.69,26142725.71,3135878.39,0.8,1,D
9bdfdfe2-fbdd-4ddb-8263-48defcbce8cb,59279220.0,27581097.22,74790161.6,5829024.49,4.73,2,B
41ed8399-7dd5-495f-87ec-431106620949,24393628.15,12243188.06,23143295.21,8525477.24,1.44,2,C
9dcb87f3-30e3-4f76-8c95-504db497e423,34829178.5,24105391.51,31982194.9,3412891.46,7.06,3,B
39878a94-f148-4b77-8780-8323563d32e4,29567251.83,16520119.5,41426877.18,6961382.38,2.37,3,D
dc6faa5c-bfe5-466d-a887-f1b2e48bb749,23010842.79,3469912.08,33558371.95,4999800.2,0.69,1,D
d9e0ab85-3d00-41b9-9c9e-c521385ff619,29236943.94,16602697.35,53354462.82,5430324.65,3.06,0,A
0a242e53-4591-48b4-86f1-15518943964e,27970889.81,21878451.92,31864772.81,1894149.82,11.55,0,B
5e224573-886a-4213-a25b-223797af0fb9,21661534.66,7154403.93,23320769.27,12681352.61,0.56,1,D
55850be4-4d10-432e-a977-0528ac56420a,39395526.22,4763999.08,19878303.3,2582964.93,1.84,1,D
e0922ffb-477f-4283-aab3-82961991183a,16118463.5,3620848.93,26452060.95,3693074.2,0.98,1,A
b1d256ed-028c-4456-a797-c3a94304536f,32766444.86,8614517.56,35472310.93,4865952.01,1.77,3,C
c40bd144-9a55-4a44-9ae2-b0d3f815e4a2,25325072.26,9511543.05,15804592.54,6196043.44,1.54,1,D
ca2c2cb0-e45c-4948-9bcb-ef259ab70676,19795824.67,6944314.86,4132983.01,3912109.32,1.78,2,C
66a30b30-ef03-43dc-85b2-b7c064f20ffb,47164680.62,5191116.11,34976407.22,11094101.96,0.47,1,D
1c0d4a75-09ba-4a6a-9e0a-3012339b2503,15935894.95,6286066.12,18980728.62,4467073.62,1.41,1,D
2f5a39ae-b949-4f80-a952-1142d963e813,21827141.29,6339644.78,18750432.9,7587302.66,0.84,2,C
d648880d-df5b-4316-95d0-13b47dfa8010,75312909.88,10724156.63,36163413.93,4494857.07,2.39,2,D
edfd3140-b994-4e51-8a78-463016782caf,16214804.74,9655283.51,10861073.16,3517468.91,2.74,1,D
a8d206ac-2ce1-4bdf-9f53-723e19534e6d,15013795.2,5591222.36,22721923.22,3574967.05,1.56,2,A
8b11145a-3e2c-42d7-8f05-2f4a331dfda6,22811040.36,10378748.26,23979816.0,7124662.98,1.46,0,D
98b48bf2-d5b8-4a68-979b-9f4e9c8051fe,29378212.82,26786714.62,30604450.89,8706578.29,3.08,0,D
ca5212e4-d744-4618-8520-a02804111d98,25753735.07,2363885.18,54142423.33,9762498.4,0.24,0,A
cc3e05de-9011-4433-91dd-28dd2cfbb767,22970926.68,15312689.27,48996808.49,6420297.33,2.39,3,A
ee9548fd-0dad-40ab-bed3-d555c35c6c48,25204655.29,42117728.96,42712769.44,5363980.27,7.85,1,A
539e09fd-9635-4ee1-aeeb-f45ade5b9417,35885158.57,3450726.16,22822836.35,2826305.94,1.22,1,D
b2fd6777-72ba-48a0-b8c8-3b5d26626eb0,14781793.28,12769294.21,21342323.94,2041008.78,6.26,0,B
245ebfc3-181a-4ac5-98ac-a29dd9fba2c4,25357245.88,29293684.74,29393583.94,6315389.34,4.64,1,B
bfdaffdc-ae36-46c2-8aba-04b4f39d138a,36699358.51,3703586.47,32365991.18,1976624.63,1.87,5,C
43ac7148-8c03-4f4d-934a-6faca2ee0c18,10280504.96,2962237.43,7204033.13,8559081.83,0.35,0,D
175b7115-8e79-4707-b0b1-148724204a42,53677862.34,11164798.27,103324542.6,4796761.9,2.33,0,A
73cc1c9e-a015-4f0e-a90d-71271852a0bd,20804688.54,17867922.99,18818776.09,5201526.52,3.44,1,D
7d140425-99b2-4e65-afc3-4cba9d6c0c90,12484162.03,9456156.6,9408582.21,5473957.2,1.73,4,C
9cafb7b7-4fe1-435d-885f-5f611b59edde,19363217.97,4169276.46,12089217.2,7585651.65,0.55,0,D
2e24002b-0f06-46c6-8ed0-54823b0bf1bb,19762298.27,5176906.64,9211828.95,5523460.82,0.94,1,D
68d52efe-3125-4d25-b86b-338bec5f71df,10477663.38,27817351.3,4050792.47,3234085.75,8.6,2,B
378e5fba-4f3a-4098-905d-13074afc0b06,33256860.17,28684313.77,69138963.26,3380268.87,8.49,0,A
8edad8fb-0659-4a95-a9a3-24fab906a4cf,28968261.53,2803095.66,37148387.15,13473076.25,0.21,1,D
ef013bcd-f596-4224-b522-afc20e396b1b,33860604.13,14051136.29,57808993.4,6701644.33,2.1,5,A
09f98182-10b3-4e76-bd0c-5e44c785d98e,30347019.02,4171190.32,46673376.74,7278047.31,0.57,2,A
23c9648a-850e-452f-b39e-def3201e65ee,25644383.45,6131735.05,52882305.41,8372845.18,0.73,2,A
dac4c232-2497-4886-8bea-cea60096e8c2,15394177.03,73399454.27,27032381.97,10200055.36,7.2,3,A
86790997-f2ec-4b84-97d9-b162da530503,32961903.59,8952138.54,11864310.07,6515001.4,1.37,1,D
a8cfffeb-8b9a-41af-abb8-53d891df5bb0,21522995.7,1940740.15,36784653.25,6861807.51,0.28,0,A
b615e68c-3ef1-4793-8ae6-93b396f1844a,33523585.73,7171766.4,29661054.75,4228439.5,1.7,1,D
15704dab-d0f9-42d1-b02f-f356c2f05662,15051219.54,25539804.21,26331870.29,4291608.44,5.95,1,A
1891de2c-da98-4236-99c7-d055c522db39,17598238.26,3233973.79,28163270.67,17757675.1,0.18,0,A
89a4c9fa-d9fa-48f4-bba1-615c7f50e987,9510673.26,14924276.53,7165494.67,5316001.37,2.81,0,D
957335f2-dd80-473c-a8b0-871100a15df7,19017977.36,11248570.54,36382924.82,3133259.81,3.59,1,A
6a813349-b436-472e-b621-98a2365d1d95,26424051.23,3616775.87,22242427.29,4265434.25,0.85,1,D
499470ab-f3f3-4aa6-afb3-a10db9f41358,21448208.59,12634840.67,29586205.2,2488488.42,5.08,1,B
436d7f28-fba1-4831-a3c1-b37fdeec48bd,63167781.37,5081906.98,110281469.46,8776800.36,0.58,0,A
9231d405-b355-4132-93c7-b11843891370,7622972.66,16455759.66,15534840.24,7259404.16,2.27,0,A
f0a76b08-a578-41c0-bd68-cd5d0b70a138,13415047.3,8272086.97,18506920.42,6682479.23,1.24,2,C
1c2c2a59-392c-4799-978b-9be9fa64410f,22240146.73,4944999.07,5585249.86,5833026.6,0.85,2,C
911e184b-8f05-4019-a3c8-78fc8c87ee63,35619154.07,10510221.42,32053220.5,12456970.86,0.84,1,D
fadeac8c-0b62-46a2-9e33-547452df29bf,20039820.1,30163289.11,32395181.53,2325804.3,12.97,1,A
acb4e590-55b9-4cf6-b1ed-3b5ac12a1b12,11855802.11,32584739.23,20906566.08,5222715.66,6.24,1,A
99679ee0-80b5-42e3-b57f-b8f8b2508e26,29266055.55,16207880.0,30210151.7,3112222.45,5.21,3,B
7a192192-a787-48b3-b4a6-81a5ed834cc8,72042263.67,8937217.7,49544893.84,4980239.88,1.79,1,D
57325e7f-7d98-494d-8f7d-c8b592caef10,22163362.8,7449762.98,14394980.59,4895980.58,1.52,0,D
eaaa1c90-376c-4ffe-b8a0-22f3752b33e2,5253964.16,28851148.9,7087251.8,3607082.69,8.0,0,B
7c6947a8-2a47-4ee4-9c8c-44dc09984446,51113864.84,2895387.15,63966932.29,10671693.74,0.27,1,D
9a15298a-8588-4704-b88f-6a34eb8edba4,35743672.69,17885690.24,8291699.21,4395357.68,4.07,3,B
b0931876-86a4-4b79-98cb-1b631cf6b7b0,9241901.25,8218054.94,14037059.11,5385339.74,1.53,0,D
241b418f-65ef-40c3-baa8-13eb78c8e95f,84087883.81,3809587.44,51085190.03,3036940.75,1.25,0,D
c3672728-9d8a-4f49-9ece-c4c72758a712,13959457.22,37409095.16,6201206.22,9084988.08,4.12,0,B
a95b8635-9c71-4315-b9b3-8aa2f2d203a6,10114889.9,27562939.78,15780862.67,2912864.36,9.46,1,B
bd32f592-2f86-4d4b-91c5-5ce9878f9823,43326708.24,5826036.39,19345965.35,3595472.66,1.62,2,C
0107a686-68f4-4221-8b52-475c922b0b34,20433155.89,18515669.57,12451297.27,3403544.09,5.44,2,B
2f1c1d8f-12a4-4997-8fff-f319fe71902c,11609125.44,14950544.74,24116216.44,5004610.79,2.99,1,A
f028e937-cd85-4730-bf42-ca3c360f117b,51876231.34,4119876.15,93082653.68,7152757.03,0.58,0,A
bbcd0526-4608-4b57-82c7-d1c55bdfb1cf,22299875.82,9325334.64,9167126.77,2993194.86,3.12,1,D
cb58290f-0616-4867-8e66-08a74bf3b7de,13890615.97,49337946.67,25010319.61,3989583.32,12.37,0,A
2d50b812-f1ee-4be3-877b-b295bb795033,17918589.92,5625875.29,14225638.14,5919098.84,0.95,0,D
e39bb213-8dc2-45db-a2dc-afdd2a2329bf,12220646.63,18654724.13,24978005.67,3492625.31,5.34,1,A
0e6c7b54-19c9-4989-8ee7-7e6315c27a35,92481152.93,12160071.82,120872554.61,3654423.12,3.33,3,D
0ce8b5bc-0f89-45d9-b018-19db39bb8d78,12422022.21,9940374.03,9160081.65,9752780.89,1.02,1,D
8f921099-d1e8-4bc3-aae8-f2529d5d8c79,11372672.54,14480125.26,6833345.47,3606437.22,4.02,1,B
f9048e49-2150-479a-ab8f-cb30a995a80d,47413719.54,5275676.23,13331296.64,12498028.93,0.42,0,D
92e50a31-1217-41b0-b686-d77e053e870d,17195363.89,4527439.64,8944412.82,4205718.57,1.08,1,D
444f98bf-1f26-48d1-9885-660cd14ea344,11232172.7,31716628.95,19421561.31,3647381.48,8.7,2,A
17a679f1-1fe2-4733-9fe2-650f882510e9,26669894.29,13843658.85,12963374.47,2454806.73,5.64,0,B
c70a13a3-ba1d-4d55-9bb8-dfdffc9c6558,19618251.46,16972087.67,20923806.41,3394887.26,5.0,1,B
376af03e-3a31-46b7-8e8a-c67a2879c9db,11153987.19,6630396.18,12090923.43,6261804.27,1.06,2,C
6802c71b-5fad-49f8-b90d-a5adb719dd43,16272878.02,5618054.5,22884922.19,2774061.69,2.03,2,C
e76d2ec8-31dd-4b8b-bc3b-812a316cbdcd,10827352.82,21690591.13,5921906.98,7080875.61,3.06,0,D
c6a4d6ab-ce31-4590-b910-b3f4b0c04585,9881085.16,18438915.74,3940401.22,4481058.06,4.11,1,D
ce8af019-6379-45cb-8d2c-d968e1c691f4,5000000.0,12550470.89,2793827.74,3153739.19,3.98,1,D
c21cf330-72ea-4155-824b-386c931cf126,27218967.53,13539571.79,18831942.12,5840985.72,2.32,0,D
4195b83d-0452-46a1-9b22-f52380c45a17,16953693.63,5028667.33,31624593.57,16243829.8,0.31,3,A
7f0b40af-568f-436d-a02d-8d26bf42c03e,26375487.04,2512443.15,26391637.69,7536938.76,0.33,1,D
fb03af97-199b-4515-84cd-0047b3e511a5,6313152.88,15737421.49,7244016.08,5246036.28,3.0,1,D
02adbeb7-eecc-4b3b-9f6c-5bd747f39b53,6026905.68,70998338.7,5580588.38,16024570.92,4.43,0,B
0fdb695b-777f-4e13-8eef-40943cded3c9,12518219.07,3553177.37,21068408.85,4354564.78,0.82,1,A
0a216729-6db3-44f4-8e37-797d50982803,39482617.24,10407025.79,19544552.88,3378789.75,3.08,1,D
174925dc-5c45-4bb6-afa5-a7430aa29ee6,20543709.64,3473306.28,6726792.54,4070392.95,0.85,2,C
a2493138-c76b-47b9-9d5f-6abc1d946535,25654766.92,19271625.67,15874069.83,4147449.51,4.65,0,B
cf5e8317-a265-4080-82f4-2db5c072123c,11014208.45,15243708.79,6118651.32,4501907.84,3.39,2,D
7e71b368-4660-46c8-a781-d89d13fa5164,97967836.33,9379620.22,53659844.98,3563930.57,2.63,2,D
dc07a7c5-9dc8-4d94-9cfd-0eb7f2cf9d65,19799371.9,4756284.8,21866187.68,11210360.75,0.42,1,D
cb10f6e9-58bf-4175-b0ab-fcb19ec6dddc,26679706.16,50253377.64,46662286.74,8567884.33,5.87,4,A
b6394642-3330-48d9-8b89-d2caa405d582,20680004.2,73340273.97,15956724.6,6649886.28,11.03,1,B
b3fcd158-7b62-442a-977e-5cab66d583e9,21616864.43,2259835.89,42542309.23,4829951.08,0.47,1,A
3d8cab1c-582d-4c24-bcf2-b7ace3ffc188,32427401.53,5943541.88,51472208.82,2526506.59,2.35,1,A
983fb3ab-3209-4436-9b27-dafd12e1aaf9,19992088.91,25972718.89,17567669.05,5254546.69,4.94,2,B
cd8d5ac3-59cc-4d1b-a30d-19bac1bdb7db,19702698.54,6087822.93,8972243.99,7999007.2,0.76,1,D
6e5053fd-b5e5-4e55-8799-c1ca3f7adf30,32396644.17,9456718.07,14959305.47,8498223.94,1.11,0,D
112bfae9-9495-4007-8ef9-db519db081cb,57437864.65,6970538.28,34594728.7,7901050.66,0.88,2,C
ce79364b-eaef-41e1-aee3-bb8f21c148ff,20426401.92,10025494.78,20938752.62,3502211.43,2.86,2,D
8499885e-9ae0-4adc-9829-e0240e7efeaf,77001181.35,10144459.52,65085808.93,3177412.04,3.19,2,D
8f68c977-9bee-4041-9324-7e639330d999,19408304.92,2905906.75,7734734.7,6153035.13,0.47,1,D
f089e53a-3483-4175-b370-339092829ab5,20827555.73,12394799.94,18519286.42,4244332.95,2.92,1,D
7ef590d7-e4a2-4cec-8201-6da4d728622c,5987805.34,5939511.21,9858784.05,8640179.62,0.69,2,A
f6fc154a-7ac3-4277-a141-c12eb24ed7d5,31845732.22,13402377.16,19681596.49,3452130.55,3.88,1,D
5926e8da-83f9-4e9b-a93b-08c8fae6f7a5,18907570.48,3328671.94,29157503.58,8803459.69,0.38,2,A
3fa230e6-8398-433d-93a4-c25af5f5415a,18346734.34,3687417.48,7666283.91,7515552.67,0.49,2,C
fa8f3150-3768-4cbb-90cf-f62f346ba0d9,11848452.75,12967138.8,7033271.58,3813234.08,3.4,1,D
11470799-2888-4c2a-bdce-2d871443882f,49796783.39,9228874.63,25677520.01,3973326.85,2.32,1,D
c2c6c77c-c2ea-45b3-870d-b30a72122953,30674448.2,28906563.47,9383680.01,2924535.91,9.88,0,B
26831be6-4e6f-4b39-b5f5-1488c419e68f,21902665.97,2844335.33,14313286.44,3456722.26,0.82,1,D
ea6fd863-96a1-4929-a69a-ba94abc6c7d8,29196574.37,3222787.07,37778019.87,15837023.5,0.2,1,D
54436d3e-8162-424f-9b75-38c120fe2368,10014940.97,15025538.38,16098271.77,4089806.68,3.67,2,A
3fbc932c-3cd6-49e6-943d-2d13bb8bc658,33903481.74,4784894.94,69891010.34,5400350.1,0.89,2,A
1848f270-8c0a-4cae-9ddf-f29cab95a6b1,76596694.12,10285476.35,112257622.2,5657088.51,1.82,2,C
2efcfe20-6e50-41c9-ae96-36295b63414d,33335243.36,9035291.13,72659911.98,4031626.7,2.24,1,A
2aa2a792-d887-425f-8512-0e220f41fe57,22347988.08,10634131.72,24320520.79,5039418.64,2.11,2,D
331fcc62-9ec1-4507-a95f-a7f8e3ed4b56,18161501.86,2473661.16,18176350.96,2920246.26,0.85,4,C
4dc4519d-410e-474b-bc40-6571a9223a57,36769331.72,9335521.87,77998733.14,4182642.6,2.23,5,A
51bb9eff-32d8-48f5-9885-115e0f0f353a,30208909.62,22668169.7,59943501.84,5340134.39,4.24,5,A
b60d8bb1-7bd8-48fe-a437-ae2a6c54700a,67442343.18,2101807.45,135751930.08,5010339.28,0.42,1,A
739c322c-4775-4cf8-88c0-8db02f489792,21003606.25,4833186.54,26620164.68,3550258.07,1.36,0,D
e0fa7270-42a7-44b8-8c8d-c6388678613f,39328931.49,9679396.26,75221966.81,3928085.69,2.46,1,A
5ec41e76-1e12-42fc-bb17-9dc2af203f92,26130917.0,14801201.79,44155828.89,5399279.43,2.74,2,A
52d016dc-3bda-458b-b1ee-aabdf52a27eb,21142566.69,2050343.52,38845000.74,9363903.44,0.22,1,A
54f08d34-7c6a-4db1-8540-4a291c48d036,23884683.79,7163924.62,9383435.04,4699930.61,1.52,0,D
de56e73f-6674-4315-ab60-bf6bc42566a0,18686167.43,9948848.6,26740009.95,4988920.29,1.99,1,D
fad7562c-c64a-4c1b-b396-19b31d561e11,20807597.71,4123977.89,13803257.92,4685449.02,0.88,3,C
b3fe5ea6-0d54-4b45-a25a-bbdd9944becc,38628502.44,11991637.29,67363460.44,5791869.4,2.07,0,A
039a05fb-2ac5-4b2c-b996-37283de96994,15140051.3,20597269.74,26965266.1,3846338.75,5.36,2,A
30e1ce45-82a4-425e-bdf0-80bf0525b51e,22090401.56,4358370.3,10306256.74,11076281.71,0.39,1,D
081214db-7041-41a9-86fa-20e65a3a26d5,37170931.25,3874351.32,54170845.25,10045287.55,0.39,2,C
c31e8066-c2f3-4da8-80b1-67fc4d86c922,23892106.19,5306799.09,42883985.98,11396247.33,0.47,0,A
3cac9062-ba53-4af0-afaf-a73b635006c5,39131851.3,7201401.43,66789073.48,5997874.4,1.2,2,A
7858cc33-78fb-4e87-8f3b-8248f9bdd183,12955928.34,12849732.74,23301830.85,6154999.75,2.09,0,A
da9f0c82-e909-410c-a919-15042e468d3a,12925752.37,11396106.48,21202606.25,1746579.46,6.52,0,A
78e70341-b2df-4e58-9ed1-f35c92475d93,42382514.72,9259042.16,49590494.82,7769325.06,1.19,1,D
fe5e1798-68c5-413c-b4b2-427414c78a58,17115660.92,2809115.24,29110532.59,5964725.48,0.47,1,A
ef557bcd-3eb7-4d29-a36b-48db73289a23,31461412.88,11893953.61,64265772.62,5303572.65,2.24,4,A
94d45205-bbb8-4fcb-9188-fc3143c478b4,23313507.84,12670432.09,48309004.05,9056139.54,1.4,2,A
10ed4f31-7c6d-4ad5-a1a5-8108fd239de1,16117762.89,8409830.1,6090951.57,6726145.74,1.25,0,D
98e74a5c-3c7c-478e-95a8-4b27a0840d3e,21587549.08,7605186.22,9147957.79,3535176.64,2.15,1,D
b5783c16-fbcf-47bf-91d1-f65ed4516809,41046683.07,24635365.91,15155973.26,5328175.16,4.62,1,B
e8917a63-4c68-4ce6-bd26-22e447f738ea,22831527.0,20450206.89,8103369.82,4414706.1,4.63,1,B
59387410-6070-44e8-8b9c-2bb50acbc6cb,42231632.76,13653625.21,31387105.05,16204639.83,0.84,0,D
9c049054-5bdc-4629-be39-1784ba681e1d,39713477.31,9834003.86,63848520.39,8689083.47,1.13,2,A
cbcf45e2-e180-4a2e-b95d-01935f828e43,23106254.63,2140993.71,46395211.07,3805403.89,0.56,0,A
fed40a97-3bf0-409b-892f-237e386fd053,22841462.87,3696533.07,11872091.92,2343754.65,1.58,1,D
87b149dc-33da-4b99-af44-e4ae166be4b6,36635547.92,15261876.61,47737152.77,2284411.37,6.68,1,B
f0396f32-cfbd-4727-9999-a31de73f1d99,79851802.63,13888729.43,86245427.38,10614532.46,1.31,2,C
87cd73f7-bd6c-4415-8ea9-8c4b8848bea9,28460285.13,8907424.63,53635267.49,11318517.46,0.79,0,A
5a91394d-b1cb-456f-8474-6c5f71b7180f,22712817.45,5961339.17,17737223.65,2046553.96,2.91,1,D
f3a29e24-9a0b-40b9-b55e-cd013a07400c,17962018.18,8975683.16,27452863.45,2326081.67,3.86,1,A
71369aeb-5107-4115-b2bd-43da44d84672,35536624.16,8463733.64,59024161.36,8967229.92,0.94,1,A
f02c8bb1-7624-44ef-a38c-22512a06dee8,20170058.82,4054708.22,39656402.7,2305697.94,1.76,0,A
73744e70-ca94-4a4f-b8ef-739095ca811d,7867583.35,8492556.4,1950363.83,4440572.46,1.91,3,C
aa5628ed-3815-44cc-97ec-da2e2f2e65b1,27873802.34,10846925.74,49318614.82,1415568.12,7.66,3,A
443cc989-e3df-4079-897f-09202d0f96d9,8780464.25,15401828.33,9515878.54,3616412.62,4.26,2,D
de400dfc-c163-49fe-a96b-9497b603b819,26845080.43,3680130.92,58451341.45,2316787.38,1.59,1,A
823afe61-b12d-45b6-b564-972229451f15,44047410.34,9720678.91,60178059.25,29295947.36,0.33,2,C
7e45b455-645a-404a-ae72-2e08e6ebd16c,18666140.7,8979689.22,10998454.49,2329001.04,3.86,0,D
9e892e56-9ab1-415d-99fb-9d2536be6db0,109179224.48,10418896.01,113251130.42,5577525.05,1.87,1,D
9e7ce13c-cb06-4bcf-9b3e-ea1c6b4d1884,30777204.3,11651764.64,57775065.07,14601756.44,0.8,2,A
e021ef57-cd6f-445f-8f5b-0af7295f0aa8,11056174.72,2281086.58,8583408.21,8392244.92,0.27,2,C
9923e10e-2648-4a83-9529-27cba5152883,32316336.19,3439868.82,42375161.84,3355196.8,1.03,2,C
fa99c766-9f15-45fb-b160-566cd6e2ee6e,9257167.12,6702245.58,18703737.14,5058660.49,1.32,4,A
c4f68920-3e8b-4066-aeb6-2bfd8b600235,72589299.21,3240555.48,28503004.05,9402048.8,0.34,2,C
a3810319-5b43-4446-b7f1-3e17af943083,38650448.1,12164027.43,47160214.95,4302459.68,2.83,3,D
06c67b0a-bb8d-4f9d-89e4-1876120c0e25,15234979.6,2812488.36,25240390.93,4357625.96,0.65,1,A
9d9b0fc9-3317-491d-9442-dabea0d4a435,7918761.59,13413062.33,3312102.98,4326595.82,3.1,2,D
ce5c30fe-ff47-47c8-b7b3-9b30fa955fe0,24673020.33,14499032.16,35563071.85,4034566.71,3.59,1,B
51f3275f-45d7-42b9-9d01-b14bb3950060,33693178.14,1579643.98,7116294.48,5351827.08,0.3,0,D
f07d6d52-69ca-4508-9453-8dcb9d73bfb6,14913418.61,9285824.0,32664698.55,4742849.2,1.96,2,A
1456e142-5623-4def-a9a0-0d641c2efe31,65141362.1,10534750.36,56670732.53,5723409.41,1.84,3,C
628a5c15-f3cd-46e7-bec8-f23d85dd7041,17262273.86,19276120.09,19959809.2,4153596.64,4.64,5,B
930eb564-cf8e-420e-bb59-0658325cc6bd,22500659.86,29616717.18,6822106.03,4945640.69,5.99,1,B
c47db1a3-3af3-4750-9380-2b3a39809d99,17043156.62,4481134.12,29022067.23,2815616.53,1.59,1,A
7ccb696e-2a3a-4e63-ad49-04ce1e776a9c,31348063.95,7483324.26,64110180.94,11144379.84,0.67,0,A
bdb591f9-e9b4-4fe3-b945-bffacd7747b5,20640045.42,13528382.02,44738207.49,3485454.31,3.88,1,A
1a5ee073-36de-49c4-96fb-51d339e22427,22531496.99,23524743.77,13139648.85,5390621.91,4.36,0,B
d31949b1-1050-455f-b915-6bde4f1094d9,70139257.37,19411700.06,115056663.99,6231427.06,3.12,2,A
e60d9c0d-7a61-4ca4-8afb-e7326ea18a39,33892174.36,41365779.07,33974106.65,3516624.3,11.76,0,B
7409e23b-fb27-4247-accd-0eab284e3122,71779344.55,3836464.08,136119310.12,4498275.79,0.85,2,A
2f605c26-d86e-4db7-bf3f-3fa7bbef382f,26272660.73,6576563.9,46213875.56,15418886.22,0.43,2,A
ba0c42d1-909a-445b-81a6-d4bd6858aae1,17423660.72,20242036.42,37817671.62,4661442.9,4.34,0,A
f0a6f92a-38ad-4c6d-b841-2a40035879fe,20545316.31,3096002.09,11739180.38,5393836.39,0.57,2,C
c0bd22d6-8398-4f99-800f-f84b4fd875c8,12964035.39,15649454.55,10816842.87,3753634.64,4.17,0,B
0409f468-ff58-4782-bfaf-6cff2b2f4eee,27062792.69,12063296.97,9082456.51,6450293.61,1.87,2,C
60859171-5c69-4e05-9bef-1a60b1106462,35228243.07,5984138.62,71422547.56,2722464.27,2.2,1,A
ab3c5bbc-9614-4dbb-9e8f-2a98f1962914,17733710.16,4401049.1,6467806.79,2284918.17,1.93,2,D
a591e62e-ab2e-484d-9e24-b57c7501b839,20661422.71,2444027.0,43685343.39,3630733.35,0.67,0,A
a6c3a802-310c-4e9a-9381-5c9eb3c60561,44478652.67,17967214.03,64958360.6,8822977.25,2.04,1,A
265943f5-8262-4c35-8ff9-c2de37217434,12957577.43,19369848.96,24975663.31,4850169.45,3.99,1,A
f9fa39aa-1c9a-4baf-b4ae-bc332950450a,20990871.33,5927921.51,30519931.55,4611868.03,1.29,2,C
09d81a6d-c337-4719-a343-20a6086dbfa5,19377977.04,8162713.61,16796625.99,3075623.48,2.65,0,D
5d514cc7-6d38-4f63-aa3f-51979ceb2c5d,39993647.29,10874700.43,45312913.45,2761958.33,3.94,1,D
dda50a1e-177c-48a2-b0a1-3add7140338c,24763658.49,3368181.91,48148132.13,3443012.13,0.98,2,A
44245066-e50c-4b51-8472-53ce5292573b,23452415.27,15149491.33,20510963.34,5810374.46,2.61,2,D
51bb24bb-8af1-4261-8388-79a5a035ae22,13561597.38,28101059.02,5041255.59,4724204.74,5.95,3,B
41ad7855-4f89-487f-a4d1-dae3faf283fb,18358624.22,1029645.88,11445652.97,4719998.61,0.22,2,C
2c1d93e8-c90c-49ba-ad49-cfa73fed62ea,22238673.55,4011041.1,21146398.93,4242828.1,0.95,2,C
fab9fb0c-4456-4258-b0d8-5ff2218f2f1a,14338578.99,6251286.61,13726164.83,3339764.48,1.87,1,D
903d0943-5784-42d8-9fa0-210484474141,16379431.1,13980967.19,17177275.8,3100841.37,4.51,1,B
0132b99c-4570-43e8-a49f-494a73efcb5c,22261894.9,4596376.02,25998445.56,6878954.47,0.67,1,D
9a6a5a75-d03b-4787-abd3-21757a6a2b70,36064749.69,8737893.79,13490297.54,4165773.93,2.1,0,D
4df6c965-c6c7-4373-b624-5f7671d913ec,18411534.2,9030215.12,10659710.22,8184903.75,1.1,2,C
edb629cd-e331-435f-9916-954e1d4c55e9,23495161.4,13516241.93,40346189.61,4794687.89,2.82,1,A
7ae4d022-eed6-41ec-9333-e0fad7f4e16f,79241219.73,5688298.43,155040921.46,3570639.8,1.59,2,A
5c416113-8d38-472d-a458-5c373600bed2,62854906.34,8307563.61,115955960.77,12419617.99,0.67,2,A
fcd28df9-c74f-4831-a920-78095a7935aa,15372767.1,2015585.11,12727637.32,2239710.95,0.9,2,C
025be86f-91a1-4187-bd2f-327da19d8c33,83208713.19,5308452.48,60815350.01,2850272.61,1.86,3,C
994aab9d-1a35-4b4e-a164-a0c205bb6a98,15671808.54,7531690.74,19265947.97,3430632.29,2.2,2,D
bd2df6c9-39ec-44e2-8450-5e4a648e68ab,38352199.15,13908658.53,31097621.07,5866676.75,2.37,1,D
aab82fe3-d88b-415a-a42a-d1c07372f434,24131075.37,14116125.42,40306911.5,5171454.15,2.73,1,A
dd0985a4-2e5b-4881-a11c-34f7c3907878,28900678.04,21728884.78,26390595.65,5882508.37,3.69,1,D
d503c801-3a81-4d51-b7f3-5fea132378f9,18114621.91,6683420.97,19459238.98,4882605.79,1.37,2,C
bf35c1fe-2fbf-4e11-8186-3ceb6e613161,28396333.69,5045224.52,6310584.31,4581214.27,1.1,1,D
846a9e47-736a-4381-b115-d7ccd153d90a,21283042.92,6720486.86,21987217.31,2869637.05,2.34,2,D
bc6df722-d51b-422e-99c0-ddab6c8ae851,55679804.25,2835903.01,60122309.78,7473037.84,0.38,1,B
42403c1d-2f21-44df-8a59-e5824587c17a,20559465.65,17855724.69,21514037.7,4960951.67,3.6,1,D
17915c26-f12c-447c-ab9d-778302d1c0ef,63055313.57,2108763.52,114641503.9,5939029.82,0.36,4,A
9ae900aa-a572-45e4-add9-0daf773a0dc7,54380393.14,13351316.3,57651355.06,2934842.84,4.55,2,B
c043dde8-b911-42a8-8647-9223117591f1,23547397.94,5123496.33,5348886.7,12864556.75,0.4,3,B
61944360-6e35-48d8-aa5d-78cae53a59d5,73780014.77,7114041.63,80263205.2,3941212.72,1.81,0,D
6a5c789d-608f-47bb-a43d-7b422e344b85,8507807.89,4998999.14,15850569.8,12143760.46,0.41,1,A
81af26ef-94f2-494d-96f0-2e7f751304db,18344655.83,17331123.93,30289145.34,3598164.63,4.82,4,A
d058bbc9-be66-4a64-8fed-64c97c60bc7e,16429057.43,7568804.62,17170037.67,6465364.39,1.17,1,D
8335fc42-b7fa-428c-bc2c-00509fef9d92,36468262.29,22424066.13,54609516.73,4036545.74,5.56,2,A
3bdd388f-8a1a-4d59-9f27-1946a28b0968,73225535.83,17286034.39,90322228.91,3376022.68,5.12,1,B
09264def-a0ab-4914-acb0-3c5fa9dd05d7,36195859.59,9911279.98,39929150.47,15328647.2,0.65,0,D
f89996e9-883c-4afe-8a14-7ed140b88dae,35173534.51,7636122.82,52369938.65,5979927.05,1.28,2,A
0bd4ff38-753a-4553-a88f-0ddf339ce643,8764945.8,4572550.35,5390959.99,4999285.45,0.91,2,C
544f3bbf-e3c0-4bf5-975b-0347ac276f15,20681270.74,8673774.1,35780646.56,2460279.18,3.53,1,A
7e4caf7b-0abe-4ec6-b1b5-fe17c1d4099d,17191821.71,6701947.08,18326375.22,4503078.88,1.49,3,C
7202e602-c55c-4166-8a97-c3c4487bad73,19157541.46,4154293.57,16070619.17,7475954.97,0.56,2,C
45ca2a64-8c98-42ca-8204-c3c85600cea6,25001397.8,6301969.9,33321932.66,3893905.45,1.62,2,C
9e01830d-8f73-428f-9324-db245ade1051,9567894.29,10924909.03,3865134.35,5489327.75,1.99,2,C
1dbf2c20-0aab-4950-a1b9-47d2f14f595b,27197893.89,2008513.15,56049848.99,4096288.89,0.49,1,A
5946705c-7aa1-45b7-8046-8d5fc2797400,18186878.12,5828957.62,9389136.59,7823025.72,0.75,1,D
0e88e259-0160-4a00-aa0e-c1d1a4d2f08f,19823334.07,6929148.08,8465559.73,7012254.47,0.99,0,D
fa2874b4-a615-42d3-8b0f-5763ba8ae8ba,24778254.93,5685398.32,22253801.66,7898254.47,0.72,0,D
1cd39157-88e3-4ec6-81b3-cf780733e6dc,19926319.51,7148270.43,26439176.83,4112686.03,1.74,2,C
c2ada622-65bb-47a5-8a45-d568b9883af2,36674646.17,16530533.26,60077403.77,7184536.22,2.3,1,A
780b83da-8cc3-4639-83b9-fa6790254280,14147868.18,2785616.47,12602113.64,5965057.01,0.47,1,D
df04b97f-f033-429b-8980-7130aeeead94,19596824.67,42875744.04,9578663.67,7836656.45,5.47,2,B
becfe64d-c02b-48c5-8e74-2728bb261826,11150725.88,5983127.26,4678580.07,4675365.81,1.28,1,D
97f98a79-5a46-4a8a-86f4-138001397f31,11079327.65,1198953.26,21785972.91,12551290.69,0.1,2,A
2d5b9b3e-5589-4b83-93db-dc3747e6848e,47987085.82,5109439.61,75391709.56,4000692.16,1.28,3,C
0646ae54-0fd4-42aa-ba77-a6c892552fd6,75568742.11,10878487.55,26151587.45,3089264.9,3.52,1,D
86cb2a79-4de3-4e8b-90a3-19e118b6ecf6,49057144.54,25762786.7,27256213.0,2838798.59,9.08,0,B
460c4a73-df28-4eec-9bda-3878bb0b883b,45683185.36,8332544.29,38878010.73,3562263.81,2.34,1,D
9695e00f-cd20-4000-90dd-1144dc41a814,17535653.75,14297349.73,20820351.62,3679450.05,3.89,0,D
598a637a-a085-4102-b463-4e6c30b312d6,15150453.03,12875072.11,22451720.07,12920015.42,1.0,4,C
3d616ccd-5adc-4358-b754-420608616250,35265909.38,6567555.86,37964172.45,2148812.64,3.06,2,D
0cf2632e-d1a1-4a73-8463-cab27d443ad6,11274549.51,21169867.31,12041953.11,6655744.04,3.18,2,D
c828cf0c-8e20-43db-bc91-bff9ca97dcb6,34181855.41,19219785.87,13804127.68,3415612.98,5.63,0,B
949b3e28-db16-4beb-a8bf-14e8c74bbcc0,17481328.59,5562396.31,30270245.92,5164574.89,1.08,1,A
78ce5ce5-e3df-4605-8a4b-3e65459a669b,14877106.41,17190465.39,28802557.27,6320218.78,2.72,0,A
4e175dfc-6e86-45a0-8346-fbe59c9d3d3c,18584265.15,19516405.81,28173413.7,4982812.8,3.92,1,A
9008aae8-b88d-4081-864b-3c0c6e49a2d5,14278045.98,11027010.19,18923910.75,1500874.49,7.35,1,B
d1f2c77c-13f1-43ee-b9b1-30802bec0d29,96520604.21,12608465.34,51674114.57,7369654.13,1.71,2,C
129c542b-f94b-4800-8991-13e5885c90a0,53615949.47,5038947.72,75408080.17,6518637.31,0.77,0,D
207416da-146d-4250-94a7-bc2c37ba081b,29975560.66,15457114.2,60629445.78,4351562.82,3.55,2,A
b519025c-8733-4f48-a66a-b9ecf43883d7,65187609.78,11968561.65,55836132.66,9103726.49,1.31,1,D
8f1485ef-476e-4811-87f5-0f9e2c475909,40300437.85,7141023.18,34430184.23,8273726.77,0.86,0,D
4aac597f-7d7d-4e45-a89b-dd605e5a12c7,18624351.85,19955842.85,19206763.44,3525187.43,5.66,0,D
7fecbbd1-eb19-4033-849c-ca02eb9d999b,11543272.85,8327694.72,8331027.67,3331988.1,2.5,2,D
33ea1067-fa4d-4d85-9701-1cae1fef76f6,32003635.63,13858036.86,56850043.2,5523960.17,2.51,2,A
efc84a67-3908-4eeb-addc-1651626a21f8,42926095.48,12218185.15,91445033.08,6984713.11,1.75,0,A
8d094389-5952-43e3-8b3f-2ac02e8a5e23,14591357.34,14972385.67,29943648.99,6718459.8,2.23,2,A
96401c82-73ab-478d-b506-15dfbb4fd19a,14983502.83,9193905.09,22910879.04,5573641.0,1.65,1,A
a77805fc-ae37-4219-b3b8-ae1f6313f11a,88784520.04,2949649.71,108941754.1,3027678.39,0.97,1,D
34cdb39b-4f2e-42e0-8c62-dc244fe5b974,36904019.69,7038957.22,16456452.83,4136870.8,1.7,0,D
059a2516-8bca-45e8-9667-b6daf97ff9d5,14237662.05,16710734.8,10350593.1,5934921.43,2.82,4,C
1e90a62c-bab8-4dd2-b9bb-091e0366fe3b,19700928.64,11187310.91,29093032.6,4928061.98,2.27,1,D
8078255a-f0c6-4013-85bf-67df60e22ce6,58686407.22,6228646.91,118252295.91,2215216.31,2.81,0,A
df09f8ca-e08b-4cf4-ace3-82eca1a4565d,39621553.66,8151145.75,13425684.08,2796115.04,2.92,1,D
dc677b74-be9f-4320-9fdb-6f3c763106cc,21192345.9,4698487.46,20147856.74,6493942.12,0.72,0,D
033c6a1b-ccdd-4cf7-aa87-7aa161e7faae,23692228.08,1855363.15,11651836.61,8343228.23,0.22,1,D
418cb579-626a-4e32-9e6c-5cf42c407313,24418515.13,17222859.27,7571034.19,1649263.4,10.44,1,B
38d09fef-f58b-4052-a854-24821fa3a5f0,40483635.88,24566535.85,28117493.65,4485842.06,5.48,0,B
6e7b6046-8c64-4811-bad1-3ea5134d657f,27855219.63,8027675.93,22762946.1,14904456.92,0.54,2,C
8e6e9b7b-59ec-481d-86bd-9022448e95a0,16577776.86,13946030.93,33288062.68,6855173.72,2.03,4,A
c70d8502-154f-4a61-99a6-d83579b5b9d4,22076214.3,6115111.49,7382613.13,4882914.02,1.25,1,D
ba63df66-e4f1-4d05-bf79-5a57712c1f35,13462002.38,4272625.96,4162878.67,4068023.93,1.05,1,D
fd681a81-f764-45dd-9664-e9dc899674cc,20179749.87,14614121.0,24695364.98,4983047.76,2.93,2,D
0e9eb400-95ca-40c0-aa32-ea683250ffe0,32978623.22,6627456.21,51591777.78,7442167.07,0.89,0,A
da0a1c6b-ffd5-4913-a1d7-ab1ba5ff0a9f,24671669.02,14224482.67,53071313.93,3245866.59,4.38,0,A
be78ad2c-85d8-45b7-adae-77576054753d,14400601.99,9836626.95,15492381.28,5573693.03,1.76,3,C
e0d99142-236f-48e4-9165-a520fa57c9c5,13225785.44,20731845.97,26069614.46,11802768.73,1.76,1,A
7fd825fb-6643-4d5c-9a45-54e89f5d4745,24434503.29,1879871.19,38597060.1,1644745.02,1.14,2,A
9bee5c3a-f2ff-47aa-9b5c-5421442e109a,6260267.97,3550434.32,8611248.76,11211697.81,0.32,2,C
24aba635-3a5a-4d05-8886-d49427e7619a,18645604.75,2218635.52,34929415.85,4026041.58,0.55,0,A
df2f23c7-3725-4fa2-8fc5-518f0235a3e9,8461963.88,13924430.74,4503756.07,2446823.36,5.69,7,B
9100ca78-1ed3-4e06-9e26-258ceb0fb950,19093184.28,25967002.38,17902200.73,8936299.27,2.91,3,D
c72f38d8-39e3-40ea-a893-3bc6b3222ac9,44531333.15,3407215.73,24169029.65,7547050.94,0.45,3,C
eb3dfa0f-804a-47fe-9477-af0fd8d045fb,9858789.0,6963931.55,6000460.6,9788205.03,0.71,0,D
0d07aa80-9935-4aea-ac0c-658fd78cacfb,27000292.95,1893965.87,23185226.99,5033668.99,0.38,2,C
90315219-ef0b-4795-9719-eec5c87a4fed,27779995.12,12264561.0,11659475.47,11893146.45,1.03,3,C
ea62ea93-9a6f-4b24-b82e-cc2049c54b76,27403876.24,37231470.35,56435210.64,6377569.39,5.84,3,A
6b858165-fa29-4360-9f2a-742c13e29a27,5000000.0,31409911.73,9914862.37,5411247.45,5.8,0,A
cd14b2b5-b576-451a-8f82-eed247d1307b,15741664.36,14852148.4,4252920.77,12529019.18,1.19,1,D
08537fd1-9eb1-4537-abd5-b863380ec376,36868226.59,3090393.65,71000561.58,3744774.13,0.83,0,A
a56f0f59-15a1-43fc-97b9-28f183c107a8,30066062.01,8605399.12,28579488.91,1573921.83,5.47,0,B
cb9bb53a-e057-40cf-8cfd-cc207691fde9,29573581.32,13017182.85,41914293.83,4873500.43,2.67,0,D
0117896f-f8ac-4991-bc2c-b3d568da4a7d,23451178.25,9407503.43,40697709.83,2708008.82,3.47,3,A
a16a6b99-ab5e-43e5-9a8a-b9b365ba2fdc,28740078.36,49721595.47,58814727.04,4605078.38,10.8,2,A
9081ce50-f817-4ab4-9af5-34117dea27a8,10942239.16,8322423.69,7949791.29,7372945.08,1.13,1,D
513aaa60-205e-44d4-9ba0-d7ea26425751,32640350.59,24470490.67,51988455.42,10075343.93,2.43,0,D
fc71d82a-ed84-4dce-9bc6-6508c0489e13,73902046.63,21627072.58,62082540.56,11533798.49,1.88,0,D
29654526-97a6-41ee-97f4-40ac24760e1d,22765809.04,6429653.74,23793690.09,3555107.86,1.81,2,C
409875f6-a0ec-4ab9-8bb6-72f1a7413752,7354957.78,6100376.2,8480695.58,3680754.49,1.66,0,D
6da02223-0467-4731-8095-7aef54f557c5,34610895.8,20764809.58,30094842.75,4464197.96,4.65,2,B
f28549ee-c210-47d7-931f-ccdcb003ca13,22322343.02,3170531.67,47646822.19,4444986.27,0.71,4,A
42457ddb-f32d-40f1-9a0e-f6d84b8a92a2,32798942.66,25155978.36,53732900.13,4383755.78,5.74,1,A
c7edd232-d29b-4408-b9f6-aa959a3ff20b,22028744.38,26001264.34,21577551.71,7289724.25,3.57,1,D
89d82892-e588-48af-99b4-81900687025c,12805328.6,15202939.67,9191574.65,12683766.33,1.2,4,C
2e9f9c34-6ee0-485d-97cc-d8db0814cd95,22843667.35,14263831.45,26527460.4,5236895.42,2.72,0,D
658a89c9-cd0a-4828-8009-d86a288c3dcb,82101251.56,5083645.29,113231477.31,11163253.01,0.46,0,D
9e7b591a-0fec-40f9-afee-f3ab7201fe95,29015587.31,9025777.99,27445437.39,8771866.31,1.03,1,D
814fe7c8-2089-434a-a180-a54869dd5dcd,8576638.87,13402192.18,7647450.57,3762488.62,3.56,2,D
17d50c62-b1c6-461c-bf80-9d11bbfa94fe,18461886.91,32566893.94,12724402.99,3967839.91,8.21,3,B
cb35c040-1f8e-4e09-a297-a31c4a238eb0,27115374.8,7438812.71,20112713.71,3189126.02,2.33,1,D
d46f7633-d396-4b4f-b401-efb8c78db8e2,33727193.55,21666558.09,49881584.78,8970529.94,2.42,2,D
cff01644-bf2a-4b56-8102-524981add579,11437435.02,12761903.63,14648801.23,4644482.17,2.75,2,D
7d20af44-fd87-48c0-9809-4222a53d02ab,37351901.94,9551086.95,20531090.82,10434066.34,0.92,0,D
76ce06e0-be52-4458-b27a-885b82b22d9e,12151794.07,30386954.3,9226146.32,10674880.35,2.85,0,D
c7216363-4a96-4a79-863c-43625fec3fb6,37181945.76,5741380.5,52159354.34,5907052.59,0.97,1,D
bb0ebaa9-2f4c-40b6-8526-db7d26c38ea1,15779905.5,23772466.52,16313317.82,7836137.45,3.03,2,D
67c5ec88-f855-4bd6-818b-09d358c66e2f,49224231.45,4043464.68,14999462.32,4037230.31,1.0,2,C
3965658d-7f4d-487b-95e1-cb9f5c0f41ea,33354993.06,15109973.76,72377647.05,2941217.42,5.14,2,A
5c7ba149-e143-4de8-9633-de804666eaf3,17484859.09,19722856.28,15455309.62,6215572.95,3.17,1,D
6132e2cd-21f4-47c8-9c39-28e01f7d4ab1,27694530.86,10841181.01,26743487.85,2996411.07,3.62,0,D
f57ddde0-9ef7-4ee7-87df-9fd9b11eb109,20658082.13,17144072.25,30144380.3,2549339.76,6.72,0,A
5759ba78-e0a4-4164-b4a9-eef8b7a2d674,16962785.6,5012285.15,32935494.81,2072879.25,2.42,0,A
4bebb91f-9560-48db-8132-5dc0cb9120c9,12791637.12,12965236.27,7713871.74,11302719.91,1.15,0,D
48b95f2c-7e2b-49c7-babf-b345814095b2,36037917.93,13684740.74,30364633.01,4876866.49,2.81,3,D
3bcffe57-81a2-4e12-b806-011010def980,11181553.53,16189966.88,10383205.28,6232947.51,2.6,2,D
810c9979-b29c-4ee4-8691-6a16f1a1c0ea,24721548.42,10887181.22,15709176.84,6041125.65,1.8,2,C
e06e3ffe-5e92-48cd-b2a3-3ed46897061d,21584289.67,13970788.89,30202800.24,3632625.1,3.85,1,A
0780ecf2-1861-4c1c-9a11-da82e91eb98a,32431425.53,28324135.98,68500663.91,3075570.19,9.21,1,A
763d3153-4ec8-4832-8e41-72f492ddc739,23223311.0,5962915.71,37343142.87,4351088.53,1.37,2,A
1948c3fa-96d1-4483-b087-349d4c7bc914,36208851.07,6015890.33,23721570.84,5713514.95,1.05,0,D
042d6dcf-881d-4bb6-8af4-e747ee92123e,192197655.37,6351534.21,358165009.37,5501808.12,1.15,0,A
fe9fa581-fedf-4a9c-9452-3c271d022f17,20581844.57,6618397.61,37050834.24,2840005.91,2.33,2,A
12f3b2c3-482c-40a2-a8e2-7ff76696ad05,36728291.14,12513656.93,8137612.56,10637968.85,1.18,1,D
68733346-b3c8-4107-9497-d8134848bab6,48345081.68,6703578.84,82613292.6,5974573.92,1.12,1,A
b5e4f4c5-b237-4273-9ed0-dde12e699eac,15628783.88,8205659.35,31068075.28,3623364.7,2.26,2,A
b05497aa-4319-48b9-a5f7-33a6a1ace7ca,16987804.88,8059142.68,3884715.02,9034403.26,0.89,2,C
f5741713-70f1-495d-938d-78a2777655ee,5000000.0,21779633.09,4012778.03,9598480.24,2.27,1,D
5440661e-0218-4fda-a3f2-64a8557b4271,15101357.29,2996593.53,16630849.83,2749814.45,1.09,3,C
13bd1d75-491f-4326-b48c-988e69307b18,27980152.93,4988369.82,44221562.63,5971040.29,0.84,5,A
94e57269-4a8b-424e-9bf4-6173c30eed1d,35768926.06,5482695.5,64166007.04,7250949.61,0.76,0,A
6310d41e-bc83-40c0-87bb-ef5f096bea9b,28948849.52,6218278.51,18090852.56,5634170.61,1.1,2,C
d68a474f-4a40-4ff2-9534-3b4b979745e9,26001966.68,28639255.96,28370252.06,5167738.62,5.54,2,B
fbd66fec-d2cd-4332-98d2-85d349d45870,11435617.65,14167510.31,18344571.23,4544422.89,3.12,1,A
94d4580f-5509-41b9-a6f9-135a2f8dffc1,36132321.16,3457970.61,50498092.03,3423262.05,1.01,2,C
1004ec57-bec4-4ced-ab56-7a1de98e7c5b,28114560.66,14433269.23,34398288.4,9083633.49,1.59,0,D
0f24c537-3ec9-4130-94eb-311b3bd1181a,41355509.02,12103398.82,84393606.82,3213150.05,3.77,2,A
7c30a535-a3cb-4ba5-9668-09776acaabb3,26958733.69,5126906.21,42095250.51,7588208.82,0.68,2,A
c379e34f-9737-4b5e-96a6-bb8710259cfe,8678838.71,22872943.36,2527942.13,13098743.74,1.75,1,D
c96e3152-9d36-44ff-afaa-663893c4eee0,75038465.19,10446349.95,19128508.55,6089711.92,1.72,1,D
164d06e4-023d-42fd-b9e7-e9a1801a62e2,18490595.05,11540494.44,26112532.19,7706143.58,1.5,2,C
c1b19827-b8b4-4e9e-a0f3-b3c2ef933273,66185884.54,12664453.02,114712773.54,10012315.26,1.26,2,A
85acca87-8fa9-480e-90ca-4f3cd6ff64a5,58960776.51,7075607.88,88204359.72,1315208.46,5.38,1,B
47a87212-80e4-444c-a12e-470775af0282,34089020.66,32696908.22,17804864.76,3477813.44,9.4,4,B
faf761d1-866d-4e4c-95b1-da9cc503a5a4,60662379.25,33825036.27,18987803.28,7849827.46,4.31,1,B
e4a64d4e-3b8f-404f-9ef5-60770d5ca6bf,33945001.6,2416758.39,61230569.09,9919311.19,0.24,2,A
04bb9e74-c190-4890-8be6-58a18e8420ed,8283786.95,5805296.48,5868479.98,7204143.91,0.81,2,C
fc2662a4-7b66-415e-8200-779b6405113d,14287433.8,24231634.5,9885081.93,5158492.4,4.7,3,B
3d5c9167-ec24-446e-a08b-1aecd1488626,20536737.87,8032462.58,4638143.23,5403307.15,1.49,2,C
7d7c4c31-707a-42fa-8041-88ccbb6a6ccf,59400818.46,2968306.02,51126074.98,3594523.31,0.83,3,C
efaaf7b9-2907-41c4-869f-e08da20669de,16573368.85,13449041.62,16173011.79,5562028.12,2.42,1,D
5663d569-00d1-40f2-acbe-370326a24079,25557733.1,17321867.21,36137939.9,4742751.96,3.65,4,D
44402ec3-a6b6-43be-a967-45e526b8fd4c,24804326.8,10169292.89,21544388.09,5717478.24,1.78,1,D
3a26b72d-80fb-4ca2-b08c-28d5e2dc1012,23767617.6,4434888.42,9181236.58,15962218.47,0.28,1,D
8723bfe4-b5c5-4398-968e-00f23bd7f5c2,9051223.2,14546908.45,14165116.37,8390880.04,1.73,1,A
ddc68cf5-ed18-459a-b26f-708e6a55e326,16735828.4,7995821.48,22052442.95,19308814.25,0.41,4,C
5dadac0b-ef70-478b-bf6a-46823444a4a0,39658659.15,3156830.68,48915704.44,3442128.64,0.92,2,C
5b6e5015-a04a-42bf-bdc5-58141792f87e,32290606.07,4379506.14,27518255.66,5935770.56,0.74,2,C
b95d011f-ce7d-4dd9-b815-ea4c30e6cf09,43435272.99,9064571.79,60502996.38,4123348.01,2.2,3,D
a51104bf-dea5-4b2f-871c-45cb58beecc7,36262599.91,6438087.32,10029955.13,9323918.8,0.69,1,D
bfc2b55c-06b4-4b21-91b1-54bf0cd89fb3,34005721.78,13038274.81,52640889.57,5126238.41,2.54,1,A
4370da61-4362-4d89-a3c0-b3c11e869958,38666816.08,12102204.86,79336756.38,5720333.8,2.12,0,A
889415a5-07ba-4871-b42e-4c2e95b52516,27861393.72,10847170.87,47717494.33,7041270.82,1.54,3,A
a8772339-fc65-429e-9be6-f20fa923ccb4,41980852.34,25862362.14,8646275.86,3274752.25,7.9,0,B
049e7a74-fc50-4d7c-920f-0564bd6c872b,20037933.36,4940830.93,20449180.98,3313169.25,1.49,1,D
6143edf1-ba34-41b2-9266-3b1346bb2046,68319285.2,7875565.69,79309560.66,8531375.43,0.92,3,C
78493c47-8b1b-41bb-80c7-ae4c2af51734,17589393.38,1678839.45,28540170.51,4192830.53,0.4,3,A
7785a477-57cf-4b34-97f7-c8c50c1d1778,16997690.24,25403941.17,32197525.88,7772505.46,3.27,0,A
7ef3c411-84ad-42c1-b238-f36b3913738c,18830003.78,13222342.5,35472913.84,3188844.37,4.15,1,A
42a34b4d-7931-4754-bc9a-2bb5bece35e4,56494543.43,19608022.09,119075131.28,7932031.53,2.47,0,A
960aee3e-d02e-47ec-9cbb-bae06e43cb0a,9951133.25,16116546.59,18658308.41,8404642.67,1.92,4,A
46870456-df71-4741-ab6c-904ee6a340ba,93692982.34,19442338.9,147339016.56,6552783.72,2.97,1,A
fe95b0f0-2d0c-4bc3-913f-f6f08d9b6619,16334591.04,4504344.42,10542296.31,6689436.22,0.67,0,D
7925fc6f-ec68-4c21-a147-4f9003b9bfd3,73903632.81,52470490.54,145380916.9,6561375.93,8.0,2,A
5e6b4b2e-21d4-4a3d-998f-a37cbf7fcf12,26419621.75,2286727.64,20941955.04,13422230.57,0.17,3,C
6cbe7ceb-bcdc-4cfb-ab22-cc69cd96bd65,25393274.56,9713603.78,47256758.25,4275191.25,2.27,0,A
459f0332-08ef-4300-a141-2b10dc115ff4,20560583.33,6441960.77,4165686.84,3687405.19,1.75,0,D
b162cca7-abcd-492a-876d-a5b204f2aec9,18542639.8,12001662.73,12246673.84,5648496.83,2.12,0,D
ef0507ee-f53f-4e09-9449-bb0a06151574,31350444.35,4172788.33,61579779.7,6553708.42,0.64,1,A
0b782322-0682-4387-abcc-a2198e974c1c,8319113.1,2218979.76,15827964.45,4760106.95,0.47,0,A
fedab5a3-5601-4b22-bf39-bcff7673b0ee,10692601.78,5455856.72,19394297.44,8447201.6,0.65,0,A
95d70137-c182-46ef-bfbd-cd8aad835506,25977404.09,4492207.53,36597721.39,2034682.91,2.21,2,D
e0e6b0c2-70c9-4a95-8d7c-1d6988dfb4e3,13251873.52,10011134.02,27804982.02,4060643.42,2.47,2,A
8fc5139a-e1ca-4b24-8897-b6fe65e4a808,16648771.36,4065928.36,31984081.74,2149686.13,1.89,1,A
c0a02b7f-34db-4cd2-a0d3-8b9b63d4a57c,12860863.04,7887274.05,16874977.39,7254028.39,1.09,1,D
0da984b0-83b6-4a33-b8cc-38e8aac40187,32818526.2,3692506.65,41104107.97,8121889.55,0.45,1,D
71b3be58-6aac-401c-87b7-70c18894566b,13313427.33,7515508.71,12346457.2,6471314.32,1.16,4,C
adae3b7b-1ac6-46d0-819a-f52a80b23f54,31083566.63,61993401.17,32600882.77,10759141.97,5.76,2,B
784e9bcb-24fe-4876-9ea7-108c95298cf8,49263575.97,25602039.61,44325220.37,4269588.08,6.0,1,B
8b35be00-5537-4e1c-85c7-7eab44e43b7d,35605081.31,6872737.22,71092309.34,9408941.52,0.73,1,A
dfd64fe9-cb48-4fd3-9569-ca173d8a0ff1,164006386.52,3789429.77,219353432.8,11715893.33,0.32,1,D
7fc11409-5d7c-4d09-8cdd-44839431f60c,9839782.01,10707783.44,9826519.58,3310755.08,3.23,0,D
e442e508-9297-4405-a196-98a1ac3210b6,53743056.62,14636231.0,102390555.23,13524576.0,1.08,1,A
e40b4cdb-de66-494f-851c-917b68498f99,33046002.11,10437641.94,9131693.3,2842189.28,3.67,1,D
ec798bc5-5c42-4c5c-8847-cdb8ff10c62b,35692753.66,27704647.58,54289691.96,7378431.55,3.75,2,A
636f3ecd-df83-4539-a278-d22c57791e58,16802686.16,12741255.01,10701731.0,4344190.88,2.93,1,D
55e4372b-932b-4b9b-9473-2641a8ddfb45,52240339.34,10382512.62,90022981.64,5848717.51,1.78,1,A
0cf483a0-a6e8-4af4-a867-68ab3e0bf204,37959885.22,4791450.18,25749659.83,5969299.4,0.8,0,D
571e8009-2df0-473c-9f33-fa24da4b7a3c,40716497.14,11717247.48,11343750.32,1908425.85,6.14,0,B
600f1866-b240-438d-9ccd-9a6e2df6c812,7725451.77,2478571.47,10210635.81,5185385.5,0.48,0,D
ba5a1323-c7f3-478f-9a1f-e288db431c86,23020014.78,12102696.11,22032594.72,8116956.24,1.49,2,C
309290f0-e6c2-499b-a67b-05203a098889,20899438.14,8899261.07,43959067.97,11097321.06,0.8,2,A
114604d6-6b68-4174-89ec-06e47dc08c06,32523695.63,10317341.62,44002739.33,3513387.48,2.94,1,D
d5d97a00-6b0e-4abb-b3e9-82880e77a591,53712361.32,42488759.05,47074387.07,7306499.34,5.82,2,B
5683c6b4-b7c6-4e86-91e7-47bb40bd7bd6,23122570.99,3502511.22,16630123.57,3806841.78,0.92,1,D
10a5c946-36b8-4714-88c9-965ed89ad262,11534973.52,4821951.07,3051759.87,9681833.14,0.5,1,D
32a20af8-67f0-4e0e-b2d2-b1c1f09c3c05,40181132.58,10303467.18,59729438.78,8423659.75,1.22,1,D
863a34d5-2f15-4e11-bcae-803419c0874a,61472223.51,1440333.68,52672957.58,5484241.15,0.26,1,D
3646911d-927b-4c5e-9806-c48561a179b3,55029787.46,15524561.97,36560042.62,7444609.74,2.09,4,D
b1888d1c-f88f-45dc-8bd1-59618db1f9f3,17572421.41,2646756.13,31896269.12,11111036.56,0.24,1,A
49c96007-9343-491f-b6a4-f104e73a39d0,7179704.97,31279361.67,10362229.57,14974471.18,2.09,0,D
683bcb99-53a8-4d2d-b3df-05704dd2f8cf,20259793.42,7954199.76,41032308.87,2518197.09,3.16,1,A
ceac3972-8525-4d8b-bee2-6427f087e1bf,34453749.4,6070827.58,18136281.13,4747624.5,1.28,0,D
e5d35fb5-ec57-4732-8fbd-ddfc6c10e4d1,30442972.09,4754198.61,43159690.75,5558362.29,0.86,2,C
443f6c61-77c4-4d72-82fb-ed3bae5ba8e8,28098386.6,2297800.87,24333412.57,2743143.64,0.84,2,C
7119472e-2ba0-4ac0-83c6-de781f4839c3,53220175.88,5159571.12,72656832.61,4625270.86,1.12,1,D
1ef018f9-4239-409a-a6f7-838fb162cd7e,13059624.83,10463883.48,9314860.41,4136243.14,2.53,0,D
251f0f47-be5e-4cc7-8382-9b798cfeac2c,64168947.54,25334576.42,122901541.64,5396553.52,4.69,3,A
a256e17a-4e91-4371-b16c-54ff652179e5,32446383.68,16035576.95,36082331.95,6877735.46,2.33,1,D
0c27e75a-e586-4d10-99c0-5cee941d44ca,64330584.04,18188055.09,24176827.87,5183732.23,3.51,1,D
06c15f86-1ba0-4c95-bda6-92ec0352bae5,15062718.22,5059974.43,19640224.76,7896190.49,0.64,2,C
76a23e03-6b9a-404e-99cc-86a53c17d361,27003662.06,6601228.37,45436924.93,7183085.88,0.92,2,A
13fa6846-97bc-49b0-bcc5-06464c40e9c5,30157258.34,2548227.32,8083893.22,6916724.53,0.37,0,D
ac47d35b-50db-41e0-9913-c72ed8eae550,39343529.83,7816869.47,77823815.63,17087362.89,0.46,1,A
c44218fd-cf2e-41ee-811d-ad0b66c28a2e,38052599.62,5109997.95,23858169.64,5287084.86,0.97,3,C
8c1a8d14-bcc2-46d0-aa24-4cc7e5187a56,21895012.71,5755162.28,18975073.65,3192775.0,1.8,1,D
3d7f36fe-531a-4117-9252-4329d4dbde9c,61465145.73,26410843.95,57256731.75,3506132.38,7.53,3,B
de07f270-29a3-4146-8525-f30fbdfe0f07,8059240.71,19941128.0,13412226.94,5326799.69,3.74,0,D
0d00caec-8a2b-46ef-a670-deb63b381f70,39661740.82,8052041.55,80040575.98,2977932.39,2.7,1,A
b9802855-34b9-4b9e-b3a8-786b79f4a32d,23568297.9,3735894.53,8373397.86,5846381.04,0.64,1,D
3ef11f49-48de-4cb8-a6c5-ffd8c6989b9f,12055271.47,17342153.28,12521083.89,4316468.52,4.02,1,B
6cd16285-ecd1-49db-b093-c943d28ae576,26348116.49,1468068.88,33544086.16,2870978.89,0.51,4,C
ca1a848e-0172-4fc0-a7eb-179109d77fa2,16234352.79,7304252.37,32750975.69,2701303.53,2.7,1,A
651dd1a0-41fb-42b5-8e3e-f77514985e44,33426604.23,15258344.46,10397192.49,9420272.6,1.62,0,D
18dd013a-2b4b-4491-8e07-3ee7a3ba9192,5032995.89,18694083.01,6853359.61,2031718.9,9.2,2,B
d32e4c8f-97b3-4573-bff4-2b2678a14f8d,46333389.71,10632903.15,62700851.48,2819670.17,3.77,0,D
4b488bf3-b36b-4aa4-baf0-4b2bc60d24d5,33707865.36,24209427.96,60508686.68,1996848.76,12.12,2,A
d5db5953-049d-4047-ac52-bb740778009d,59714585.09,3296288.05,17891362.28,10407469.64,0.32,1,D
701d42e6-97b5-4162-af87-02c79c404196,63814461.01,24298751.44,80752842.03,4619920.23,5.26,2,B
a0a43f8f-5552-4d8e-9d29-d0177c1dd226,44996859.45,2006480.94,83403116.4,8514421.22,0.24,3,A
e4058750-25b9-40f9-a92f-295cbc38d162,13896554.8,9370783.49,27704965.01,1653652.65,5.67,1,A
2d69136b-aa14-452a-8762-20df67b93491,37729739.8,11171274.36,44798854.54,5055089.04,2.21,1,D
f3ed8c8d-afa2-4270-8257-203e19dd46ce,21523770.9,5097744.01,46371936.1,1055609.18,4.83,3,A
71a92126-b54f-4a24-8a09-c2e1839e1855,28354317.01,11645967.99,8077214.61,9451103.74,1.23,3,C
0f190254-8425-4a0b-ad0b-51376ffb6e27,40919418.48,11308367.22,53879179.57,3320226.84,3.41,2,D
adc2df31-f294-4ba0-bbd2-692cd3bb853f,29288449.73,10180470.41,46614231.83,3469720.19,2.93,3,A
d3183bbb-a68e-47eb-890e-20c7ebcf634a,21211784.39,9435743.79,24870152.05,2973407.14,3.17,1,D
f57e2ba4-cec3-4724-9a2b-e943021c7be7,23914413.5,66680373.45,39292116.73,4177108.76,15.96,0,B
7150f64e-668c-419f-a440-c4c4f28bae5a,91708810.97,16868719.06,96381466.76,6672321.03,2.53,2,D
c5dbbedf-eb3f-49cf-bc52-24b7a1ed8ce6,56400016.82,14048098.41,50837436.08,4447950.28,3.16,1,D
33a660ec-d04c-45d7-8a06-562e2e5192ad,15975699.72,10182325.68,33545718.77,6695241.82,1.52,0,A
542fa96e-9539-4124-b6cf-511c069bcfc1,17794054.41,5749932.68,15737179.83,7999157.89,0.72,2,C
cda6dbfc-4003-47dd-a5aa-283347b71914,26276209.04,27299677.69,39056747.19,8296279.09,3.29,1,D
d849c45e-17dc-4dfb-9f63-84712352bfbb,33007585.57,10851289.15,45311933.24,8677613.51,1.25,2,C
44c38013-a4cf-4480-bb3e-0e85b343bcb9,31377420.62,4587302.18,38436925.99,11056547.28,0.41,2,C
578b3311-4398-4aea-aad3-dbee2fea89c8,48921730.91,16019106.98,49986095.3,3805504.79,4.21,1,B
3ad003c0-a3ef-4e3c-a344-7e88620a6b67,38130604.25,6585451.81,70032090.86,3514943.28,1.87,1,A
90d5087b-3149-4681-80ea-506fbb7c452a,30192434.19,4289081.21,23402707.72,2202592.09,1.95,0,D
e99cdbfe-aaf7-4c48-becb-be7f49c0ec32,25903660.76,45882617.43,18814504.96,5399020.45,8.5,3,B
c18a7873-4fd5-4cc6-8f44-6fcc29849eb0,38905513.97,6071234.1,34146194.25,5964994.5,1.02,1,D
2cd42b38-cd52-44c0-b188-af0752758c2a,55287496.9,10081656.59,110844859.0,4025631.49,2.5,0,A
91728b49-1ce3-4d1b-86f4-f200bed795dd,10381809.51,6497167.49,20893164.75,9008079.82,0.72,2,A
4c75c85e-8f52-4be5-ad8d-2dae447a68a5,27579277.92,13508073.07,14904410.0,14689981.89,0.92,2,C
ed46605c-31e8-42a4-a7d1-314f76f7444b,6988214.06,27660130.8,3503694.09,3051414.83,9.06,2,B
41262b74-2046-4ed9-8c2e-f1fbcef9bcc8,15221559.04,4190564.27,13941266.99,8779669.98,0.48,1,D
889a1879-134a-4d6a-8ad5-4cf7caa6b0d1,32950465.78,11154702.74,9310480.77,4027096.26,2.77,0,D
065fc62e-035d-4d42-bbb6-6c4783e522e1,8840002.29,10248251.98,7261897.9,5461974.45,1.88,1,D
5c56c925-c67f-4e1b-94ab-256dc6421760,30262599.96,12710083.75,18394736.08,1569368.34,8.1,0,B
ea132f18-2fcc-458a-8279-ffa462951c21,14275765.63,27277979.63,8490174.8,6485429.13,4.21,1,B
452b8d52-4b70-4352-a585-08b490efb44d,42125453.14,8709201.79,45779512.01,9042673.14,0.96,1,D
1d5a03ad-8a67-43ab-ad18-53e9f5f33964,18218693.9,9791456.47,35487083.49,7235905.16,1.35,1,A
427ce06a-6a42-4d6b-bc06-58f4ed8a1a6c,32803039.74,16176771.13,58596993.06,5068675.49,3.19,2,A
01d3557f-1254-4f0a-b4bb-4115f39c01a0,27455561.38,18715419.09,19112303.28,5247109.28,3.57,1,D
9acd31a5-1e65-439e-88e6-f76dbc6dc0a4,61342119.59,1679213.86,97097942.17,11755859.64,0.14,0,D
9710485e-ef91-4af9-b999-1385db5370bd,29432015.81,12679295.25,53264069.86,5446629.47,2.33,1,A
f3d7bd15-a20d-4986-9572-c43f1f9578ee,22419060.79,17797806.21,22723478.32,6279580.84,2.83,4,D
4b108ed2-2a3e-4f3e-92b9-6b7b4a83a3eb,8402663.4,5334137.71,2673902.23,10983550.76,0.49,0,D
6b063920-d139-41e3-ad8d-f0fbec57cd35,32484193.49,1987537.75,13723162.32,5040597.32,0.39,2,C
a47bac36-787b-4763-9518-593990fa2d55,19397012.83,17132207.62,15717680.32,8398305.25,2.04,1,D
7be15066-e9c5-4fa3-bba8-92a5fd41f948,41282945.57,11586204.04,69972251.48,3756305.36,3.08,1,A
26924381-c89b-4b66-9300-7e9c386a25d7,22958302.3,2439432.08,22532440.01,11261600.28,0.22,0,D
4bc993c0-886c-4b70-b568-575f6aad1d80,30238590.27,5599954.81,56757010.74,14611460.79,0.38,1,A
ba1d6566-ac48-451f-8f77-83bb1a00ea3d,51026692.23,5753349.76,78289651.67,3399880.34,1.69,0,D
835c5167-eb07-459f-a496-08cc56139f6c,16689734.36,15002430.11,26142850.84,7911734.06,1.9,2,A
7e7aa7e8-590c-437f-9b87-e875bb0ac69c,8784494.29,7976019.83,17354061.03,3157974.92,2.53,1,A
bb21b7d5-8fae-4ab7-9b08-11b98c68a4eb,14171348.48,7972524.59,9938119.23,3395895.04,2.35,1,D
1379f49b-bed5-4283-95f7-8a2398c63709,44347093.94,3609412.46,69830427.12,6242631.88,0.58,1,A
f5aace10-9c5c-4453-82fc-455c16011122,24444348.81,22224418.13,5260278.94,2313668.16,9.61,0,B
ae5d8c08-4477-4028-97ee-60a7f0e89ff4,25649581.52,29956138.8,26908450.86,4495476.49,6.66,1,B
475be610-7fac-48db-9b94-428dfc5c8f6b,8337569.27,12213391.39,17258492.28,6440031.72,1.9,4,A
210d8064-2857-43d9-a0cf-e0523b60c6c7,26737156.06,2497973.57,6527760.26,6661564.36,0.37,2,C
7faed56e-88f4-49c3-bc63-8b2522c36467,58409225.95,23404182.87,57148208.96,4561047.53,5.13,3,B
34062bb3-a477-4f3b-833c-0328d14530b8,14886653.77,5732477.62,5451778.8,11570291.63,0.5,0,D
19591ac5-9a22-4a81-8ae1-336e8dac5b52,17391055.24,9664519.64,27241007.16,11014277.94,0.88,2,A
21a319fb-93b5-467e-b21e-c4e1da8e3b84,23045946.96,4885747.1,11395816.75,5046907.89,0.97,1,D
a8ff2d02-3670-402a-b1c0-785472285d6c,42399869.35,10928323.05,32509890.06,6055329.42,1.8,3,C
2c7c2985-2fca-4d13-b98e-4217b5e094a4,26354607.59,2511535.5,34504957.23,1542580.28,1.63,3,C
ac89a255-3f5b-4692-be09-a506838959af,26732712.59,9319892.23,40210708.12,3583841.9,2.6,2,A
e7003920-c21a-46a2-a751-b741b35dd3f6,26070013.83,9416682.45,32551088.52,10181447.24,0.92,0,D
ea0b4ebb-edb1-46fb-85d0-dc46d1c96ad8,27000581.56,14908795.54,19278385.79,1861884.09,8.01,0,B
2f8ddbea-a84c-4e4a-9a10-f3603b36bde5,26994931.9,18716508.19,28995978.56,5632582.34,3.32,3,D
ca2d1977-97b4-4669-b29c-39882a1e041c,37915879.5,4336723.58,36241110.02,9990607.33,0.43,0,D
a137f1df-00d7-41e6-ab0b-4c19fda1fac8,60503139.65,25127338.18,103093218.76,6407313.03,3.92,0,A
f133f8a0-ec76-4f41-9b06-89f07e284b41,23033070.26,12636761.13,14122202.73,5869167.74,2.15,3,D
4b1dda4c-51e7-4131-aae9-6c22e1c73894,9381801.11,8197209.28,7624634.42,5307150.38,1.54,1,D
0b3389c9-5b39-4fda-a1ad-267034e14c85,20281014.79,6783410.1,32426473.07,9333595.38,0.73,0,A
6ae664ce-3912-4225-bb28-f92d214f3c9d,38975351.17,16733041.27,67959589.44,4285468.06,3.9,2,A
c8608890-8796-4f82-b92a-f65550e5524d,8223688.47,10847574.37,12154658.29,6690009.92,1.62,2,C
3f07c77b-4a0d-48db-b1e4-246d395c0531,22699778.84,8757840.77,10593152.43,3730436.48,2.35,1,D
decf010c-2775-4ba8-baee-12551d49a354,12608240.86,14255741.44,3211864.58,9941817.41,1.43,2,C
ae96c8db-7a5d-47af-b752-f7f5a2e8afaa,17318323.32,5307929.62,22666876.52,7650251.05,0.69,0,D
5f91b5cc-53c9-4d3f-b2e7-79e4a1861dcd,28119674.9,12686715.08,38934967.6,3505476.11,3.62,3,D
a08c9018-7aa4-4c7e-b9c7-b82dad411022,44030879.74,2026441.86,93761880.56,7495835.82,0.27,1,A
2ec420b3-8c51-4b4d-89f7-5562ed8dd5a8,17143309.6,15335554.07,10882387.17,4659233.71,3.29,2,D
47f8df92-1b52-4c9e-a7d6-4180a4dd2f3d,13729229.81,9077204.63,19686891.88,2250289.58,4.03,1,D
6297bd74-87f3-4278-813b-f2f0bbd61a48,42226860.46,9067569.56,27807898.59,5459741.13,1.66,1,D
500abd42-5d8a-41fa-b8a3-9c324cbbef39,15621653.95,11270996.06,14092799.09,10887842.28,1.04,0,D
8572c271-bec2-4612-9a5b-3165dbeda458,8162429.72,18473604.67,10166044.9,6057099.48,3.05,2,D
e9d539c8-1439-4238-bc4f-4b211f74468a,17652040.1,7552222.57,30384171.82,7058442.83,1.07,2,A
27f06539-a113-4712-bc0a-8ba561aa1ecb,27380998.01,3731093.31,16643470.54,6226287.71,0.6,0,D
93961f68-9433-443c-9823-3d15b4a6ed8f,33454439.16,7768082.41,13207534.11,7641760.06,1.02,2,C
25f25ced-9750-4bfd-ac42-29806c924b07,24422450.66,6883972.06,32283127.46,8050810.96,0.86,3,C
8bc02772-adf4-4929-9a2f-3bea8714413a,5000000.0,2621714.15,9338374.22,4500632.8,0.58,3,A
5d26ee24-cda1-4318-91bf-ddcc5c0dd9fb,60273946.03,9350724.81,121941721.88,16014666.71,0.58,0,A
3c21bccd-7fdb-4a04-9b8b-b75241fe913c,33165618.63,11539075.06,10437922.35,4585504.36,2.52,0,D
4ba8ed3a-9023-4c10-a0c5-76af758ca83f,28275685.09,10343382.15,36104072.52,2919001.21,3.54,0,D
4b34699d-9e2f-4b0e-a2e6-2700867121f5,16021590.23,8634501.81,7582840.34,3025017.27,2.85,2,D
423e4024-3e86-488b-9694-6da84e1032ef,22677227.05,6018991.32,8462765.07,9020644.43,0.67,1,D
70191a55-9eb3-49e6-8297-b7e0badd1079,30264444.43,11476160.27,23727706.34,4103682.59,2.8,4,D
6f910744-cc84-4ee2-895c-385f5eed860d,15855347.37,6470365.16,7579767.23,2893489.76,2.24,1,D
b91d3061-9f9e-468b-ade2-7d2518599750,33283279.31,6860373.86,12658319.96,3217359.12,2.13,2,D
9790058e-5a2d-426b-be29-38bb49b67684,26467118.34,1812402.27,39930684.78,17901712.03,0.1,0,A
6f90ee0f-f606-4ce6-8ad7-db3e0726dd52,7521314.63,8121921.43,10001716.75,4515838.33,1.8,2,C
8a981334-85a3-463b-91cc-e994c955f857,32788483.55,5717268.47,18756898.86,10560788.15,0.54,2,C
7c16cdf5-ce85-4938-aab8-30b956da6a5e,15224809.53,4842148.43,25059725.29,4670032.24,1.04,1,A
c6c4e140-78cc-438c-a0ea-2efbc9f4e712,22800292.81,47371065.75,46734024.34,4076809.65,11.62,0,A
f2addc80-ee5a-4e16-8c4c-abec1ce9cdc7,34655599.17,8615842.95,32367657.21,6721460.17,1.28,1,D
8dd7ccd4-9eb8-46e3-a9e4-6087c5146a3d,39113838.72,16442949.82,43215494.74,4037719.06,4.07,2,B
855dced5-d765-4e2e-a592-e0d884e844fc,9521705.13,6562572.57,9324836.35,6707775.84,0.98,1,D
746965c6-2a8c-4aad-b620-47e6a5beac16,29248778.47,4090445.4,17717835.41,8007891.15,0.51,0,D
cfce03f6-5cb3-462d-be35-5e4f88d04b2b,29630242.07,13428531.46,62247145.0,5917430.84,2.27,1,A
6b4bd46e-5fc8-4735-8656-c474d92b87ed,18056035.15,4152666.28,34773736.62,4809347.33,0.86,4,A
a528686a-97da-4335-9676-a3eff42138d7,21908764.72,5880200.61,22774705.38,5712299.44,1.03,4,C
aeb3dd4c-69ea-48cb-8f5e-8600ffb3cbbd,29462771.66,2924524.0,6427794.28,6884096.02,0.42,2,C
1d3aefe8-c26b-4ee8-9a1b-bf730da47ad4,28411102.0,2069607.99,7637194.5,8374482.8,0.25,2,C
2e2d5bce-592a-476a-8a3e-9430a58de6ea,15104046.05,3347786.64,6269207.17,12444480.74,0.27,1,D
1296c525-04b4-4dd3-bb90-8931a93e45c0,35394297.71,6718096.01,50125863.53,3875259.4,1.73,4,C
d7abb198-a992-41c6-bf2d-59df98dc52a5,57339981.55,8841471.17,116215784.21,4956859.98,1.78,0,A
374a5e5a-b564-4fe7-bd78-385c2eb7670d,27327589.9,7541313.39,41393028.37,6641276.7,1.14,2,A
47d291ff-412c-4961-ba8c-8ef7d1658c69,57236655.22,8474186.08,95236238.68,7386523.26,1.15,0,A
4ebce58b-b41d-427b-8ddd-82dd4a95d97b,25407817.35,4954081.79,13587213.6,8400093.01,0.59,3,C
074c50e7-5d22-47dc-bcbc-d016b74274b0,15472817.96,15876574.46,19462352.32,6657972.41,2.38,1,D
e1fc8d44-5612-4fba-a1aa-72a02d1e6eb0,16497536.33,9219099.78,25183217.9,9732386.93,0.95,0,A
905f5e77-cab8-4f40-b713-39659f060492,93889840.02,4127605.78,75570811.16,2700468.84,1.53,1,D
36ae80a8-57eb-4464-9548-3b4390af6088,13085198.61,2309998.04,8944520.69,2930009.1,0.79,0,D
b54a8034-7cf0-4df5-8130-967e1e969e4b,96402076.79,8160840.6,160309338.42,4120830.68,1.98,1,A
13daa45a-7b3e-44cc-afce-d936518b2a36,17234622.81,4396117.94,30658051.81,5953820.2,0.74,2,A
c1056b60-e477-419e-bd36-9a0aa9703ca7,51863817.17,9278684.14,110189030.75,8108510.5,1.14,0,A
e1e94998-0648-43b9-b1c0-ccfef7b899ab,36267818.69,41096883.07,34172035.85,9717355.29,4.23,0,B
b179deb2-5439-4781-aed3-7f1fd5b9b32b,23451010.44,17192715.99,37621727.25,4880897.71,3.52,0,A
a90411ab-da2a-4862-b196-288a62ab6ba4,43206226.86,28179255.84,35846633.62,9762056.32,2.89,0,B
855ee383-afff-48ea-b49c-f99974024a62,8355973.7,15868001.6,8204456.23,5278048.62,3.01,1,D
90c4df27-017c-424d-a868-b8a0049c4296,24451731.22,15343703.59,42248043.27,6697046.41,2.29,0,C
d850c09e-eef4-4fe9-9f54-e63ae8ae527b,35762366.99,12852878.3,30738952.53,4194530.64,3.06,2,D
9236b0c2-eac2-4bb7-91cb-e48b4181e151,55065183.98,6322344.88,98127736.29,19994228.71,0.32,2,A
abecbcab-3c53-4d08-b435-8821473619e4,26852747.16,5884842.85,23223747.88,1972035.09,2.98,0,D
627bc727-4d3a-4614-8790-d0641425fa3d,30514806.42,16218372.6,23629850.16,3767821.15,4.3,1,D
92765d13-9bf9-4a9c-95b5-1116938ba357,13251944.67,9044854.42,28392221.48,1549337.66,5.84,0,A
195c8682-7339-458e-b634-0989f371b293,31726814.03,5069830.36,51681701.74,9519658.02,0.53,0,A
e6441cc7-445d-40dd-905a-f47236c00794,33155747.57,35251860.74,53328022.63,4798747.79,7.35,0,A
fdcaa3e4-94c2-48c6-bd19-43e06ef241ce,26482521.84,3210310.23,32655710.48,3420667.96,0.94,1,D
c86728d8-4444-4342-908d-f3b3a16dd02b,36365018.06,7070261.91,71904944.67,5352021.04,1.32,1,A
7a1479a3-06b9-4c72-b554-57714cef6140,33371637.49,24370893.48,40449641.79,6199618.95,3.93,1,B
1fdbf7b5-e1dc-448f-92c1-e37375ec3c18,73020042.46,6987825.94,36959161.76,2735194.96,2.55,0,D
9ffb0eb7-68c5-4c1d-879d-d617c8eb51c7,23479651.34,7529850.98,10148192.39,1918537.83,3.92,0,D
05037cf6-39c6-40c3-93f9-17a85da2045c,26644609.76,7618717.02,11980006.67,6320502.91,1.21,1,D
f18affea-abd5-44da-8b93-10cac47f71af,20428892.03,7683648.91,29630498.01,4492475.07,1.71,2,C
90fb5320-e979-4353-918a-8de6bcec0635,25399746.6,3496656.06,52740322.84,3114200.01,1.12,2,A
ba0bbcea-8b6c-4551-bf2e-7499c5bcbc2c,31991755.3,5585639.54,64872177.02,11042847.44,0.51,3,A
ebaa4676-b3c2-4054-867b-4f572834df7e,23407493.97,22429918.77,20565036.34,8273442.42,2.71,1,D
b016fa18-4789-470f-aa55-469040e06d21,19380319.81,10520327.44,27076100.81,17539555.17,0.6,2,C
2a56ecff-ed98-49c8-ad89-9883a9d38473,16944647.09,4379662.02,4087336.16,3372143.83,1.3,1,D
2aa1ae09-7abe-4220-991a-f187e2d0a196,25776110.84,4882527.77,46980344.55,4266635.19,1.14,1,A
e98d19d2-4f39-490f-8a53-651ca86e96c4,18023693.78,22142212.11,12331700.52,3054652.58,7.25,1,B
5a900110-8524-4efe-aef3-d886e2bc8703,24197526.96,13903474.22,25497547.05,5146859.57,2.7,2,D
f6c16c8b-1537-406b-b75f-1e25b525880c,17629103.47,16191620.36,16825231.55,3954783.46,4.09,2,D
cb1564d7-47fe-4617-ba47-19ab421ce318,37088077.11,8573353.92,53980025.81,12512018.11,0.69,0,B
d5654cb5-2029-4d10-b4e0-0b8b367583ef,6858904.79,17054944.9,2139964.69,4858273.36,3.51,1,D
e95f733f-3980-4010-b7c1-3de987ea74da,50342815.85,5041487.93,42378905.61,2583824.11,1.95,2,C
cb5b97d7-81ce-4dac-965a-17635ecadea1,19997208.42,4545559.22,42197002.02,3411952.35,1.33,1,A
7a7bd57a-7850-4a12-bf0a-38751f19599d,12931815.54,18020395.58,6367843.38,3322155.62,5.42,3,B
fc6475e7-dae6-4fec-8c4e-5fa990170859,27543376.6,17125361.29,11969105.42,7116562.78,2.41,2,D
08a72116-a7cc-4a38-b7dd-ca59796a9e0f,13951359.53,70159360.58,22277692.41,5332063.77,13.16,2,A
7774b798-88c0-4a0b-bfe3-d50fd02e4f2d,29286392.24,7501477.07,52723379.52,5665249.7,1.32,2,A
2993e7e1-38e7-49aa-a563-a4396709ec48,77226718.69,15367647.85,134968761.47,7172005.04,2.14,1,A
a655aac0-d86a-464e-9585-1f14d6635a9d,46195734.43,15845798.21,29488696.5,5368814.84,2.95,1,D
6a5e540a-ca38-4077-b57e-45c5976b5628,14949385.66,12368200.35,7534323.62,14206651.58,0.87,2,C
2636f300-3f46-4644-b91d-34e3a58fe951,47485201.41,3758234.58,65323849.24,3212536.8,1.17,2,C
0e1335d3-abd5-4361-bfc3-c885ed826be3,13978113.82,8629507.33,19721722.3,5138207.84,1.68,1,D
01ec7db5-c601-4071-889d-5cb16fd2ef7c,37589448.35,29269733.09,62869147.93,5956490.24,4.91,1,A
133d15d5-4911-4efa-842a-eb408436e795,45429300.34,26078658.2,12806674.21,3738605.44,6.98,3,B
b344871d-c578-4b44-8b30-eba27a6bb4ec,12120614.12,22347231.76,9875500.65,6137421.27,3.64,3,D
e1caa27c-cca3-4215-8279-d03c24f5cff1,39079348.21,18759622.81,48697032.68,4134023.2,4.54,2,B
ecbb6448-9798-488b-971e-abec723c3177,53932200.27,8535094.01,61634305.63,5864911.08,1.46,1,D
6cffc5b0-cb51-4cf5-9288-1ebf9a39bcb1,28353186.33,2415228.83,40975405.36,5510908.98,0.44,2,C
63e81b6b-0bde-4294-b9e1-07c5bf165607,17572464.11,1000000.0,21819266.48,6179859.35,0.16,1,D
8b2ef01d-d1ed-4434-8f54-53dedc0bace0,32633752.14,9613520.99,22001874.74,9476247.39,1.01,3,C
dc213065-2279-43e8-97c6-e6e1178e01b2,58037907.77,4885700.7,85779157.77,5496475.68,0.89,0,D
e99fc5ae-4d81-4120-a3a3-6782d305189b,14837053.23,6898489.79,19051629.37,5488505.7,1.26,2,C
175db8a0-463b-4a7b-9f28-a4dcbea72635,40113904.56,25097764.22,53343324.56,2010401.59,12.48,1,B
e24d98bd-f1db-42dc-887e-bb57535d53a7,18375214.85,4465552.27,35755537.15,6660157.37,0.67,0,A
22dadbf7-c75f-4f87-8796-5d0326d5bd9b,8999175.09,21459506.1,18373745.94,4167675.95,5.15,0,A
80ea5462-2294-4bdf-b957-f6caa1c511d2,33415866.63,18708566.77,40468027.16,9577340.81,1.95,0,D
6038fd15-0d98-406a-b647-8e0f8f522980,120575400.81,33749813.14,200815783.37,6746225.11,5.0,2,A
4a7ddb04-3393-4a2e-b1c7-16a8a6d577d6,27936249.95,2297854.1,49098951.29,6542175.23,0.35,1,A
6428a089-8792-4fff-a7e1-70aace6e5546,23737194.56,16573558.55,6283319.54,2896513.4,5.72,2,B
3d17889d-8268-4154-86c2-cd542deaf01d,9416887.37,19163756.29,5467373.55,11692083.44,1.64,0,D
d257a62a-6f8c-4719-80f2-0eb5dea61f88,72171598.1,7647766.35,27336494.57,4279305.3,1.79,4,C
f380012a-413c-490c-9c67-87b4a0e55c9e,19523663.26,13664681.18,10409238.34,4409511.82,3.1,0,D
b7faa7c7-d84e-4625-8246-cadab45e1924,15699914.11,15253702.51,24809171.1,6616067.18,2.31,1,A
ae3607c4-3bdb-4621-8fab-624a9eed0cca,25350661.16,18860212.58,8922060.62,3177851.85,5.93,0,B
ef1baf33-1c87-4d44-9be5-259edca8d6b6,20295852.33,2916649.64,23184887.22,5891406.75,0.5,1,D
3df92c59-fe1f-4882-8977-b3e1ca3f1984,35430255.91,4333269.41,74518477.05,14577116.64,0.3,1,A
d9cd3436-e71b-4f0a-88a7-e75aa68990f7,9410136.78,6421906.7,4276381.58,2231105.56,2.88,0,D
eab775f3-76ed-4dc5-ad38-a930424d11b6,34100765.33,75162327.56,69659302.96,7051105.59,10.66,1,A
36306a7d-9411-484f-ac18-026417ed0a17,23017573.92,4199189.2,35113860.85,9005755.42,0.47,2,A
0723de88-107c-4da9-b7e9-afafeb165938,87546201.95,13340201.91,86861316.76,2135119.58,6.25,2,B
2712a13d-4a74-4953-bde4-525636680362,25573437.34,2279547.35,11699978.93,7417721.02,0.31,1,D
0ca55576-b8de-4cff-8a4f-1460b4a5046e,60096468.56,3710031.5,60014914.0,14902147.83,0.25,1,D
6bb970e8-0172-4fcf-9b28-47ee72dfcec0,55099550.32,18189438.09,91567792.63,7898081.61,2.3,1,A
45c46ec4-b230-4fb1-b24a-a856c53af497,25430401.78,5644337.67,54357441.21,14515343.32,0.39,0,A
01b05b2a-ca39-405e-8c9d-20f82499e054,26188181.29,5536451.12,26187432.5,3684630.8,1.5,2,C
bc5e1b10-264c-45e6-9b8a-9a002be3b0df,17162380.23,45786680.76,31420937.03,8655191.67,5.29,1,A
88297a8d-c9b6-464c-9f18-f73cb11a7b05,13534941.26,11391558.56,22112837.86,9914050.24,1.15,1,A
4113e6ad-2ecc-4a63-98a6-7b2c8ebad16e,26671063.26,7429829.22,40049250.47,1248080.57,5.95,2,B
6f44cd6f-c3a6-40ec-b6dd-cee058f479c5,31656555.44,11869452.58,40269741.96,4484749.09,2.65,1,D
249fe126-4a5b-4139-8d2c-59735aa2c586,23568595.64,34793862.41,39303832.32,8513963.99,4.09,3,A
e0fd161e-8ba0-4917-b67e-9de2ba41d61d,31107699.2,18515133.48,40081438.68,5758377.41,3.22,0,D
0b34f00f-3d98-4689-aa76-fc8c7a184b27,10794717.63,2683815.38,13502488.84,6575748.34,0.41,2,C
8c8a35d6-3a3a-444f-8f27-e9b1a1317f54,12482089.23,13765686.45,22519648.0,8899752.89,1.55,2,A
0ed72829-c58b-4fb0-884d-84b3dbf5b50a,18734839.33,4258114.34,31716575.95,5291303.1,0.8,3,A
de0597ae-9f2d-4e98-8f7d-b4d8646826da,37567643.06,6210354.98,14844976.28,2608985.64,2.38,1,D
8c240633-b899-40f3-ab82-6816b8bf7d61,8430684.51,11872783.76,16958571.48,3600706.15,3.3,0,A
467e3712-a3da-48d2-959b-2062cf1c492c,11437897.94,14027235.63,5723205.51,12238631.61,1.15,1,D
7bb9289c-e571-43df-b5b0-001b6b8c6b3f,63231005.77,3452684.79,26426538.38,6227169.91,0.55,2,C
345b3403-2e6b-4346-b532-0ca12e379973,15847231.78,7813727.3,24862296.41,5535171.4,1.41,0,A
6c454584-06b5-4e04-b90a-96d07e217c0b,21738823.59,5395997.23,23590975.15,7840325.14,0.69,0,D
e1b2ad30-cc16-4fc9-b492-6267d0081cb6,38936849.59,3215797.11,48973654.25,3891338.46,0.83,0,D
10209221-c1b2-4bd6-ab49-ae2610262e0c,30515904.59,9968537.12,24076146.66,5340331.83,1.87,0,D
6cb02f20-a69c-4074-9ca5-f385220eaec4,36902255.5,7237642.09,12217980.45,1896103.21,3.82,0,D
a98086f9-1a71-4ddd-98c1-cdaed0986070,19275053.8,3644087.32,34836066.76,4241716.2,0.86,1,A
7daa13b5-29f8-49c2-8ad5-fe9d682eddaa,30560771.21,3687487.07,19368983.75,5130757.25,0.72,0,D
be1b4ca9-7e15-42bc-82db-e48a8dfbfa9b,52171861.81,10061317.28,13207305.53,5262199.71,1.91,0,D
c5faa271-cc2b-4c92-8cfd-9b7a9a068906,22841568.36,7196100.2,41464559.08,3438647.08,2.09,0,A
e97f5da4-dc2f-4605-82c4-41fd0ce54b1b,9638095.92,4157527.5,5072415.79,5433913.67,0.77,0,D
da614d9b-c1f7-47e9-a522-0fdf18d524d5,19506593.72,55933800.9,28209719.51,2810285.04,19.9,0,B
e731a279-733a-452b-98fd-c6a83e83ac2b,27509971.99,7465924.0,46352060.51,14330134.57,0.52,2,A
98c2a6b7-5e48-435f-9628-12591b56f48e,34249836.19,14768215.39,34411189.01,6497984.94,2.27,1,D
a26a8b5f-9191-483d-9123-7e76b92805f0,22765325.83,11413228.63,31903070.78,4163583.62,2.74,1,D
09002c84-6fef-4840-9cd3-ac8b42529232,16669787.89,21463469.44,11583303.42,4662284.95,4.6,3,B
864804e3-d9cf-4406-a941-e1505f2d48cc,9225852.35,1590902.06,17334474.18,3589468.8,0.44,0,D
c72393c7-e246-4678-b2c4-67a37e638538,11515486.51,7816970.8,23017026.28,4131296.85,1.89,0,A
2afe818c-6b5f-4b6a-992c-6c877b260cb9,22889076.13,19981767.07,26875100.12,6577202.39,3.04,0,D
29ee63cc-d1fa-4133-8000-dfb6e2de37c1,16530651.77,12334692.01,22142205.68,6405847.93,1.93,0,D
669a3691-9177-4945-861e-51c55194ec1b,48675170.86,2696684.68,44654091.25,5334519.67,0.51,0,D
c2540186-ea76-420d-86dd-18632ffac4ab,23895863.01,14043424.63,6368569.37,9897461.14,1.42,2,C
8022a687-2933-4a2b-a5ec-a05168d30ded,42681336.85,2137749.36,46479224.17,3980416.33,0.54,2,C
0a5c56eb-7e09-4f0e-86d7-2a81c8643428,58112721.41,7472563.06,33997040.83,7847924.85,0.95,4,C
716a1dec-c69a-4e22-b153-99de4ec39a48,50055367.79,3988575.16,65176272.29,7120345.86,0.56,1,D
c74dcc83-0fcb-4047-85a2-a72eb15619d0,20264969.52,24807723.75,22124359.43,8148735.44,3.04,1,D
233041d6-8fef-49fd-98a3-37a075b8a61b,22416119.2,10724870.41,7497306.19,12842599.81,0.84,2,C
77d8bc55-8b68-47a9-8941-639e7a1b12ac,21457612.73,10732714.4,43555418.74,4460561.28,2.41,6,A
8a528db9-fd79-4047-a756-503982274d27,39775752.92,4158995.12,44106026.02,5940518.21,0.7,0,D
ab218b49-c2f6-43c7-8cf0-0740b6e2b0a1,23965547.91,14125552.25,27552549.42,8824383.45,1.6,0,D
10fa0bbb-09d8-44ad-9b18-2dcf4401581a,13938368.92,15284013.65,2852144.14,7289861.93,2.1,1,D
6e1222e0-d2b0-40a1-93fa-2bb6f0b1fd3a,53597630.9,1578176.87,11787493.74,2666329.68,0.59,1,D
ce6ebd1e-03bf-4d3b-9e24-75d4e5b5998a,21133488.89,6876540.78,32149056.49,5234899.85,1.31,1,A
ed53c188-476e-4f32-8dab-d49853300337,16392831.99,8251002.93,21565620.46,8297231.62,0.99,1,D
d0d5db89-b91f-4f6f-802d-43bc091310a5,35142391.14,21693767.99,67442940.61,5411281.1,4.01,3,A
f0645ac6-d387-4473-ade7-fd07d00be748,42044394.71,5422141.48,74565402.87,9566946.73,0.57,2,A
6c2c9327-984a-4477-9773-ba284a3309e2,26742001.89,12507665.0,42500819.01,7873491.49,1.59,1,A
e9ba1765-6158-46a9-85f1-99afd8d1b46e,19295604.06,12943401.36,9769667.17,3259632.53,3.97,3,D
7ca50eec-2e0a-4750-b611-996816cb6bed,14283444.24,15680946.69,17598020.39,3743632.67,4.19,3,B
844ef607-324c-465e-8d60-1466cc447814,21877839.11,8887485.75,13570677.99,10165076.03,0.87,1,D
c5f5069d-0b1e-4456-b367-c53a1a24872f,31618525.78,5119858.12,52890782.73,4952768.8,1.03,0,A
b460abc3-aa4d-4f18-b003-e07c05ab0122,7843030.77,19240355.04,2973884.57,5344370.28,3.6,1,D
d93a77c6-a5be-43be-8816-2134c227f718,26329534.63,14394867.98,27332617.23,8239638.26,1.75,1,D
73187d3e-5f8f-475f-86fb-bc2ec1d440bb,14302589.72,3906545.42,23350116.06,6100933.91,0.64,0,C
016be378-c441-46ff-a39c-c54bb2b8e22b,124320785.66,2786668.17,48674821.91,4075335.72,0.68,1,D
6f86974b-dccf-464f-9916-a8c578633835,21045443.74,7206314.83,23333972.22,8344254.79,0.86,0,D
0c94f3fa-11c1-4a43-b958-02a45771fb15,50411883.04,1687087.49,99106714.31,5191040.0,0.32,4,A
3d6c3ef1-4494-4d22-8b18-ff266112c9ae,24801740.55,14022080.94,8526017.13,3878342.87,3.62,2,D
edf59169-b1d2-47d4-b85f-dfaac45c68ed,30208783.87,26223297.73,30045697.06,5254229.25,4.99,1,B
af890a5b-c204-42ab-a6c5-5c7d01346d85,34152685.29,13983802.04,38930873.71,7300485.87,1.92,1,D
eb98acea-98b9-499b-ae25-33608f204c31,47754766.49,8331790.35,76349834.46,6596209.73,1.26,4,C
ab5d65de-f5c2-4e76-9e9a-b6f2a51eb7fd,37004320.1,8556734.71,13353726.09,4969073.88,1.72,2,C
fa3cd034-b838-4801-b3ec-f3b7a063c3e3,10270341.29,30306444.84,16176671.6,5124305.72,5.91,0,B
20898242-9260-4620-8f32-1ed2a8c67973,27574282.92,5065581.68,38879471.46,5651178.62,0.9,5,C
0deb21b7-652f-4884-bfa0-08b7fd0140c2,30635690.07,4036233.13,42953288.2,4627904.6,0.87,1,C
591502f7-6c1a-4c79-aefb-2e93b50a41d3,22324356.52,15796111.85,43477639.18,9265969.66,1.7,2,A
4f99f831-970c-4bb4-8045-a4c629c879ff,31859613.86,19324422.8,65004254.22,2830860.57,6.83,2,A
81f65626-4914-4998-8484-ba2d235d9015,32659597.42,4096370.83,48296520.51,17737284.71,0.23,0,D
3829d349-e132-4e7e-b0b4-4bb48c04a709,7521435.4,3913575.48,14324912.62,10625440.07,0.37,2,A
cea68f95-cf4f-4d20-a998-450223534fe5,17021933.57,7939070.88,19149758.63,5701239.96,1.39,2,C
ec3fea04-d7ad-4d2c-a3f2-38b01db9c976,10650972.31,9637762.9,16624879.38,6234020.69,1.55,2,A
20d57ff1-49ff-4c53-ac0a-791ab75287aa,26809121.09,4734738.35,36622900.21,6089119.72,0.78,0,D
d846db5a-3011-42d7-af99-c2b3debde214,35307974.39,9809879.09,55419024.19,11209669.99,0.88,0,A
d4749fc9-2f1f-4382-8a17-00ed5c84aa79,25012961.6,15952362.75,12417378.32,4949561.4,3.22,1,D
8c18982c-a6b3-4bf5-8422-7237bd897753,84731584.74,37594640.1,158155322.97,4950684.79,7.59,2,A
0a909d2c-225e-4e7b-88e5-0702d89ae1e6,106650814.25,6034473.43,175316457.6,2448199.88,2.46,1,A
bad62675-e428-4199-80a9-001f2ae199fc,51515452.67,14505117.7,17788069.77,5777592.4,2.51,1,D
772949b6-93ea-4840-98e6-5d2204b705f9,9243332.75,7773909.84,6912105.57,7996076.93,0.97,1,D
ae2bd96e-8e06-401d-9865-6229173ebbce,30932227.39,7468170.79,24472143.96,6862149.66,1.09,0,D
0fc568a3-e00a-4a8c-9939-7dd784b2f513,11794804.2,15930867.89,4580843.59,5053439.33,3.15,3,D
b42ad770-df4b-4cd3-bd55-cde3f1715bec,58296430.75,11597360.43,109517197.61,12141260.61,0.96,1,A
11d85d1c-8713-4f4d-bff0-fd2709ab83e2,28452552.05,4334783.94,42521825.73,7965362.03,0.54,0,D
caa57905-8690-40ba-b1ee-790ec8859600,14229258.05,5838048.39,5207196.84,2265673.83,2.58,1,D
0b181483-2fd1-493c-8e45-dc6787db62cb,17428080.41,18758575.38,19624869.73,6843742.35,2.74,3,D
89b3c697-b95a-4acb-814a-94b89d78ac3c,18253048.16,3332360.18,12398663.22,3607810.33,0.92,1,D
fbfb156b-e6b0-485d-948b-17bb2a9b1183,61801066.55,16019447.23,93380445.35,4540090.47,3.53,0,A
cc0c26fd-99a6-4999-98f5-d2ada802bdc6,12519921.19,2635552.28,18270459.24,3086255.55,0.85,1,D
dc9d1118-4063-433f-9c23-bfc069abc907,38287558.17,5692543.38,75739429.92,6946979.41,0.82,2,A
4a9aa67b-4679-4c37-a36d-5b1db71e924d,38025762.58,10597004.11,80209998.16,2777470.9,3.82,0,A
f3b709cf-887b-4e8a-9ede-2c1d401cad59,16557960.64,12743237.69,8665067.68,9090240.11,1.4,2,C
bab9e0bd-e622-42c2-a2d2-1324640f732c,16464323.15,5913962.69,10907759.79,3591727.16,1.65,1,D
4acf6b2c-d270-4ff8-b664-ed15447dcdd4,17027189.67,6499073.93,4570293.51,17397736.14,0.37,1,D
92b270c8-7b84-4051-9622-3e593ac08c17,38876013.87,3705450.37,62076568.88,8516347.97,0.44,0,A
0d474072-abde-489b-9dd4-61bda8321ed6,46213063.12,4463741.07,37209482.82,4923714.61,0.91,1,D
09fb778b-b104-423a-8eaa-9cfd8e82a0db,35294752.61,7002215.5,39310060.86,5682499.09,1.23,1,D
c61e0ff4-d18a-4cb3-8568-fc0ba625d8a3,6428374.13,6490112.21,11073602.86,4758644.33,1.36,1,A
a79a66cd-64ac-4d1b-934b-6f02f0a0dccb,40456185.71,16683336.01,56896766.99,3646186.68,4.58,0,B
b9623ca3-11c1-4685-9022-41b92f8bb3d7,27279900.49,11511080.35,32438641.09,6114115.33,1.88,0,D
409e9e2d-674b-4f6a-b8ba-077e74b3545f,23633684.09,17741243.69,49348116.35,3095349.65,5.73,1,A
89224747-583f-42d9-9f6c-5091c9bb9a57,14558698.28,3495554.6,8137986.53,2529580.65,1.38,3,C
8dc2729a-f9b9-4edf-947f-0542ab48fe0e,28170369.12,8021449.35,23820608.77,5188415.56,1.55,2,C
eafa15cc-b702-4384-9ad8-93ba1b3ab501,20437470.1,54344985.09,14785780.8,15739221.87,3.45,2,D
6264a4cb-4337-4c5b-8312-3ae834cc20bf,51052615.16,5581638.81,105103286.6,4812356.6,1.16,3,A
892487e5-09eb-453b-8eee-f15e1a8e3e27,21513142.79,5287279.7,32052077.6,4826370.17,1.1,2,A
1b03ca36-5e2b-4463-b51e-4cc9ccc1061e,56356821.98,2722632.44,77326455.15,5083685.31,0.54,0,D
64a863f9-a5b3-4abe-b44c-10d25b2dc631,23596791.66,7657729.37,40335276.27,12145616.15,0.63,0,A
59bd4931-fd96-4ce2-bae0-4630a74c1714,26047520.94,15131441.05,24438464.72,4682535.83,3.23,2,D
2973bd2e-3d23-497a-9a26-261ace0faf08,13983602.52,11646392.05,14888805.48,6314328.76,1.84,2,C
a6c0f2d4-8c1f-4a98-8488-f1303bb6110b,26329431.81,3183960.39,33135625.47,8187386.25,0.39,0,A
e11792d0-5fa5-4b35-a9a1-5f47c7c13c80,29920252.99,7145486.51,26446387.64,4418795.57,1.62,0,D
646d69e9-c3a9-4939-bec0-cdf100236413,69783606.13,34816105.68,148780930.47,5934654.13,5.87,0,A
c6a53ebd-bf79-4eda-bba0-789c27222779,14417848.8,9700166.75,8808860.25,13412672.01,0.72,2,C
dc6925c2-db9e-4ad8-b6c9-cebaa722ece4,23689082.79,31505716.75,27830895.4,4904387.7,6.42,0,B
6e02386a-fa0e-4c6b-ab1c-4637e8f08f3a,7396893.89,2100776.92,3447321.68,2492318.43,0.84,1,D
e177a0fe-e3cd-4f38-aa04-a8069e784187,173982178.49,8079676.46,118892805.55,9010626.51,0.9,2,C
8d5b1d5e-5285-472f-a851-5cd410230859,16586294.23,3823211.06,14415378.29,8267420.56,0.46,1,D
733f9617-480f-42f7-95e8-a4d33db70523,12516172.57,2286495.85,3292544.75,7466406.74,0.31,0,D
15f9f125-996b-41fd-a63d-15c9e853f273,31497071.96,12623150.8,24405873.87,5085987.48,2.48,2,D
eba18e12-9f09-4f5e-b87f-21ee2a25af2f,22659427.69,17181740.23,47568366.62,5345196.64,3.21,2,A
7f3514ee-49c9-48af-ad2e-1846a09ef964,23152361.12,4880583.57,45008232.29,20622916.77,0.24,0,A
5bdbae50-65dd-4ae0-86b5-83f40f5eddd0,29243066.61,5861596.77,23318790.25,4845113.54,1.21,1,D
e3b853cd-f347-4936-b9cd-42c203edf945,36421042.87,8238422.52,70018635.98,9099471.32,0.91,0,A
63dafef6-e05e-4d0e-9681-e65cfed05742,12822233.18,25904310.42,19131411.53,7050362.95,3.67,0,B
575f0158-7266-4fb8-b82a-9cea29ab9753,8898438.33,2182220.97,9655841.5,3465195.31,0.63,2,C
20103715-26e3-463a-8516-5a0513880638,24664375.33,6703317.94,27095037.46,6561193.88,1.02,1,D
09ec9c75-e41e-435f-9ced-a44e7f648f0f,28992137.9,32887084.25,25170928.9,11462880.19,2.87,8,D
2f959f19-c6d0-4101-9fb6-730f49b44628,29642560.58,12126020.81,24644678.83,1583517.1,7.66,3,B
fdba923b-d9fa-4dda-9797-72a72db07fe0,66342032.91,3878517.9,22595945.07,8758747.86,0.44,1,D
d0a63a2d-9b02-4c43-92e9-f556f8f0ce8c,8759575.97,11221461.03,12953572.48,2761881.01,4.06,1,A
5a155498-49b3-4b67-9558-51e083eae122,57548739.42,5264172.63,54605292.36,5531684.42,0.95,2,C
08e97e0e-70e0-468c-8d1d-4b0c52b22eeb,31900930.97,12568146.88,17266940.91,6216377.16,2.02,5,C
da874aae-914c-446f-b8f9-60d4a5a9f9d1,10678147.8,31501624.56,20439601.1,6335163.76,4.97,0,A
6f2591df-ec02-46e3-a075-adc43b0a6ff0,60657889.72,5415483.18,106411937.19,10681616.05,0.51,0,A
8e1a78b5-ab80-494c-8063-0e4ebabe7b96,17591707.81,10786047.71,18855978.12,4208484.4,2.56,2,D
8d0e4041-4a99-4a3e-87d2-21c2bf166f0c,11538359.55,2309276.04,25250464.33,6770137.95,0.34,0,A
a34d89e7-54d6-43d3-92e8-44838ce5a960,63766367.08,22419814.3,74941797.95,3440628.63,6.52,1,B
67a6b92d-2237-4b2a-9f06-ddbcba529c12,13977850.18,2934766.56,20579449.1,3052044.3,0.96,0,D
adf5a833-a117-493d-882f-9ecb93978682,30317437.63,7417877.68,52915103.2,4950650.18,1.5,1,A
7e129247-65d5-4d0d-bd6d-755f100c6b40,14969155.1,15163108.06,20232784.09,4938272.97,3.07,3,D
4c91caa3-4533-417d-a109-4150e4898afe,11248204.91,13074351.0,13992993.95,2443317.57,5.35,0,B
faf41b51-39da-4b80-987a-7ff3e09b4e61,11327895.54,7285672.25,11696526.51,5169524.73,1.41,1,D
3c864396-314b-4c7a-b795-7b82bac6f788,42461454.2,3805547.14,54612985.4,5202716.51,0.73,3,C
b866ab40-a74e-4862-b40d-29472b71db06,71360571.02,11257141.77,72043839.11,5370025.02,2.1,1,D
a3fcb0a0-5b6e-446f-b93e-5424a105aa3d,11335256.03,12304107.46,21784982.07,3442411.36,3.57,0,A
02178467-84b5-40eb-a5ad-f26fe767205f,18244449.79,9492391.26,27561386.73,4738833.93,2.0,1,A
bddae48c-5888-4b40-b1d2-b919e2f96c58,46671027.85,15524422.43,96289421.86,8808265.93,1.76,1,A
63279bdf-960f-48c6-a86e-4567bbe99a37,35474999.76,9942291.59,25063145.01,5489397.37,1.81,2,C
3a624c4a-c361-4b39-b1c3-7a8e2cae5bd4,37006268.29,4517572.57,19327882.17,13696664.34,0.33,2,C
2e26a6e1-025b-4cbc-af79-502f0ca152b8,7744848.35,4921814.99,4036062.57,12638178.36,0.39,1,D
7fefc42e-e9cf-4194-87f0-6fc3f9de2fd6,50340834.93,21614087.9,44270429.63,7175762.82,3.01,2,D
22cebe7e-2895-4654-ac4c-a94c17eae925,50491525.76,5233620.84,98072277.42,14992873.15,0.35,1,A
7a6c9005-629f-4edc-8e1a-4285c809f583,18506530.43,42403743.74,25974933.78,9417243.91,4.5,2,B
cc7ee53b-105c-4f0c-8f0c-7eff01dde619,24385288.93,4919289.78,40438881.03,4300678.55,1.14,1,A
2aad8db0-4fba-4fb4-a471-111cdb7694b6,10954915.39,3577435.7,10634489.31,9499278.92,0.38,1,D
40944b43-d664-41c4-a74e-8ec1eb2412ec,29786493.13,32592749.71,6928075.67,3162182.1,10.31,2,B
26348e47-6579-491d-819e-985d47ec53f1,22756006.31,4889514.06,16456284.51,5111493.8,0.96,2,C
38ee1deb-ab9c-4a92-9f4a-003ef762be7c,14306352.72,16160642.26,9099339.48,8087223.22,2.0,4,C
c7d8ca8e-481c-46fd-9ce9-68daa671a4ec,16161871.99,6087517.47,25736857.6,3127771.03,1.95,1,A
972cffef-4611-4942-a1ea-d0c88bf53a57,27489831.52,1738295.09,44633043.97,25929464.03,0.07,1,A
a7a91376-efdc-4899-8ca4-bb66a256b1f0,39750553.33,25382134.53,51858379.69,10101471.89,2.51,0,D
979c853f-47a0-47c4-9952-be18ce5607e1,15419056.94,4885505.11,9442710.56,5614234.7,0.87,4,C
e1ef9d20-0adf-4bf8-9e91-f2db53ef26bc,11033480.54,8645970.24,15269042.16,12012154.11,0.72,1,D
45dd61ed-a956-4944-afef-93c211e3b684,34414667.42,10409735.14,7131881.72,2263415.37,4.6,2,B
84238c54-25c4-4fc4-ae24-84767d1c82f6,28318452.8,14045687.52,28134817.57,11949862.25,1.18,1,D
a5cc2509-149b-4423-bdf6-3a3720f1e44c,27577526.12,10264404.61,25713828.47,5562425.33,1.85,0,D
1a115f9f-1d40-4670-bc41-fc3d66ffe0c9,26008725.34,15010907.56,54591970.29,4206907.09,3.57,1,A
f8e06f95-089f-4393-9fb1-d6048553f520,32253629.17,14763708.58,38814406.91,6507948.58,2.27,0,D
b13298ba-bf3e-4b8f-a38c-327b11e0df23,14616021.26,7057567.89,13019790.96,7794370.28,0.91,0,D
622e639d-9482-446e-86fb-e72d334334e0,16636006.83,21247903.88,29052612.52,3801311.89,5.59,0,A
dd3d840c-c374-4cf0-b1fb-81e471b185ac,22682974.25,11406873.8,40355124.14,7542605.42,1.51,2,A
20ebccef-89c7-4d4a-9b9d-d150f948a5dd,41004670.36,15144184.77,56785485.35,9042220.74,1.67,0,D
9c63057b-eeeb-48e3-90d4-9fb24f0ae788,22921485.38,14855917.35,49339942.0,11381961.58,1.31,5,A
8022569e-360a-4194-9c39-2a8a4b2d6ba0,10438624.59,5249453.57,9948197.34,2989458.82,1.76,1,D
bfaabce3-6604-4960-a0a9-54b6f69e82fa,13279232.05,4062749.88,25517796.91,9285930.21,0.44,1,A
20e2d5b4-c506-46fa-831b-65a5d515b2cb,28227189.29,12371459.09,33863484.89,4990447.81,2.48,1,D
093c4a4a-9ce1-4e42-ac5a-71e759debf37,34153767.71,5310493.75,41765674.51,5116659.45,1.04,2,C
cc17533d-45ab-4d42-892c-3fee8501f33a,11590867.55,3102669.02,7205221.15,3047374.9,1.02,0,D
e5b38194-d0a2-43d8-8dee-ebf1dc2fa0b3,29089272.4,13423352.06,35425555.89,3860317.79,3.48,1,D
a38c5d52-4ad3-47c5-8a97-f74b2a1b6c2b,21396951.98,3365843.44,41328443.8,4460901.13,0.75,1,A
b3bb2a81-83d6-4355-a95f-ee1ba4f50560,22088678.08,5215760.99,13933306.91,3122254.08,1.67,1,D
e1d50f5b-e5c5-45e4-87c2-99d0def97ed1,22388854.54,18796300.14,9311771.31,5076061.88,3.7,2,D
4bc1dfb4-d0cd-47e6-b9dc-5937f6c11a3f,7245278.51,6903882.6,15046715.24,11667617.56,0.59,1,A
f36e441a-a414-4a10-888e-87f191e9cc59,21595365.79,2949335.11,45291070.37,7494276.09,0.39,2,A
b7d4765c-a293-4dbd-bff1-e22d2967579f,15630884.32,6061036.24,12468082.6,8091642.31,0.75,2,C
fb95f5eb-8bb9-4016-9668-cddac0d38c0f,35305393.2,24949164.87,10139870.18,3506258.33,7.12,0,B
c4d57a1c-a69f-44b9-8261-3ade0150a26b,10271310.48,18138390.56,21026272.11,3673617.74,4.94,2,A
e87b19c4-fed4-4faf-80b3-cbaef5790770,23133487.27,4528933.58,49197414.53,2299613.97,1.97,1,A
c9683eaa-ce60-47c1-bea2-ab1d13738d97,21952408.65,14790971.01,6370503.28,9483916.56,1.56,1,D
f37472d0-882e-41cd-b0e5-d1fb566db3e9,22014143.45,2059768.77,45747078.56,2576792.82,0.8,0,A
bde0746f-cd52-4994-96c8-8ef78f1dceac,46254417.13,5899511.32,63595775.26,7696601.9,0.77,1,D
e5587ccd-d198-491a-8cdf-b9d57a517858,23907751.39,18056094.9,34739064.3,3389978.96,5.33,1,B
7a9e7c56-7d4e-4733-8b47-604e0f7f3f8c,20860324.53,5465772.66,30415896.53,5812049.86,0.94,1,D
8e8c4a77-f291-4305-ad50-fa2124e561da,11584175.18,4167231.16,15029245.54,4252866.83,0.98,0,D
8f36141f-91b1-4672-b487-92adad83270a,34166674.56,33737094.6,56804274.65,5693483.7,5.93,1,A
b0fabb0d-0244-47ea-9a09-2f1b198efb71,6523746.2,8308074.19,9587556.48,4129511.92,2.01,1,D
24d0d064-8783-43be-96a3-f6686d67d82d,30385542.17,6104454.87,27642366.85,4350535.72,1.4,2,C
740c36e1-0859-4994-a112-b8ea79c85b38,24220712.51,15082141.78,11070254.67,8336298.33,1.81,2,C
ed4b91ac-d104-48dc-87e6-6013b0745736,20005857.45,1998268.47,25920879.83,3075778.2,0.65,0,D
d412bd26-2437-4dbe-b3b0-856c033013d9,15514432.8,12933252.83,7850580.99,3983175.34,3.25,0,D
9e8cbcdd-92b9-43f3-af7c-6458f81dc6fa,39258137.66,51237538.8,79271160.17,2113782.74,24.0,2,A
e272180d-4d86-431a-9737-f2da5ee6aefd,21192347.82,23392508.97,37414849.24,7441648.25,3.14,1,A
df67ed54-5d78-4c6f-b69e-f2a698b1aaf3,43733708.22,7751442.07,85269774.12,6465806.64,1.2,1,A
2c60a8b3-30ef-409d-a68f-1596fc86f422,35101676.47,49588800.39,62482655.93,6752424.85,7.34,3,A
c646af81-3930-41e0-b7d6-0297f9ffd672,17369654.87,16586229.07,37940333.14,3792018.2,4.37,1,A
a1dc1282-4c9e-4b15-bd0f-98489e9ef8b5,39450919.49,4919699.85,84303973.42,7034849.54,0.7,2,A
b2de068b-9d04-424c-b257-d8638644d6b1,20110050.2,4201135.64,34820417.32,10515520.1,0.4,4,A
8b59d6ef-8e49-499c-93e6-8f87a33586de,20451554.0,8486649.13,33520709.43,6628936.5,1.28,2,A
8b1179f8-9b82-4df9-8cab-8c8b18c1900b,24217596.8,10509935.94,41383696.0,3674802.34,2.86,2,A
8d3c6caf-02a5-470a-835e-b4049616d4d7,7132998.5,8825271.83,7241284.85,7599037.72,1.16,2,C
edea1821-fa26-4665-acfc-602ae9bf9f65,7129360.44,21610577.24,12204072.56,2854719.04,7.57,0,A
cf752782-4491-4609-af5e-620ef943553e,14456584.49,15654015.78,23052388.82,5989279.19,2.61,3,A
a1f9707a-3bd2-447c-8cd2-0f71312b5ee9,15828239.32,10513850.55,9017871.69,1188584.74,8.85,2,B
ac7c9c00-b882-4c2d-83ae-bc03b89f8488,17765641.39,7676422.94,28104291.19,5365287.47,1.43,1,A
1fea62bd-c0f1-4222-88fc-f19c87926025,20656192.04,4458630.5,18553453.71,9447567.69,0.47,3,C
3c10f50f-421c-4d22-8952-b2b3ed3954a7,45284229.04,19066467.71,22624307.69,5220419.42,3.65,4,D
d579826a-84b9-4e58-a880-17d5ffb4cc8a,39063335.18,1851829.41,24156429.43,5657000.82,0.33,2,C
d248a9c1-0698-46cd-b551-1050d40ea639,12545428.86,13336378.72,13526819.38,3299626.75,4.04,2,D
e290115f-7876-403e-a53b-3c09f207b542,24708983.77,18457114.33,16272687.06,4475923.77,4.12,0,B
2fb595c0-3a7e-471c-add1-87ee0f561a33,23961519.64,9067755.84,21690914.76,8841862.02,1.03,2,C
8f83aecf-4e8d-4678-aa20-754b82b5a88c,67615965.4,7389760.65,89768597.65,8115286.39,0.91,2,C
11cfde93-dedd-4837-820a-a30a9cf2f8f1,13075313.76,54799242.35,5263354.86,3253515.14,16.84,2,B
18d5f9b7-8aa1-4805-a9a1-315b7978c1cf,18734636.91,3301586.87,22705594.83,6891175.9,0.48,0,D
610c07a5-6f67-448f-be47-f25e3f3dfbb7,8750851.26,7037194.61,18399611.19,5067987.91,1.39,1,A
adc8619c-f569-493c-9d31-45512de485f9,22096993.27,7103748.97,30475232.68,3312515.77,2.14,1,D
c54251dc-8047-4559-937a-b05bae179f51,30147564.37,8201217.98,47180585.83,3042739.61,2.7,2,A
b16459c3-84dc-4395-bb1e-894d37bfbf77,20371848.39,14496964.22,29004558.56,7017342.89,2.07,2,D
66bc3ed7-48f6-4751-902d-3439a8323dd5,15170245.32,7871011.77,16109074.46,3595029.71,2.19,3,D
be6bc557-6c5f-4c8e-80e3-734285835e29,65401941.32,7726586.23,141488910.95,12248880.3,0.63,1,A
c234ab6f-ea27-4e01-9b51-13a0c4e6ec28,9647551.53,6490131.35,8916214.33,7177941.09,0.9,1,D
d26d584a-8c60-40ed-98c9-6c652aec4a2c,34188556.95,9401028.9,44689259.34,9335433.33,1.01,0,D
dd1b50bc-2007-41ed-b93c-ffdfdae46778,27153391.9,2378791.62,21430005.02,1856056.85,1.28,2,C
6684b225-9b09-4405-80db-01ff03cc2648,36437953.75,7252115.67,51448127.11,2911718.71,2.49,1,D
14ea8d09-5ed7-453a-b327-ed9bc883e9bb,15437569.69,16646503.95,4938863.0,4709071.69,3.53,1,D
f82f213f-2de8-481e-9378-8420b5b15523,20471832.08,7316994.19,30220543.06,5447476.92,1.34,2,A
04102058-1708-4b7f-b95a-6a12ec7355ca,23887304.03,16940128.26,36387333.56,5719724.5,2.96,1,A
e2008958-5282-470e-804d-d24782b9f63e,23848698.86,10155905.82,39958892.84,12483774.45,0.81,1,A
b2368cc1-eeb1-45cc-8651-bb5fb9bd89af,28339186.39,21336877.2,31615024.73,10857241.1,1.97,0,D
acadeb64-1239-4066-b458-3aca696cab13,14580589.01,9144920.37,15087232.61,7780677.69,1.18,0,D
c2f3c59d-b137-4154-b942-06eb14dae452,12593377.28,9443906.56,23138060.58,8330713.9,1.13,1,A
d36a6d26-6be6-48ce-a3fb-cabe4483ed71,31745544.86,5624496.82,44540628.95,3067073.07,1.83,4,C
3e762ef0-f35d-4a05-9edc-929c3a3bf5af,30927521.63,2329533.41,55902606.22,3487588.69,0.67,3,A
370fd98c-5899-4ad7-a089-85006b5f0da6,9561977.47,5427420.45,10177418.61,8871989.01,0.61,4,C
3619ef63-0576-444a-86c9-0fea9deaf717,19440458.52,2503490.69,6748018.58,6495052.52,0.39,1,D
d31e3785-5735-4541-bc4d-47be070eab19,16818223.64,13631857.31,15230050.49,6007371.8,2.27,2,D
53cbf90b-cfaa-4a6e-a585-077e4aa21a9b,17432370.72,8661269.02,19727956.01,6634992.92,1.31,2,D
f8cabf96-7ba2-49ae-9b00-067a0cda639b,33483781.39,4513260.19,65846224.26,3237683.4,1.39,0,A
f1b441cd-d55a-45ac-937c-80fe05989b91,41312564.23,4804010.59,66620474.34,3591242.36,1.34,0,D
c668da90-d262-4227-b3c1-d3ae12fc173d,15759051.1,4020273.07,8502121.3,5641121.87,0.71,0,D
ddd3a72d-33d5-45e9-ad7d-11ae39b1d928,22419091.95,99117015.04,24171336.04,10698539.4,9.26,1,B
991c2a38-5833-43ac-86e9-9121c02fb1b8,15644523.1,4382908.22,4884129.62,4380752.92,1.0,1,D
dde4609f-516e-4407-9f79-ac3e9659e66c,14604127.27,4105040.21,9369266.61,4887333.4,0.84,1,D
425afd50-1a1a-4ab2-a4db-f39aa5620ab0,33930420.94,11442310.55,49163163.04,5353675.43,2.14,2,A
11f2e13d-c2c7-43ad-9f5a-434ae1365679,10962437.97,4375984.72,14980465.6,7351758.55,0.6,3,C
5f0f8b3e-35f4-47a3-933b-ffb114a54ced,32402697.92,8818224.51,65870795.59,6565883.21,1.34,1,A
93d07be8-4799-4758-8520-b0a2e8248280,29674499.16,21054735.17,64751254.83,6359490.91,3.31,2,D
b2596d9f-4c17-417f-8845-08848125f98a,43594147.75,22835743.41,79529911.21,8479264.77,2.69,1,A
54ff65bd-c37f-4fad-8e59-1d3caf1de9af,32895216.94,25538427.86,62395592.93,8473173.62,3.01,0,A
13df0722-1bb6-4534-9b6c-c15dbca1e2ae,23975429.43,18998570.29,16603639.78,5937536.18,3.2,2,D
8d0960ca-3b5e-476a-b2a5-143410d189b7,18077938.0,6248799.19,8425280.25,12968236.13,0.48,2,C
9236124d-02f9-4773-b69a-28efefb1f1a8,7137278.45,2392000.85,11816440.77,13810411.82,0.17,0,A
c2b0f96e-9610-4147-a015-a6e70ad51620,15097055.39,16769078.9,21914393.04,3710178.11,4.52,1,B
3525fa38-be81-4d20-b338-8ceb72ca4aef,16055337.49,1679350.04,12636082.19,5824719.19,0.29,1,D
ba2e6a7a-c8d3-4a84-8879-5ec862b597c6,28129550.66,9556118.08,39628224.32,3624351.3,2.64,1,D
32a7a0b6-592f-4527-ae1e-12570150fbe3,11457275.37,4369209.28,4967775.05,4325735.52,1.01,1,D
b079d727-c9f0-442d-ac82-418182ad615c,52249421.23,10315292.84,15135723.06,17785690.36,0.58,1,D
76c7a2f7-66f1-400b-88e3-b303c8495938,25637027.69,65108725.49,38246862.24,11444730.38,5.69,0,A
368d1edf-8bea-4630-bccf-4b64010cc8e3,65543732.68,4643226.54,117484590.03,4177282.69,1.11,1,A
0ea99e69-4f61-40c1-8851-9777de574ff3,36652756.33,6730645.59,17273201.07,3868721.75,1.74,1,D
040a4543-ee0d-4614-8940-b6d41dc20257,36733564.1,3345805.25,29403233.21,5621076.6,0.6,2,C
1a454668-16dc-4b3f-97e1-ea9d4116a03a,40626878.41,3623455.66,30809604.51,6852962.5,0.53,0,D
c69cbba7-1056-41fc-8e4e-d5d08cf76fb7,23114719.43,2673946.55,6693384.91,4486110.03,0.6,1,D
da59557d-34e0-4486-aa79-4e67329f93fc,10329881.81,7821268.4,15694156.19,5099723.12,1.53,1,D
9bcba032-f317-49e2-871b-21f0611d7d48,50881489.94,19107416.29,21942647.6,2588494.18,7.38,3,B
067fcd58-b7fd-4e2d-9df7-7b3edae3cc54,19065317.34,7309601.47,29385773.36,3072379.45,2.38,1,A
2b1d31f3-9272-4d6e-97b4-cc9f747ec6c5,23111232.06,7682394.81,16687819.31,3423351.09,2.24,0,D
aa43e30d-60c0-4f16-ba7e-453f469a0d66,7735098.41,8073623.88,11065591.48,6302271.22,1.28,0,D
003bfa65-1e0b-4363-a88c-57584b29ab4c,8421406.14,7960453.16,7049968.0,3887448.39,2.05,2,D
0873b212-1039-4271-bf3c-25a7860bbd60,12357785.59,8676299.55,12984367.41,6405435.88,1.35,0,D
d5bb9fe5-6e43-405a-b680-37510ecbfd05,32090549.83,4774731.19,11946240.03,3686258.15,1.3,2,C
efddae47-2141-49d3-938b-47017d88be08,18963481.47,8777845.0,30464594.08,9082664.13,0.97,3,A
a5cd7257-1c49-4705-919b-f15bb04dd024,26052206.55,18964531.82,45787185.53,3221905.37,5.89,1,A
b9af0517-f289-4766-b57d-ee9931c2df72,83063681.35,85225262.68,42607220.96,5359200.14,15.9,1,B
92f5d923-f6ad-41f7-bc20-8f9a3e8f0fe2,13835407.91,7939127.9,15890770.59,7033105.6,1.13,1,D
92e6c6ea-28d4-4c98-a0ce-4eb5753a619f,13736732.22,11487558.22,20722470.79,10472888.38,1.1,1,D
c02ffbbf-0c9d-4e23-a8ce-55fd0631ded9,15223114.31,25541884.52,27135851.81,1952987.91,13.08,1,A
46f82873-4264-42af-b47a-9bf7bcd56d2e,41903358.73,6782465.37,33983954.06,1736260.8,3.91,3,D
e1a1bb71-3603-4530-93ea-5d749a928a38,13256943.0,18444768.52,22177955.57,5454350.29,3.38,3,A
24c0127e-ba01-4fd5-8ebe-3df89ada02b3,16164747.84,16997308.95,15941042.29,5626603.49,3.02,0,D
1ac6e83b-c5e6-439f-8c87-8642ce2b01ec,70350155.45,19914979.16,55334900.99,6035519.47,3.3,3,D
2a04a7c3-71da-4876-a409-8af52853eca3,33835720.0,22698335.67,69045862.25,5109843.63,4.44,2,A
895566a9-2998-43fe-9a53-2ddb0c417975,18920893.46,13274314.6,40629846.62,3388340.26,3.92,2,A
16b191eb-4492-4593-a68c-237f05f37769,20311703.44,3055456.54,26586897.35,8165240.83,0.37,2,C
533c8074-7e8f-48a3-92f1-879a3af03dd3,15311456.46,10975793.66,7639055.3,4335416.85,2.53,0,D
e52ccbc7-aecc-4910-bef2-f1b046df669c,35986211.58,10483717.43,35315185.73,9500235.62,1.1,1,D
910ce2f4-b6d8-4575-aa1a-07742eb6a467,30161520.7,1082845.34,45458113.02,5153014.44,0.21,2,A
00275daf-f59e-497f-ad97-af7d016a2742,15591461.89,3768112.71,9210448.61,5958452.93,0.63,1,D
ece427a6-33f7-4a67-b415-73c3fa6c742b,63940031.08,22787732.88,87861524.91,10646574.63,2.14,2,D
b5fbe8f1-bc32-490a-bf30-c70610ee770b,17905241.94,21634269.52,12933189.51,4127861.2,5.24,1,B
dec2bb42-5714-4eaf-9921-00e3369352de,50539701.26,66740644.82,102673154.79,9842887.11,6.78,2,A
ac648fea-6479-495b-8c85-6cc1e92fc1bc,19328933.14,7956292.85,9294458.33,3926888.46,2.03,2,C
b1c966bb-3569-4d73-a22e-f840e4f4afee,38302288.71,7726660.43,73884567.16,5307002.1,1.46,2,A
5d32fead-512c-47f4-b741-0bdee08a3e01,24874013.42,9289498.5,32130348.62,4330239.31,2.15,0,B
6de21eaa-d177-4be7-b7ad-1d18b165b75f,13434079.68,3701030.18,6556940.9,10693494.32,0.35,4,C
9403e1b6-cd2b-477c-899d-253e0a1efc26,55359250.68,7697213.99,60870085.55,5518574.08,1.39,0,D
ac1dd7d5-f386-4689-9b7e-8a582f609f96,34189183.94,1517354.45,43794640.31,2626439.58,0.58,0,D
eaa2847f-577b-4287-bf13-b0487e5fb64e,17098817.05,5295329.09,4791326.86,10069155.29,0.53,2,C
17940418-cf1d-4552-ae05-a1f548abc50d,25440524.19,12421911.84,18917129.51,9894886.62,1.26,1,D
e951e13a-2cb7-4ab8-9d8a-53d47d8206b8,9827976.96,3023302.03,16240017.53,7841418.09,0.39,2,A
53a52b74-69e9-4257-92cc-2b5cd557b7fd,27525287.95,4920392.65,26371418.79,2572458.67,1.91,1,D
2d89e04b-fed9-4392-85e3-4ee4c8d9b9e7,9462162.38,4750915.8,5056570.15,7968501.58,0.6,0,D
936612b9-2df4-4c31-b1e3-39a5ef6f48ea,16939747.68,6770098.44,31063540.75,7690094.2,0.88,0,A
3df60759-cce1-4fb0-bd78-cc3938103845,11964111.32,2649246.39,24018938.52,5568609.94,0.48,1,A
068c2b5e-38e0-4bc6-ad06-479fa14af944,31879149.43,7480837.26,53856265.71,3337626.5,2.24,3,C
e6632a36-2f41-4ddc-92f3-44e5d808ac04,12118589.35,25092582.71,16936907.69,2952726.82,8.5,5,B
487312bf-9485-405b-a28b-901d075f2df7,9825780.26,21382208.46,12651942.81,13866734.88,1.54,1,C
8e0d28b3-807a-4a1d-9056-697ec8cd07e1,16736185.88,45368474.38,15833934.17,1512481.38,24.0,1,B
7c0b4056-3d69-4de7-aa4d-4d7f73429b7f,13659649.3,7458068.63,15337638.81,5146364.68,1.45,0,D
7e5c6ca3-3af2-438f-99e6-8397e10eb222,7483789.95,23414636.79,5759916.04,11038914.74,2.12,2,D
9a56e110-28a2-4cae-bd01-1e46d44e7792,30310888.87,10371095.27,55280293.28,5807937.9,1.79,1,A
98acd12e-5c26-4fd7-b837-f1b1477376cd,17953603.86,16290819.89,28007997.63,8715852.39,1.87,0,D
d04ab56f-2d1d-4a99-b9d7-52b15c0afe5b,19059233.61,6143556.85,24826195.43,4674654.34,1.31,1,D
feb6877a-77cd-4578-b35d-77229efe9129,15063876.93,15851354.09,12683635.87,3261915.36,4.86,2,B
04de88a1-701c-4d87-b61b-3cb8459a1ec8,14412882.38,29832691.19,13190673.87,3587146.22,8.32,2,B
d7d4f308-c0da-416a-8885-005bfccaa982,14654036.56,11970241.85,7432109.74,8334174.3,1.44,0,D
5555e5fd-f65f-43de-8437-d8dce12cd452,58519621.76,10358461.68,48836170.15,3884811.9,2.67,1,D
c6c97328-8d35-4c45-80b5-645900c3ee6f,56661341.66,7008243.53,34547477.07,6445086.78,1.09,2,C
99fb452e-2e5b-4453-a4e4-1231a3e8dcc4,15659787.67,10352257.28,3336581.54,16989819.47,0.61,2,C
4da2c064-946a-491a-81e9-274280c388f2,55974385.91,14942692.68,87301832.21,4880668.32,3.06,0,A
8ad62199-e6f7-4d70-8a95-681eefcff141,16372561.93,25599454.46,25013114.88,2159989.51,11.85,1,A
67edc808-2960-4a74-a040-69815de73ccb,12085159.47,1268704.75,19674422.03,2149658.29,0.59,0,A
a517910c-f3d5-4771-a60d-c30c679ee9e6,18153263.03,4137924.47,23863345.18,2441759.11,1.69,2,C
d5a4828d-ed26-4e7c-8449-a4bb59d4d8e3,13636463.36,16739671.82,10539777.25,12864744.59,1.3,0,D
3eba1970-7057-4014-ac4c-68ee2ac510fb,29283585.23,5425151.87,20141550.8,11233668.45,0.48,1,D
45621394-b81b-4b28-8048-5b53bd322ead,56805667.58,13324108.32,13677003.04,4640275.39,2.87,1,D
6541621e-1b35-41c7-8137-04c18e28d8ae,32173583.82,5231309.66,57113596.09,7254349.79,0.72,1,A
503355c4-85ed-412a-abb4-37652da1118c,47134790.73,22581830.26,67804772.99,7775964.85,2.9,3,D
7c42f6a6-bf9d-4bd1-bc82-e49a2c90aae0,53593366.77,23306636.38,94096053.36,7992844.55,2.92,2,A
409b1bd2-c1f3-4e09-9e06-16c915457a4f,11619527.92,6410922.24,16028158.21,4085141.65,1.57,1,D
c87df88e-b3cb-409c-a8c2-079c72cc53d8,22750749.65,18075510.5,39003937.19,3630030.55,4.98,3,A
4c6d54bb-c844-49b7-b7e7-32a6d5905476,25673576.46,5541791.16,6607947.16,6204847.79,0.89,2,C
5e26899a-744a-49b5-9052-408ff531a9db,18542207.28,14670102.77,28065243.47,5440175.09,2.7,4,D
f563bb9a-677b-482f-ad59-1d110cbd3854,30557025.61,38219519.51,8366154.71,5449379.89,7.01,0,B
29fd4251-2d94-4a3f-8fef-2f0ad31b18bb,15915279.92,5383368.09,3663144.29,4115910.01,1.31,4,C
95f90f1f-bb7a-4c3f-8984-b1da08587446,54184390.55,9071359.85,19865563.22,5665705.26,1.6,2,C
9c54e076-2fc9-4241-a697-0ef285f6c4f6,33686257.01,1000000.0,12272299.63,5534062.09,0.18,2,C
ebf2cc39-f083-4abe-a0f6-5c5f2ea75d87,14692321.9,5737170.17,24073596.85,5100978.17,1.12,3,A
c5d795b8-1c7a-4967-9bad-91056a9c3be0,17440568.71,4651374.33,33353742.59,4360550.36,1.07,0,A
a6b07025-4872-4a3b-bb7f-47e57d085397,38041898.4,2967832.03,52616209.6,3675220.34,0.81,0,D
8a10fb87-36d9-49ac-8a65-591c9fec5359,13366787.23,30051897.07,25094129.44,6800006.26,4.42,1,A
27661680-0235-41c7-999b-b2ed7b053707,31042610.05,3078939.6,37008698.01,3308530.86,0.93,3,C
8f819162-4d8c-4ee8-8a7c-c46169fee09b,36558511.97,1119590.54,36102674.2,9745809.95,0.11,3,C
f2961150-1322-4ed1-9efe-b8112f52aac6,53710890.59,8900865.78,102542693.73,8199663.94,1.09,1,A
97d74f0c-da08-4f98-ba3e-d3369891703f,28297694.03,11490598.13,25723812.53,5110417.79,2.25,1,D
24a474b3-f4af-4367-ae0f-2020748a480e,51953339.74,5517131.9,105167794.53,2829038.82,1.95,0,A
00b7c2f4-4a05-4b4f-8809-16de43f7b9e4,17637122.55,33902508.14,9132692.27,5038432.04,6.73,1,B
1460131e-a4b8-4f90-9c95-5b2b1a925e9d,35206769.94,2730723.34,45000553.36,13281057.33,0.21,2,C
6f46fbd0-5320-44fc-954c-bd19dccd96f1,14264951.7,17752564.4,18317601.11,7492772.01,2.37,0,D
8e9f8071-b9ac-47f4-8c2c-9986cd56db18,20983717.79,11361050.03,13048724.35,6172804.58,1.84,1,D
d6b50f6d-3cc1-4217-89ac-035f74fad80b,21550821.95,6739831.9,36749079.55,4913920.85,1.37,2,A
c1627c3c-d535-4453-b743-7d8219126eb9,76596717.93,16852293.49,18626719.44,5271753.37,3.2,0,D
a2a4e1bb-62a2-4c65-a228-7c34b3ccefc3,14870234.82,6263738.26,16288839.96,5839400.15,1.07,1,D
3b4fc6b0-472b-4baa-bb14-d3d9621e42db,7393158.32,7287383.33,5234233.48,2440439.68,2.99,3,D
4727c4d7-ecbd-46bf-9e0a-bda893dd2479,48183405.15,24466692.59,61546739.4,6279099.19,3.9,1,B
7acb37d9-0a4a-40c2-a224-a6839b413a2b,15818848.61,21214714.95,6509496.43,7755753.9,2.74,2,D
bcb5e479-f75c-4194-be5d-df2203cdae36,18240216.36,16731433.93,10914437.15,4357469.57,3.84,0,D
3ea0516a-69ba-4e2c-888d-f6045da391c0,76041124.72,10036902.07,84661924.6,3560909.22,2.82,2,D
ecec229f-f00f-46d0-8cfd-9ab1fdcb6e6f,49534461.56,7640160.62,87723426.94,5252702.71,1.45,1,B
60c3d51a-4aaa-4be6-aff5-987d102b0ddd,10086951.38,35672834.07,11134203.74,2327179.76,15.33,2,B
09fadccd-345e-4706-bba7-f34564d3dfc4,37264795.34,24489480.11,29743229.1,12011740.65,2.04,1,D
f7afe4f1-5747-4959-b069-60847ad40610,31902455.61,2183764.94,33606101.68,6675969.03,0.33,1,D
f36d882f-105f-4192-98be-e0fb263f8697,29319667.57,7599678.02,22214799.0,3662254.51,2.08,1,D
20a3001f-fc5c-432e-8539-9b3d0285d7d4,50034041.32,13747299.89,21166635.12,4814611.06,2.86,1,D
b6b5937a-fbf0-483c-b383-2435cd9ce8e1,10984633.89,1995608.68,19596650.58,11266372.2,0.18,3,A
74e6f557-c96f-4740-a1f3-a582e304e8d1,47281706.66,17335247.06,18591772.55,8193410.26,2.12,0,D
fbe9a378-152a-42d5-a931-6f2cd227d605,17425590.59,4843415.77,36022335.0,2821396.32,1.72,2,A
4b4071f6-429c-485f-977c-4caca7925509,50612490.84,11068041.06,79693673.53,3381300.24,3.27,0,A
9677c8fb-234f-4d31-ace8-8d51b60937cf,14174156.71,14169102.54,6879971.94,7457681.29,1.9,0,D
d7109b21-f964-4610-8280-f6e68cd99c43,22918547.75,1000000.0,25138786.32,4145252.83,0.24,0,D
6a8f8e28-47f0-419d-bbdd-395fb9e971e1,86262830.94,14698640.64,67004331.16,4866537.24,3.02,1,D
281cd3c4-3e4d-4bc6-b103-2be6ccc39555,27563309.02,9528308.3,47583156.38,8894207.95,1.07,2,A
a472be59-d975-42c7-9e26-64a4c4c4e2a5,20550610.18,31181221.78,9429063.41,7019207.32,4.44,0,C
0f32bcae-04fe-46ba-90d4-8d6617213f7d,9767363.72,8642798.4,5584739.25,6766128.66,1.28,1,D
e83e3517-4247-4f97-8431-e8a6998dfb14,31960116.61,4959941.7,40946557.31,7689562.18,0.65,1,D
29a7d839-8198-4811-9d68-d9890ec96a45,7305510.05,33251448.96,3501501.58,3202680.02,10.38,3,B
96cda14e-56e9-48fc-b162-1c1388977891,17205498.06,20404434.04,16421974.19,5100406.47,4.0,3,B
0c6a20cc-5475-4a19-a890-85fd5d922de4,24898899.72,7079484.9,32793066.53,6486739.4,1.09,1,D
62e2c289-cbf2-4b61-b45f-835c343f0964,14551444.0,5281878.73,3056006.17,2733086.22,1.93,1,C
bf92ea65-2699-4e9e-8efb-e2f748d5a29d,12054189.94,14645405.54,25021742.97,8076651.22,1.81,2,A
2d8ea5ff-b13e-47d4-a56b-205959bb1b86,23118693.5,5883769.85,34231052.19,1803410.87,3.26,0,A
568fdcf9-01a1-4350-bd60-890c8c223d8e,28062033.69,37696348.78,37044984.04,7092336.21,5.32,0,B
20d43ecd-6ad0-49e2-9a6c-63deb4177594,28872671.9,23778089.44,6953119.14,5431306.89,4.38,1,B
2bfd6d5a-9ef7-4b66-9b29-45a651e2b18e,14303317.42,15388998.97,25806872.56,8335801.95,1.85,0,A
38f667d9-6715-4623-bea0-61469e615107,15052144.26,11935717.86,5644157.9,10491538.98,1.14,1,D
d391917a-bc42-4e39-8ffa-737255441d7e,14396714.49,2682413.02,17787432.12,6055692.71,0.44,1,D
4adaa490-a83a-413f-96f8-62e689029784,48458476.47,10421829.21,81885745.63,8378562.8,1.24,0,A
4bca1242-f875-446e-8304-b4dc0d5a4668,7135488.91,3964610.18,8851006.25,6782291.95,0.58,1,D
999ae689-0479-46ab-b4ee-79dde3caa385,20340889.47,9626539.75,37679249.27,7539494.07,1.28,0,A
dc7db49f-c659-4b8c-9feb-eb5dd1ca3bdf,114441757.93,43832368.82,216158101.01,6559252.65,6.68,0,A
ffd29d7a-5e74-4329-a603-1a4c44b38ee8,30203282.29,17821970.67,54233886.0,3737088.54,4.77,1,A
d6e6ca22-a05d-4edc-8507-874aeae4361b,53369745.73,1656176.75,88091814.76,6142121.05,0.27,2,A
3380a85a-dbff-4382-b348-e0c6f32b42a7,10996687.82,18187327.87,21127706.31,6232301.05,2.92,2,C
2da0446d-21ae-42c5-9597-296fdf89c444,23251895.16,12755540.21,25903926.87,4002905.26,3.19,4,D
e03ec37e-6db6-46c1-a2c8-27f6646b4b48,39074966.22,24427853.3,27775357.17,7309587.23,3.34,1,D
f3d1d36f-01c3-48e3-8d7a-bdf27885cf4b,18409539.71,12138326.22,29607449.98,10091849.82,1.2,1,A
480f06e1-cfd5-472e-bb4b-f95273f6ef6c,37698399.27,10810805.23,20067544.61,3722232.6,2.9,1,D
969a1298-be97-4278-b660-1b786632a053,38031097.23,6296409.3,65977226.19,2442419.76,2.58,1,A
ab99ed7e-6cb2-4bb0-94a0-26fc018f1924,17800735.2,6862544.88,10528112.53,7151041.69,0.96,1,D
7627906b-ccf2-49b0-b18d-50b884722fce,49600412.97,14435827.15,46608729.41,3744508.63,3.86,1,D
472c4b4e-6d8d-40cb-809b-e12c92c279f9,42776390.09,18619119.54,32432750.13,5164855.46,3.6,2,D
04a173ec-7e26-46a0-b6a4-b71ea16fe275,10492084.96,4021854.85,18505187.48,4038875.05,1.0,1,A
4c9379cb-975b-4d06-8734-112923d68ce1,41861455.31,9555953.53,90015892.29,3542643.84,2.7,0,A
5bb7b0b2-1861-491c-a9c4-06d1b9c4390d,22397959.47,7341432.47,12730177.18,4594511.55,1.6,2,C
1eb415ef-0621-441f-9593-b2acfecc05f8,7760367.39,28450869.02,4999266.5,1772887.07,16.05,0,B
06cedfff-9d65-49e6-ad44-2a0f39c27274,27467691.07,2693782.83,39096133.89,2510638.51,1.07,0,D
28004bc7-dc6e-460b-9cc9-36d97bdb5a6e,16110079.3,14248933.59,20709009.12,8992509.96,1.58,2,C
a3631685-23a3-4b3a-a6d6-af8cda8d21f4,57992792.47,5479092.67,23980111.52,9721554.67,0.56,2,C
9560f476-9004-4db7-8925-f208e97f02d5,16503358.39,30757807.44,12058627.84,4367454.95,7.04,1,B
741ad743-2b05-4383-85d2-60389f4324eb,28168467.09,10249435.23,34956558.78,11259707.12,0.91,1,D
16767348-a477-45c3-890f-cf830dbf98f3,16806214.92,7430596.54,23710285.92,3688110.28,2.01,1,D
24b321d5-84f8-4470-9b78-b4f38d790828,9221861.21,6087435.2,16712960.47,5968835.02,1.02,1,A
d8bd44ef-128e-46ae-befc-d0bf550b8e8d,23333203.61,18404804.59,36273482.98,4857200.64,3.79,2,A
292b54a7-3ac7-4047-a346-336d6c898214,11590157.44,12035614.21,9784713.12,3814638.51,3.16,1,D
f43c4100-cb2b-4c76-8a56-e89fa4ededec,47671809.67,6795122.91,77597948.7,4924939.21,1.38,1,A
9ef0b331-6046-42fe-8779-4426205dc173,9931656.3,4873405.63,5997527.38,4827156.37,1.01,2,C
434dcfc0-54a5-417a-845c-2ea1f4699c81,65426522.94,1949507.32,100234437.19,8097713.78,0.24,2,A
c61fdfaa-fdbd-48d6-8f7d-1860354e05cc,16828175.3,4698660.84,35277635.09,12268282.32,0.38,5,A
a57de0bb-7beb-4340-9862-1e8f8370149e,33818407.22,4148488.12,32388370.14,5202983.88,0.8,2,C
e3511831-eab6-418a-bdac-8e8af1778666,63428240.35,7736390.14,82116251.48,14196340.23,0.54,1,D
af709c5a-5456-46bd-8ce2-9ee09076df5d,33393476.45,10507182.0,51753659.07,7756757.31,1.35,0,D
7852cc89-cc43-423b-8f46-06c604f4df1b,47389972.6,8374094.71,79730465.63,8899140.37,0.94,2,A
a52fa79e-1660-4a08-b4b3-34d26037386a,11444822.19,23096745.18,13835690.89,3537556.32,6.53,2,B
d78d8fea-22ed-46b2-98c5-97e9ae87dc23,73598868.57,7958873.38,48703475.21,3894531.0,2.04,1,D
023e8dbd-af89-4100-9996-8fe7a6fa3920,7282063.01,6260465.97,14341712.32,3083050.17,2.03,0,A
b13982c6-68bd-4b9b-80f8-a4f70634de00,22636705.52,33867970.09,46461235.61,4026011.85,8.41,1,A
bcbce67c-c700-45c5-9f30-176027f90ce3,29313035.66,10738434.6,43105323.01,8897638.46,1.21,3,C
f54cbf71-7b35-483d-aa2f-e2342bfdaa2d,18893269.27,20718111.94,39027188.79,2190540.89,9.46,2,A
bb67c6d6-d595-4c0f-b030-8e1f5e16e9a6,53079422.24,5543500.85,106233987.47,4483806.11,1.24,1,A
cf17dbdf-78e3-4117-93bf-91a1901930ba,28726765.85,22216913.05,41892519.41,4607604.03,4.82,1,B
9b3e7fbe-30a2-4fb9-87d1-d1fede869f15,26814898.53,5982297.51,54455226.5,4802209.86,1.25,1,A
fd672dae-b818-435f-9b9c-b67ddfd399e6,30374226.22,13879598.22,61263385.35,10338055.73,1.34,5,A
45b969fe-2dc1-43fd-9069-5fc9e3f708f6,20425009.96,5778362.3,8122180.97,6540779.22,0.88,1,D
0f9ea45a-7478-4af5-9143-c8c51ca1f18f,14198003.2,5400378.41,4216832.97,4586700.32,1.18,0,D
18dc18dc-a5b9-4a79-b53f-307a4b1f3453,16753718.2,6945650.4,29179637.47,6633327.68,1.05,3,A
7fd4bb0f-fb5c-459c-afd7-0052badbf155,41751809.35,2419333.46,66093768.2,3535846.51,0.68,1,A
1b1faa20-28a4-4fd5-8484-b88482b9704a,12981682.76,5267933.59,23235761.92,7552481.46,0.7,0,A
95aa0557-6e32-459c-8aa3-0bf9964dfd98,10263244.63,19826524.03,11903100.06,7060119.86,2.81,1,D
52ffc993-b9d3-4de6-97f6-699f7647b466,22976896.98,7767167.78,24428284.17,3671092.17,2.12,1,D
4d1c43f1-bbf0-488b-9d64-ebda487ce466,14915393.5,7639202.11,8827389.45,10260448.74,0.74,3,C
ccf00c4a-37ae-4f26-a7aa-e6e0f7992070,31576557.23,15053983.89,36046455.06,12434060.46,1.21,1,B
93573491-ba19-4e6f-a6d2-6ff8ca8bcdad,19194419.13,27631195.94,19437024.64,5848475.38,4.72,0,B
76aadd25-7aa8-4f1e-ab80-52c0319e25fc,24717176.83,14900453.88,47060775.75,2369295.79,6.29,0,A
b2dab057-9c5a-48a2-b2fc-53ae2860bd70,23109597.94,3274272.98,22283565.56,2573069.3,1.27,4,A
3ef8ac08-1c20-4518-bbc0-730a8d1d5b9a,37400794.3,3088520.8,13206241.06,14815644.63,0.21,3,C
b6c246ff-74ea-4d2a-bd2d-f990f9b79ed3,79217730.16,19128516.63,87281252.73,1992690.51,9.6,3,B
8b49065d-054e-46be-b9e1-fcbf7b335140,13355711.38,2437684.51,3020105.91,2856908.28,0.85,2,C
0913c849-9089-44b4-a0bc-8693e42a370a,9282200.95,15258540.58,17913202.05,5908381.23,2.58,1,A
dcb1bd15-090d-4969-b5e5-650f6cbe232b,12000272.42,5281738.91,15123715.49,3383160.31,1.56,3,C
735b6bb3-8448-4b14-acda-d2c122163af8,24727470.93,12099129.0,27192974.0,9265595.45,1.31,3,C
40cf042a-8c44-4269-98c3-efa596f24f60,19567482.52,5841176.11,33902133.46,6381002.59,0.92,1,A
af7d19c5-1fed-49a6-9310-c74a4cd86012,19716516.74,3159122.89,31269999.44,6559794.75,0.48,0,D
0b36c249-34b7-43a3-9718-530959e707fc,11220203.99,9863409.45,8849980.17,3624028.63,2.72,1,D
a05200ac-2783-4530-afef-e0a59246f1b6,9428787.41,29645000.15,11336207.13,5981207.41,4.96,0,B
b237b382-16e9-4e89-8616-76d7530fa238,41816823.17,3596928.18,77990221.47,6234634.65,0.58,0,A
9482e332-13b8-4bca-b1a0-014107be7118,35315369.17,11183933.26,68264697.6,6453453.09,1.73,2,A
08b0a91d-cf4e-494e-af68-1c6f67d1dbd4,97787586.96,6655715.48,101883436.01,7931113.06,0.84,4,C
6c2b46a6-6344-4e2e-8ffc-586c484f89ce,35555271.45,5100770.4,23626078.58,4177996.18,1.22,2,C
e37b238a-cae7-4cd7-8812-a7819efa99d1,37859451.02,3434007.62,25974971.09,4267187.26,0.8,2,C
12ae35e5-6ff1-4a00-b495-a6779b0e6ea0,15672447.65,11122648.11,11704430.27,4272759.07,2.6,2,D
1e9a23c8-5393-4c0e-9022-ec818cc6cf3c,36979760.35,13426462.88,26677484.12,20904278.16,0.64,3,C
923361bc-8ecb-4972-8285-abe7638c8489,14502463.52,48564877.79,11323888.49,9095977.07,5.34,1,B
0453f5e7-77fc-49be-ac7e-280ced18cc92,5000000.0,21796299.72,8166363.19,7971821.17,2.73,1,A
d765de9f-9526-4628-bd08-d6e777d0901e,56195122.54,9726718.12,72915683.61,6415731.83,1.52,2,C
33ae7744-11d7-4c9f-be66-5d651ec6f918,27535747.46,5948415.57,52497776.09,6042427.26,0.98,4,A
0d62970c-4f37-4deb-ad69-77c773aaa2f7,21647358.61,16560570.87,22664463.97,3168627.71,5.23,3,B
35c0d4cc-c775-4f88-b8d9-e67d25dc3db3,19546614.67,22306906.52,20705752.37,4665920.71,4.78,2,B
ab16b830-6ca3-4588-ae0f-9b24d9c77564,29004160.49,9861679.93,52296330.87,1742612.25,5.66,0,A
bb6d9a9c-4ad4-4781-a74f-d4c9cecbbd74,10239407.88,3499647.07,2951559.42,7264186.95,0.48,1,D
30665675-a4e6-4df7-abfc-e378265803ed,36782467.88,14291116.63,25635382.81,7923566.73,1.8,2,C
abb2d21f-6497-404f-8eaf-42f89e9c923f,49609351.95,8881192.48,87910880.73,6899890.08,1.29,0,A
1a22fc76-3aa1-4941-b773-f8658b8fbfc6,32858867.97,2397458.05,50222427.7,13213808.29,0.18,1,A
0b184c47-8438-48b5-9e87-d8d93adebc3e,11519064.78,10847274.9,23858104.01,4043937.09,2.68,2,A
702f7771-b549-4dce-9ca2-4f1480ba541d,23695190.18,23285713.49,43855541.6,10277330.25,2.27,1,A
b42f5ad0-dc4c-4d97-a2de-1981f9cabff0,40551919.39,3670606.52,52364777.0,5932826.35,0.62,1,D
cc0f65eb-8c69-4b9b-8170-18e09f7e16cb,25916722.01,9199656.15,43688939.51,7178173.87,1.28,2,A
bd8c4ba9-e25b-47f7-82cc-fec8123f755c,9332696.67,9642602.78,15772952.9,3932137.93,2.45,3,A
1d2a05d7-3f56-4a53-a789-1a6901099054,11073638.06,7111875.12,11021695.93,13619316.33,0.52,1,D
7589833c-db51-4801-86b8-e243e62b16aa,29704233.05,6592272.76,61614807.82,3655181.65,1.8,3,A
e8902b67-5fca-44c0-bfe0-468e619bad4c,29944212.34,4458006.92,34125625.44,8653604.32,0.52,5,C
3c6d29ae-e832-4b4a-91b0-9e2881622730,6129938.18,35251996.29,9390656.37,5913197.61,5.96,3,A
6f726da3-11bb-48ff-af35-1f5bf8a3a800,16967290.06,6091731.34,17445959.91,7123572.62,0.86,0,D
639e2e11-2c8c-4e32-a703-d379818491e5,14518386.77,1947750.0,7779147.51,5641293.56,0.35,1,D
7b66a3bb-73c7-4b67-b883-d36c408c2088,12496574.55,10310958.28,5717474.13,5305390.14,1.94,1,D
a910a445-49a4-4e7b-81f8-2be24215a976,12165196.92,5265688.7,8729019.81,5502768.74,0.96,1,D
756f813c-b602-4a3a-8de2-1b66e755d8b4,18964835.45,9401620.49,21913496.6,10536103.78,0.89,0,D
db3ea1ab-f92f-40bc-a72d-ff10213c38a2,31452136.44,4680493.9,47324510.15,7250501.07,0.65,1,A
ec8f34bc-5d2b-4306-ada3-51036000cf2a,11568774.86,11617090.14,5916078.95,4931520.77,2.36,1,D
228bb6c8-d015-49ca-9465-63e606b3f250,47395142.37,3450192.61,24695083.9,7301360.8,0.47,1,D
5bf752f9-783f-4f01-b9b1-b7373aa1304f,29816316.75,13117226.71,21330575.88,8754728.72,1.5,1,D
ab4076fd-e4c5-4509-b09b-8d53a64a84c7,13073091.35,5441592.68,9005837.18,13712981.96,0.4,1,D
a19a0bd6-b122-46f6-9e17-833a697441d7,17926010.52,7505938.44,32803144.23,2749758.9,2.73,1,A
42fe8383-93b8-4965-9c7e-4765adddc75c,15608480.11,13057015.63,9922129.92,13406752.21,0.97,1,A
0811db03-2bec-427e-aa9b-6e1cf745fc85,24286510.97,6462003.19,50593339.53,7559587.22,0.85,2,A
33e055de-3a85-4f97-923b-bdb048c44a6c,75328446.9,21046602.67,37622131.92,5802414.09,3.63,4,D
2d58b48d-669d-4967-ab53-e743890f5032,27972170.01,8666267.4,35446938.69,2127579.04,4.07,1,D
803fdf3c-790c-423f-9133-027368d20a60,33882173.54,39527805.81,14273107.99,4439920.08,8.9,2,B
08771e11-1f2b-494a-926d-5284fa14daf3,7063380.72,16466030.32,11194206.41,3610014.05,4.56,2,A
90edbb36-1659-4f6f-9e14-e3b4d975649c,22071467.83,12750139.24,11452122.34,7422770.86,1.72,2,C
f9451619-39ec-4488-b16d-38ece46bf200,20995692.31,15081912.93,25879475.07,3688860.03,4.09,0,D
db0494aa-f195-4558-b9e4-24ad8c5964d1,65905987.56,7668121.75,15016373.13,6656588.14,1.15,0,D
0499f503-e138-4901-97cb-b8e1331506e5,18444445.8,4017888.34,14918982.86,3025047.42,1.33,1,D
2b0d9c26-cde9-4e26-a49d-f5654f52312b,45931821.61,11190733.89,34706372.04,4787713.22,2.34,2,D
aaae179f-dac9-47f9-922a-a07132452ca4,27527413.16,4135092.56,41498940.99,5353786.6,0.77,3,C
afd820d0-6d19-4081-9da1-1b4c09bb386f,18769438.49,4505154.31,29984087.8,4856374.02,0.93,1,A
521edd63-c4e7-471b-847e-710e0cb4478d,60552706.19,9577070.25,43082042.84,22987204.66,0.42,2,C
871558d1-6eaf-4212-b1d0-4f116fca44b3,9117205.87,9244359.48,9512725.73,13297945.51,0.7,1,D
ead0ee42-dd82-49fd-814e-2f3c8d9b2447,23138373.39,24726166.32,18196804.21,4113673.8,6.01,2,B
bdaa6bff-f185-40bc-9d26-6bcd2fc72e66,22543556.99,5659330.89,47959553.35,2265932.26,2.5,2,A
8e31fba1-1603-4c36-9d0e-76dd1f242a94,23843864.25,7997590.71,20381146.37,2867267.88,2.79,2,D
88e78a4d-7f15-42e4-af1d-1882b0a34de6,45232846.14,13825412.54,84152684.33,3228749.69,4.28,1,A
158f8a7f-ea44-446e-ae2d-2d622a54367c,30013818.88,4872162.65,63460506.17,4200279.71,1.16,3,A
45f3baa0-cf67-4918-837c-bbf42ed629f8,28956707.26,2462937.66,42327132.28,12441213.26,0.2,1,D
e3ca0f09-aef7-4091-a95f-0eabb455243e,21596178.02,7949401.85,15225665.05,3483761.96,2.28,2,D
b019098b-d50c-4e27-9e86-d14fdc738e66,24901038.86,13427422.13,41936948.48,6636503.28,2.02,1,A
17cd31fb-215f-408f-85c4-0c394be2b3ac,32876676.22,29647367.09,42708152.04,4844657.0,6.12,2,B
904e1790-e424-4d2a-a531-47a77a584bec,27077487.56,6712554.95,12923352.04,6019965.97,1.12,4,C
a4462cfc-5e94-46c8-a161-00ac6929ba18,13316525.79,8599901.84,5097683.54,20774779.63,0.41,0,D
d5f956a1-b003-43d3-8960-9578a7cf932c,19117122.12,7139942.04,20572225.98,4582206.04,1.56,1,D
324818c1-60ba-4fe4-a76a-271576d6c254,12706516.21,7301074.23,24985293.02,2609727.03,2.8,2,A
c03eca70-bdc6-4b17-beb0-72cd056c2cbf,23357389.77,3460699.56,39600675.79,10005576.41,0.35,1,A
f322d547-8aad-4f40-bbc4-65c694fcac98,12718131.67,11763749.87,11861869.69,4193065.72,2.81,0,D
752c1a4e-1193-475d-a90d-0e35163912d5,38577050.18,35028960.49,9960183.53,4016934.26,8.72,3,B
9004c13e-3085-4361-b804-0239a207f243,38034256.61,3848536.39,58611327.53,4580364.51,0.84,2,A
d4e25ee3-f41e-4f1a-84c4-cce6df3ae9eb,26080294.74,9759940.44,17665684.55,5863067.49,1.66,1,D
6093329b-c52e-4fe3-b81f-3e55d4031662,12802989.34,10268994.24,16050451.43,3651376.27,2.81,1,D
2f28948d-f967-4e59-9f9d-3f7973d04189,28064982.07,14480548.5,55289107.52,8215377.3,1.76,0,A
bdd2bb6a-74f6-45d1-9ed5-3cf1b79dbef7,29114102.03,24688064.54,38824475.13,3831170.05,6.44,1,B
8cca98af-c7b5-4137-a014-b9976977f3e5,15996095.31,5223049.67,11838804.76,11053463.24,0.47,1,D
5f6b8903-c146-4bbc-9b1c-c47a296542c4,10663709.65,7375541.52,21914646.45,12700211.4,0.58,1,A
c0f4b8b2-8940-4cbd-8595-fab5b8bb526c,28486905.97,54527260.85,28228488.55,11719621.51,4.65,1,B
be0007e6-1012-4abe-a6a0-3f63c8a4dc87,20294860.14,10728151.87,37793083.82,6748640.32,1.59,3,A
bf867833-b5bf-4aca-9466-874cd75f1af4,84221145.32,8101458.35,25420918.83,3951559.88,2.05,0,A
518fe932-6db4-40c9-be56-5a12f924863c,62110366.66,2086417.18,36316579.5,8368816.09,0.25,0,D
da965974-de35-4c33-bda6-0834d45832cb,22918688.93,9164032.75,45581602.66,7438032.04,1.23,2,A
5b8183d7-bf24-4d97-8e49-b6de487ee33a,24998093.79,5269580.15,52731126.94,5290969.58,1.0,1,A
aa9da39e-70d1-42f3-97d2-f741e6268bfd,17904054.42,15999185.05,34662984.19,3834913.69,4.17,1,A
70cbf8a4-a612-4c48-9d65-855df1c5d036,35251069.66,8822608.9,16917351.06,9522842.66,0.93,3,C
01f32168-7c12-4e5a-8f71-e665bf400b33,27049619.08,7401175.01,43908467.01,7079562.55,1.05,1,A
712194c3-edac-4b7c-bc1a-cd03d2a572f5,49465526.18,18292941.72,39928446.59,7564078.83,2.42,3,D
568b9ddc-a88a-4e22-977c-dc26c7926de2,26990961.5,6254945.24,12314455.35,5626426.77,1.11,0,D
14448576-603e-4c7e-9e82-b973aedf947e,42086011.59,4747323.78,17216217.17,3511855.17,1.35,1,D
6c20f10c-622f-4729-9d33-c85e60466dfe,40478819.36,3365868.57,86071720.54,4841415.51,0.7,0,D
5ebf035c-e280-4f85-8a6a-df2d56037422,56794913.99,6620397.47,52694893.3,10709882.23,0.62,2,C
4e55c40f-8d0c-41b1-ba07-0846a14c20e5,70106097.75,14084684.21,22221048.17,2890221.65,4.87,1,B
26eb3ba2-fc2c-48bd-80fc-685956ae4aeb,5589744.25,4052067.29,8306727.97,11106602.12,0.36,2,A
e2e5ff41-bd17-4371-a659-5d3a8c93951b,49764626.23,62033350.73,30496808.96,8567301.06,7.24,2,B
42f362c0-c174-4043-bffe-7e6643db858e,31785315.81,3580515.39,62704408.73,5981367.69,0.6,1,A
df35dbb0-bfe5-415c-b30c-f768aef6a21e,42977224.76,2334224.56,59698777.22,4575695.84,0.51,0,D
e47eec87-25ff-4981-ba30-4ec09acb92db,13821084.79,16840653.2,15228350.38,3970032.71,4.24,0,D
1b6ca9aa-9e2d-4d84-9dfd-3bd859fbb06c,14070790.77,13391676.13,16656919.37,12835418.03,1.04,3,C
871d72c9-8a95-49a3-aed5-3f4774175072,20860427.69,9539907.32,17724564.07,7564009.12,1.26,1,D
aaa91207-a446-47e4-9f4d-98ccb33b92af,11115622.82,18766491.36,16883402.11,10771651.48,1.74,3,A
24914f47-4a9f-4368-8e67-a61b0f42d322,17216623.05,5706363.76,23252318.43,6211517.35,0.92,0,D
34d81afa-0fdc-4168-af11-818833f9b2d3,27874846.75,16296110.94,59402879.74,4996283.8,3.26,0,A
d466a79b-e65f-4357-97a5-4b165b79d3ae,14901927.59,11988010.81,9399153.29,2846765.15,4.21,1,B
1049a466-ca7d-4a8f-9fd8-8056664e45ba,15402148.34,8850108.51,14889572.08,1653698.77,5.35,0,B
66991ced-6444-459b-aedd-c8af1446c3d2,14825793.57,5830278.1,20051463.67,4073803.78,1.43,0,D
bbde7557-4337-4859-88fd-2ee5ab5114de,17250410.48,21507143.06,17370646.49,1630052.66,13.19,1,B
1baae5c5-da57-49a2-8c50-812eb0c3dbec,12828667.68,6903440.69,16882908.86,4663218.25,1.48,0,D
d5aced1c-2f41-4cc3-bf03-387f976941c6,22968780.83,10485834.04,22244473.69,11329618.59,0.93,2,C
02071ef4-7ced-43fd-a452-0b5258d076e6,19358750.76,21138860.21,26377446.32,17600550.73,1.2,2,C
173f09bd-6558-4a03-a668-b6373376ee26,16525555.57,1995634.28,5244734.23,12279483.4,0.16,1,D
6fbabb07-7358-46fb-ba9b-5485121d6d5d,53220865.18,16007219.87,84268622.59,2994000.7,5.35,1,A
0252828f-b76c-4fd1-9bc0-b2feff517acd,60277227.21,9662075.65,117047589.58,8993038.51,1.07,1,A
29a03c52-9e9c-4576-8c10-57ca6850d972,28876860.05,12625141.66,54065608.9,5273217.35,2.39,0,A
8a532a4a-2ae6-4f97-bf57-c250463b235d,70127716.47,8846567.34,132884438.62,4677587.9,1.89,2,A
86ba6ce3-74ef-4089-a3d2-d3bbd6057b11,37558987.1,21821475.13,40731433.04,9015636.92,2.42,2,D
3abaa095-e86a-40db-9c38-eccc66713e53,19685110.79,9720542.36,14640030.64,2712823.42,3.58,1,C
2cd70a3d-6583-40f1-991d-8ef933a4663c,6437126.11,7355015.69,7625146.63,4055810.52,1.81,3,C
4baaeff2-603e-4720-8f4e-9f93af7ee7c3,7416951.27,5840543.5,6484640.39,2535553.2,2.3,2,D
6045cb8a-78e9-4943-9964-4a32a0e33947,19930073.07,16235466.97,5736024.16,4050354.82,4.01,2,B
53635c6b-3545-4787-9586-570943694269,30152009.3,1806710.28,23464628.51,6568255.46,0.28,1,D
fc5b3d22-f7ad-4d7b-8ccd-4acfd4e444ba,19135150.28,15183048.09,40094342.58,4952665.14,3.07,1,A
b11ff5bb-29f9-4568-9935-2b7249a6a716,23525374.78,40369401.16,40124882.22,10688882.57,3.78,1,A
161e5d9b-bd83-4491-8c28-5dadde164a2e,18284306.5,1695081.66,23020769.77,3941372.54,0.43,1,D
f61c705b-4d1c-4e87-8cbe-f60a9e80d55a,12503881.67,8644805.45,24839625.83,5761966.14,1.5,2,A
63a17a69-77bd-49b3-8c2d-5bd441d71d3e,8451964.54,18182160.41,2893407.01,2843213.4,6.39,1,B
6dcee5fd-ec2a-4f0c-a2f6-7ef7c1f7e5e0,18294736.05,8412733.46,29586942.06,16583274.5,0.51,2,A
8e96ce98-1cd3-427c-a377-16b9b7b369d7,46879599.71,13567184.61,70812893.19,5471113.34,2.48,1,D
1e818493-92af-4c5e-b764-52834cd3d3ac,17390734.57,9987709.89,26165280.87,8446192.91,1.18,4,A
11841c71-65a7-4d53-bb0f-a97a503c284d,32033882.61,3860735.03,40990069.88,3190430.83,1.21,2,C
dcd72e6f-cb90-4788-a279-dbd401f8c466,22594958.41,6182291.73,19874568.07,8161934.25,0.76,2,C
1d8d6dcc-8fb1-40cf-8ba6-1ca2d0a59050,24756098.17,1981707.87,41436081.04,5088125.87,0.39,1,A
217d8b0c-f08c-408b-8125-e4e6b2502929,16099520.82,2533932.83,18220395.04,4259429.12,0.59,1,D
56767536-364d-49dd-985b-f3be69f1b375,32510334.79,5623555.17,59472205.7,4444698.09,1.27,1,A
5797bc2b-71d4-4826-8a7d-053d65067d13,16617050.95,3109222.29,8387753.45,3284741.36,0.95,2,C
ea4e9850-1140-46ec-906e-fd8248f690ae,18331879.07,4747633.9,35149202.55,6154068.07,0.77,1,A
fd748368-f000-49b1-a247-c247be6615a1,31283955.03,20475116.23,36045576.36,2755821.56,7.43,1,B
9696b8a4-7b5f-46e1-99d0-0bf9c5999534,31821755.66,13872731.93,37805450.57,6995967.49,1.98,3,C
9e5d6657-3041-45b5-8100-79ae145c3197,58141537.93,17504337.93,93509379.48,4156257.72,4.21,0,A
0d40bd6a-dbdb-44f3-84c7-9334d8711810,16818282.12,18555380.3,4907495.36,6424079.61,2.89,2,D
4275ca18-d2c8-461a-ac48-9cb4a48d5f14,87806281.34,22011161.08,35080914.3,3417630.41,6.44,2,B
6c22baa2-c805-4965-bba0-0f197e767027,37098979.77,14740940.68,56330517.19,2779843.64,5.3,0,A
6a79bcfc-45f8-4a3d-a301-46b5f26b67d3,15990842.59,4346490.68,31240901.14,2423406.57,1.79,1,A
52830891-172b-4cee-8c70-af21430be8bf,14503206.91,6118877.58,27245553.18,7710177.93,0.79,1,A
4f20a45f-d957-48f0-aa39-c0020ee384c7,18438158.18,7494057.12,23778388.82,7523774.85,1.0,1,D
69f488c6-e55b-4db5-a36f-bbea03ca6298,51065494.32,10958857.63,101457174.56,7641403.32,1.43,1,A
848baac4-00b7-4392-8d1e-51174af601d3,13973187.67,7086135.87,15492375.11,10367090.18,0.68,1,D
8ba6572b-9966-4a69-a4da-d303d724668f,26559879.54,19864067.01,56030897.27,2135521.93,9.3,0,A
3d4b7a6f-0d33-4bdd-a0ab-1116e0f9f22d,16774747.25,6936987.61,8225841.6,6628545.07,1.05,3,C
d2d86c68-da83-4be6-b0c3-a5340ac86f34,9909468.22,42323105.45,8300282.38,7879535.41,5.37,0,B
bf54f8ce-6e8e-4b20-9240-10dc6d5810c6,37778493.81,22395931.38,79087222.9,5969058.01,3.75,2,A
6eb4c30e-c346-41a8-968a-a0473700c934,6745677.45,10287050.18,13538464.87,4235921.31,2.43,0,A
a0cd8c69-c3a0-45bb-9c04-34ada309c157,13661202.36,7473639.44,25045872.14,9683797.35,0.77,1,A
e364597a-3818-41c6-ae4c-31e4cf9f1ce4,21987301.41,29994361.54,47877776.72,2801198.8,10.71,2,A
bc071cc1-fc4f-4376-b5e8-ba534640f877,20334958.18,12401736.51,9849623.69,4558138.51,2.72,2,D
8b756c17-7190-4b60-a2c3-79e10317dfcc,29139184.43,5280168.48,62728208.9,3668551.64,1.44,1,A
e94d25c5-6728-4198-a16e-3676109d8627,32277546.63,20419517.15,11296018.77,11804195.13,1.73,2,C
6825f8eb-1bf3-43b0-a3d2-5f9b3dfb08d7,16599575.33,14237851.9,19630539.98,8433308.33,1.69,0,D
12c3ffbd-7334-4aea-b802-d79013ec0d34,10290480.62,9594618.04,10458681.0,5217676.72,1.84,2,C
72dae85d-9cff-4d2d-a074-e2f651a7df25,39808573.63,6639016.36,83602202.17,3902859.75,1.7,0,A
9ff60b7a-5ce9-4344-8f70-1d2aa9f58b40,34909502.04,7410536.73,21606933.25,8006139.23,0.93,2,C
d9567984-4be9-4dfb-ab38-121e64027a9e,10943045.98,17651810.52,16199224.62,8096096.08,2.18,1,A
b251cf16-d374-4ab0-bb1f-31ceed10449b,70579539.92,17221035.66,119866802.83,7322504.65,2.35,3,A
17e10731-cdf4-4d2d-8ab7-ba84ef329f96,13521649.02,14270739.85,23975058.49,10756880.33,1.33,1,A
caaf29ff-a393-4ab0-ab99-a50b3bf63a7c,17354112.59,3091724.54,7155320.24,2706680.53,1.14,0,D
ec517da0-bb15-4951-b5e2-b5bf6f9c7212,54970246.18,20496563.45,21960707.82,6696691.53,3.06,1,D
4b462367-3eb7-4805-aed7-a8574f54ca27,25220800.96,18713561.74,11950297.88,7329407.48,2.55,0,D
09585aaa-e8df-455d-9b79-3d0479965cf6,46542624.75,14918822.83,64986202.52,4597181.67,3.25,2,D
36f849d8-b6e6-423b-9477-67d27ae1cbee,12343155.65,12171695.15,17789349.26,12236026.19,0.99,0,D
7ff57728-1294-44d1-9470-7292ca97f31d,7619357.02,4014397.47,15294949.75,12007200.95,0.33,0,A
cd100e5d-0ea0-4f0f-be2c-4f354b75f10e,7410256.3,6913371.69,12421142.43,13699135.58,0.5,1,A
e0cb932b-48ed-426e-943a-00f9f8ed7758,73402714.54,6338685.44,75716412.96,5810632.7,1.09,2,C
58b5b0c2-d576-49c9-83a0-d1118fcf07fc,18349667.5,30701785.66,30977786.31,7743051.69,3.97,0,A
151acc08-73fa-46eb-8838-7506a2cfba57,17858008.04,12958934.66,33876150.91,10017369.17,1.29,2,A
73bd0a44-d229-4c7d-8add-10f1a7529367,19985203.43,21023586.72,35057822.24,4706175.17,4.47,0,A
70bb2768-c86f-4850-adb2-5c11c3f893cc,27754866.37,46498646.65,11095290.78,8754215.97,5.31,0,B
4be1524d-ad6e-43ea-8fcc-dabb3d932f8c,19908985.53,1547245.16,6984786.93,5749390.43,0.27,1,D
592eab81-050e-4867-ab1a-1844968fca15,71795591.65,13310517.35,42935334.95,10616958.47,1.25,2,C
81b411a5-5cef-441a-ae0b-13d5709c1f3b,26062554.17,4862071.61,7086704.91,7637692.82,0.64,1,D
52b7c254-cdfa-4018-b794-cfdf3aa534c5,18333562.58,9802896.8,4305236.13,3273173.93,2.99,0,D
109b495c-492a-4bb9-adfe-4aad601da67a,29541882.39,19348719.12,47679108.41,6476481.79,2.99,3,A
d3d816ec-415a-43ed-a72d-75a197c020c0,60329568.93,16741202.15,91378238.83,2434684.42,6.88,1,A
e313fa08-30cc-4ccf-bd22-aff76d0b15f4,20898699.17,2534224.59,36180089.17,11838261.47,0.21,1,A
7b806dfd-e0e3-4a9c-82dd-a0546a51e5a1,9018614.08,19650721.39,17147011.03,4142250.72,4.74,3,A
57e63ca4-a0d1-4f94-8e75-3e87dfeccab4,22044479.47,5256779.76,12790601.8,9527900.53,0.55,0,D
129da2d7-d577-4dfd-baa0-6fb401222c2e,47909320.6,13224344.07,74350191.97,4897424.34,2.7,2,A
40e5200d-ce1a-4c5f-8ea4-11f34afeda48,29569812.49,12061615.0,38523450.28,4741551.2,2.54,1,D
97835cc1-4431-41b7-b157-a8a01b44bf7e,55383404.77,16002985.77,104711494.79,2977263.68,5.38,3,A
28ecd3a8-badf-4c38-9da4-d9385660e11a,32715000.86,19903738.81,27498941.17,2297159.78,8.66,0,B
ec06263d-86b8-4496-b219-3a9f4aedd399,5000000.0,15357129.4,5085142.89,7188066.01,2.14,0,D
01dcebfc-ddb1-4da8-aea1-0dfd40e70c0c,42104150.38,7504695.51,22724640.35,5674388.08,1.32,2,C
86f160e6-3fd0-4917-8223-91ea0f708eed,49173860.44,11814459.01,63166372.42,11433449.7,1.03,2,C
7e8486f3-3eb8-469b-a73a-e8395a0c7366,70286372.76,3509406.37,19616562.29,3789941.76,0.93,1,D
447be57c-468f-4035-b526-7bf6d771bf3e,17534123.53,26886173.83,23688164.89,2438537.7,11.03,4,B
5ad9c0f1-35b4-4c38-bedd-c16ce93f8323,24683723.27,7416790.09,28986472.74,3912618.91,1.9,1,D
ff5d0ecd-177b-4ac9-94cb-cf9f05935fa6,18376131.24,9050628.83,36357094.76,6381936.17,1.42,1,A
b52fdf9d-c1d4-41fd-bc1c-7548e35ef975,90621296.42,4680138.74,172154834.61,3788958.15,1.24,2,A
b5428ba2-3b70-43a3-8ec3-9102d9de82b5,48432938.25,9136084.78,105894515.48,2285273.32,4.0,0,A
be5a512f-30fc-4197-abdf-9bf54b0b7f84,42008750.3,23705364.01,81419871.38,4592974.56,5.16,1,A
e440774e-5567-44c5-aad9-c3379a6e7ef9,6543989.37,16273496.09,2293312.43,12728366.45,1.28,0,D
76e8f252-30c3-4b47-b0ac-40532052fdaa,21770479.53,3662277.68,38202705.6,5442795.53,0.67,1,A
5fe3ac4a-cfb3-46f3-aa54-ad97422dfb30,50470760.48,3728130.86,33316164.88,2929360.44,1.27,2,C
69906bbc-1c06-4c49-b4ba-61b5e692a04d,5942255.9,11135119.66,12657672.14,8548590.44,1.3,0,A
af9a487b-219a-438e-af38-b35685358e9f,9518906.63,5687067.13,8810152.17,5617751.39,1.01,1,D
eebb4eee-1acc-41d2-89fc-e3ff21761894,57972281.87,12475711.78,30940300.09,2703992.43,4.61,4,B
2afc43a4-9522-4b64-956c-51233ca703bc,6679729.19,12904014.6,9005141.92,1325034.47,9.74,2,B
9169fb06-1787-468d-8a76-582869b309ac,15951962.2,2431657.66,9278766.17,3490683.06,0.7,1,D
22414447-afba-4859-a42f-f840a962ed0f,60168228.23,2428173.45,51725732.71,2736646.53,0.89,1,D
80581c76-5ada-4a2e-b63f-48c228afafb6,43817475.57,5371360.22,96029526.03,6466574.29,0.83,0,A
11b078bb-186f-4bba-b6db-6d496762252d,25589121.77,15711476.92,8423773.8,4457912.46,3.52,3,D
4d5818c7-d256-483e-9cac-03924bae3fa5,36229464.98,4591501.79,19256984.74,5291309.51,0.87,1,D
5df1cf4c-5ac0-4887-bdc8-9e8890271d1e,26786329.15,18930867.52,7791412.18,4048307.45,4.68,2,B
8183545c-faa9-4845-8475-50f66a8b195e,15179339.65,6794335.68,21411556.33,8371080.08,0.81,1,D
c234b752-894d-4857-adef-46a4116a901a,52699609.48,2427144.17,48764076.95,4425780.1,0.55,3,C
217d0730-e9db-4a41-b79e-246a678e1429,39090974.95,28306273.45,20008014.61,7818783.44,3.62,2,D
df2e550c-bc7e-43dd-80b7-0bc9b91de2c2,40483484.44,16411111.68,18674725.85,7558875.02,2.17,3,D
e8a629bb-03a2-43be-9706-0926dfac3897,77268628.22,4543426.37,44749842.47,9908056.43,0.46,0,D
16c49370-a78f-4f14-b969-9f43dabf19c7,5674369.89,2188870.24,5642967.59,10502442.74,0.21,0,D
89964596-50e2-4541-8871-bb6da75e1edf,36513982.85,10991732.5,32710939.1,3087242.17,3.56,1,D
9a7c1cbe-bb32-41cf-a036-5ac59933cd45,22177533.01,1246233.62,17866643.29,6200641.65,0.2,3,C
4b989248-97ee-49c5-8b0c-66501d1ef5a2,15686919.79,2437036.52,32426526.02,4040325.99,0.6,2,A
7766a0d7-2dc0-4453-a567-0a1fa4779a12,97470264.95,5525198.68,199310515.34,3006451.27,1.84,2,A
d6de5142-d831-48dc-96f3-b4b99b4ee52b,6855193.03,6735744.42,2357741.84,6783862.49,0.99,1,D
4c300a73-dcfa-4af0-92fa-f6e71ca67c33,18048332.1,8543493.84,15527093.3,3222528.85,2.65,3,D
04a24b77-7adf-4f86-8853-eca386c3148c,5600513.71,54433717.57,5627508.29,4846908.44,11.23,2,B
96026c6e-ab3f-4c37-b644-e006af724756,14239858.08,5369300.46,19040927.03,6982878.17,0.77,3,C
6c82748d-262a-4710-a26e-9d87150801b3,58360028.93,10381159.52,68270576.57,7762063.36,1.34,0,D
22f3365c-0866-4084-9e50-61ac1c346d17,10274434.38,15915161.03,11616056.61,6030294.78,2.64,0,D
3a2183c7-00a5-4bec-bc44-0d783bc6ec02,35341804.21,38128931.54,31472267.81,2501284.71,15.24,0,B
85c0b18d-2219-4e87-a0e9-0c8cc7b37053,9331875.82,4459345.79,4050397.74,3668835.41,1.22,3,C
d4c116db-1761-4b4b-89fb-c990d6dbbb1c,81688333.02,4051284.97,137946167.95,7166255.91,0.57,1,A
6ea09baf-bcea-40d0-9072-7af396ebd5ce,19465805.89,24722119.81,15428756.02,3163316.02,7.82,2,B
a7bd0f95-f8b2-4639-8efc-a5cf28c68520,17663284.7,22309274.12,7933650.56,4697719.52,4.75,0,B
ebe52985-02db-4aae-ba33-4774d3c5095e,11147295.89,10566781.64,22550942.58,4390951.12,2.41,1,A
01e67920-55f1-4bf6-9ec8-161f1cf4de12,38566807.59,10435272.36,73933972.9,6123726.59,1.7,2,A
5cba693c-d012-49f1-ab58-e0fbff646e76,8640808.48,4402235.13,16218373.67,2876914.72,1.53,3,A
4b547728-0dd6-4f54-b92a-bca8994ba0a9,11088697.57,6872074.29,4932904.87,6537233.06,1.05,1,D
8c781a99-efd1-4a02-95c9-528d4e0ed20a,43353507.23,10726347.48,60016596.06,1973749.81,5.43,1,B
82082ad8-047a-415e-8b16-5711534fd74e,12352567.81,12943661.03,18724117.64,9666194.34,1.34,0,A
96678664-949a-4b3c-bc1c-4e3061f54f85,24654482.98,8695200.34,23457224.68,4460843.94,1.95,1,D
5fc3b136-3151-41ab-bd2f-e8b3bc654867,26504845.45,12782145.26,22205788.06,8438000.35,1.51,0,D
b6791b77-25f7-4771-97c3-486e5d850162,14248987.93,13458198.8,11269571.42,7319501.18,1.84,1,D
1bc093ec-62b2-4220-896c-c866ec9d42a0,33582814.83,5605128.29,25208232.78,5052312.07,1.11,1,D
071bee11-426a-4c71-af6e-f5d86610d8ad,23238872.91,19278359.69,41119130.61,12128940.42,1.59,0,A
1963fff6-a1f1-4772-b12b-92f579b01537,39683658.65,12431914.39,17156900.17,3451982.11,3.6,0,D
c4131231-a784-4d6a-aae6-07318c106572,59308825.16,8100532.68,22380117.47,8880477.26,0.91,3,C
c70b634c-d2c3-481d-9883-d4189e93dafb,36610641.05,5173775.74,18287968.47,4821250.16,1.07,1,D
ae05abbd-23df-4369-a95c-5154ec1516fc,25230064.52,13902049.63,29809340.68,2351638.13,5.91,1,B
ac853183-e64a-4f0f-9fa9-cc4d3c8377d6,40598121.98,12484492.68,19419754.41,7557021.91,1.65,1,D
832474c4-02f8-4e9c-a800-1ce573cf9660,12698800.62,3724235.76,6377333.52,5188566.39,0.72,2,C
49757a03-9fa4-4bed-8281-5382e849c900,13322259.5,14882616.15,3455796.52,7208178.96,2.06,3,D
5cd8f2ec-5e12-4a05-bd43-408c7f836795,37554977.13,5445121.87,16661599.15,5187655.13,1.05,2,C
96ea4368-7abc-482a-b0ee-16e5d5f88e51,36269708.92,10649172.2,52553615.67,5382410.49,1.98,0,D
94b59726-4d8a-49ea-b367-ce6fa8970ee5,14588134.12,12544943.95,30960095.65,6552616.01,1.91,1,A
76b49680-6a3c-4803-9320-02b98f2f339f,5000000.0,19882646.97,10656196.04,7032601.69,2.83,1,A
aec4d958-5faf-4358-a13b-5875fb3b0b3d,24091001.05,15782233.2,25186300.85,6208838.27,2.54,1,D
c5e82348-3d33-4001-9dd6-e91a6e6e8514,28638882.88,38090313.03,40614364.51,2731302.04,13.95,3,B
d4321e9b-57c8-46ee-a507-6e09d6dd4d28,12894041.39,3601113.75,20160481.7,5416565.93,0.66,1,A
4e4d3bcd-d6d9-4a8d-9fe4-9e9029f651a0,43997329.47,7133566.56,12888984.41,3439846.92,2.07,3,A
9bd008fa-e137-4d82-8dd1-5e03d1be756a,25819860.09,17003396.66,10486602.34,4135833.71,4.11,0,B
d5af7a08-382e-4d6c-b883-71f921362899,29334213.39,5033002.61,15809769.7,5829457.78,0.86,1,D
35a1455c-fdde-4103-91de-e70da74eb57c,15391240.5,5382019.63,6664852.52,4175118.69,1.29,0,D
4592b0d2-8c6a-466b-8936-0c8b7778384e,38236012.81,10262075.44,76763634.25,8377569.99,1.22,1,A
946da024-51d3-4ac1-a515-6242aa9a913d,50959073.86,7373997.94,30507746.99,3106487.0,2.37,0,D
470e1f4b-f58b-4bc8-a6f7-f779fb405282,44918046.66,4984899.43,80562654.35,5060172.53,0.99,2,A
9203bc22-ff4f-438c-a6d1-8b89e60247d5,19128760.06,9730394.41,38660290.45,3939759.52,2.47,2,A
63a90488-8bbc-4d4e-9e05-9aa4bf2b57fe,30022703.82,36358116.03,63200222.48,2642573.58,13.76,2,A
be47f32c-8ec3-43aa-8a45-93e2647ef069,36836147.76,10001618.87,78972304.44,6499733.13,1.54,1,A
95f90a0c-e4b2-4c54-a291-141ba21bb1db,47362080.9,21982269.34,76795517.65,5634306.05,3.9,2,A
2e2511ff-42f2-436f-828f-7291ea54c5a3,11048683.45,5213416.42,8161061.86,2468595.25,2.11,1,D
c7048265-5572-42bb-bdac-ab5ce1d1d593,32279487.88,8562940.04,12019068.2,6108202.4,1.4,2,C
0915bdf3-e5a9-4ec1-948e-5f33159172a6,60684504.12,20421890.22,128270035.28,9968929.4,2.05,0,A
7344e14d-808d-47df-b07e-d55d27de1b11,13634856.98,1989125.76,7910543.85,3908474.75,0.51,2,C
5913589a-60d0-4ca9-ba1a-781c63a101a1,5217045.04,23141585.29,7667472.44,6169467.25,3.75,2,D
f1a9973a-b0bc-4375-823f-158c1649ba94,33989493.49,6553125.36,27997839.54,7035248.86,0.93,1,D
ec3767ad-f07a-4c01-b5ea-760ec3ef1068,18912488.84,8743526.78,13395860.37,6997266.76,1.25,0,D
5573eb94-8137-49bf-b2e4-4560c40de230,20223179.9,12133204.09,25280153.86,2943709.81,4.12,1,B
08e101f8-90c4-4177-bfe0-99bb9194073e,41218388.44,11743188.63,54037321.78,1702901.58,6.9,1,B
8fa253b9-06d3-4c06-8630-947832ff158e,23009225.46,4993570.52,43094082.17,2896470.1,1.72,2,A
ca34f9e1-bb47-477f-8e89-cefffb0ab24f,16357082.92,8140649.69,31449441.51,5130647.75,1.59,3,A
fa3239fd-03f1-478c-a3f0-efe4b2185ff0,27254667.32,5846176.26,27217430.67,9375383.12,0.62,1,D
b5f7d979-be5a-4e23-9335-324efb9149ef,51648566.93,6779603.47,39055490.8,2954183.23,2.29,2,D
e8b9b3e9-a8e8-42a5-ac92-fa282a5b1235,18211803.67,7023722.15,14390754.16,6791244.45,1.03,2,C
e3343cab-5aa9-4d6b-b204-31a22ccda84d,45059123.03,8857661.25,21661280.78,6396422.38,1.38,3,C
f6fc3ce9-6a21-4e62-9273-673ce82a6ccb,36207225.8,6454203.36,27919775.49,2331494.92,2.77,0,D
1511ddcd-44f0-4aae-a9e7-cff03a796a32,32591966.96,8019203.13,61621455.83,5176381.68,1.55,1,A
f5d36896-4cb2-407d-9d5a-5644a6052683,52978567.34,8814485.61,107858787.5,1805600.84,4.88,2,A
59ffed0f-1c82-4007-b9bd-45241de2f6fc,8393979.71,7548860.31,13477146.28,8551046.14,0.88,0,A
31dd4036-a2d1-484e-a8cc-f8d87332fe66,17222067.53,2744148.25,25605222.83,7450931.06,0.37,1,A
29bbb687-65b8-4602-8e4c-eb5b856f419b,17227307.46,19672122.92,27351989.75,3039084.37,6.47,3,A
49428e75-8cbe-4782-8a64-86aa082ee153,12436495.03,13620254.93,12392576.8,5771272.75,2.36,1,D
95cf1947-e1fc-40c5-ab08-21f5c44b28aa,64492987.53,13168089.92,87426883.72,5027723.29,2.62,3,D
be1c5655-8b5e-498b-a862-8ecedff01714,27359481.06,12820845.3,12029665.75,6806347.03,1.88,0,D
e8672321-45a9-42e0-a5e0-2980f0715a60,20823741.11,7851212.18,12148326.26,7725884.62,1.02,1,D
70278bec-0725-4b37-b46b-c28d8d7146b0,12151793.41,84819897.07,4584171.61,6549232.6,12.95,1,B
42ff78e5-5a70-415a-bbdb-c49d88cc912f,30701564.89,14450233.55,65308356.31,6919328.31,2.09,2,A
22b04e1e-f924-4ce6-a5d7-b6c9a2ca39e3,66422255.56,5896602.58,53502783.63,6908624.8,0.85,0,D
0fa3aa76-e62d-4a3f-a249-30a3119b79e4,28222967.84,8583537.2,23988043.75,6168350.39,1.39,0,D
1320d988-9499-4b28-80cb-653c87179e88,17580500.15,2245596.7,24508761.17,1941445.68,1.16,2,C
f32dcac9-b398-4789-b82b-c5b2695d9bb1,25296229.95,24947122.97,35132771.9,11033661.59,2.26,1,D
3b95e3fa-61c7-4d76-838e-5598f47fd354,51426910.13,20385010.01,10981295.4,12902099.62,1.58,1,D
ddb21a53-ce63-4567-89f6-97b120d5cbba,11924027.65,7190678.22,6527750.75,5969034.92,1.2,0,D
820c82d9-300f-46a8-8412-2ba83f53b27d,19472528.26,7393397.11,29238934.14,6401452.81,1.15,0,D
cf5ff6da-fb4f-4f98-bd77-7425dd4657e8,44959735.8,18386423.06,67539799.96,7507906.34,2.45,1,D
4238312b-a004-47da-8477-58d6471e7f57,90148170.41,7349149.5,194253156.42,7065664.0,1.04,2,A
9f0c7736-67a6-452f-b97a-e38785df3ee8,16434826.03,17857733.14,7315195.68,5625056.66,3.17,0,D
57712ba6-e9ed-41e0-a80a-bf1d77e27798,33700694.62,14557083.09,42846491.42,4044554.35,3.6,4,D
b5cd5c5d-5c09-4712-b491-8bfa6480272c,16307778.73,10186780.0,35667216.05,4116185.16,2.47,2,A
c3ac8fbe-4f8d-47c1-8cc4-d529d9f18db0,22764197.65,14704578.19,13475574.16,4892816.71,3.01,0,D
3333e05d-a235-4dad-88c5-e83fc029cb99,12672499.65,6647964.4,20437504.55,4227413.21,1.57,1,A
cbbe9ab0-9de4-457d-9321-959e966eab5d,12184653.01,21060204.99,25811409.19,4885987.77,4.31,2,A
e45bacfa-487b-45ca-8208-b1d47719c904,51398358.64,6913851.07,25514612.65,4264046.4,1.62,2,C
adc5d834-c1d5-4782-9140-e8d5547e5a27,20492884.75,5326588.42,28391147.44,6938589.04,0.77,1,D
bead52be-943c-45f6-b3eb-f759ff0ba752,12779788.14,13959481.2,11135071.74,3491846.11,4.0,3,B
97d8eb4d-9ef8-4af8-bbc0-981c39d1928e,37646873.72,4357221.54,70261593.29,8320264.11,0.52,1,A
5fe2903c-ecd0-49e1-9bb6-9e860f49bbc7,47078701.81,21885718.43,10166323.03,3881011.91,5.64,1,B
4e3cf7d7-1e8b-4821-8124-9d5f331e153a,23538308.83,2276312.08,11392585.1,2331022.79,0.98,1,D
d09b031e-e400-4ca4-90f1-017e9efc1c5d,35744364.66,9194507.3,62634361.73,12615553.64,0.73,2,A
11e59565-a153-4239-b86b-e0795911f209,5197856.14,6801299.8,7464710.41,3142571.62,2.16,4,D
f292009c-6e00-4303-873c-35e1597a1581,41805820.7,4731309.4,85043129.84,8770684.97,0.54,0,A
f770bd29-ed8c-4917-966f-358ce453d5ca,18728694.79,17307341.26,5483228.69,10391762.79,1.67,4,C
9dad20b9-cf27-47cf-8922-b6131c3b889f,23901205.79,3648284.61,50384453.19,3375947.47,1.08,2,A
5fd68f6f-7371-45a1-bbe1-0b0a40675a30,15808914.72,12758758.98,11488814.42,10834547.43,1.18,1,D
82e4362b-a14e-414d-8c51-907f2a8e4878,40389244.97,10561847.3,10827440.45,1963942.71,5.38,1,B
24c8e339-e38b-400b-8b90-e38394d04f22,9380984.26,3142996.51,17118551.48,3047776.49,1.03,0,A
33583472-66f2-4ce1-b56d-e4959a377b64,11487053.05,53357801.21,17792020.26,7944351.5,6.72,2,B
5d30f301-4b5d-47d0-ad5a-64f461e4f7cb,85147023.94,33233634.98,53469516.37,12665990.12,2.62,2,D
cda5d5ba-b5dd-4824-aa5f-aebdcd9bfdc6,20497920.45,1206816.98,18095150.97,8268146.13,0.15,2,C
0492eb6f-b81d-443b-82c1-2e37e9f4b9ae,22906620.34,10871788.86,7070066.29,6041090.53,1.8,1,D
75dc4a8b-7f82-416b-bb09-feaf85588a99,17623098.08,14744875.97,15488219.89,11877748.85,1.24,1,D
21f96f59-f9dd-40f5-836b-6af69399602a,17039885.48,8851020.8,37100160.79,9228413.26,0.96,2,A
73042b3c-da4e-4a8b-bfbc-1fd33f1d250b,18837542.94,2122009.9,23486034.82,8393778.37,0.25,2,C
0838cb60-b92e-4b0f-bc40-3ceebbdd6d56,23709927.29,5737377.35,43443658.99,5046330.78,1.14,1,A
caef04dc-42d0-448a-a0d6-5f05697c2079,37796853.79,2508406.18,28629893.14,4027079.4,0.62,2,C
1b4756a7-ecc2-4119-82e0-3504532644b0,36627966.59,1826932.04,60180538.87,4890934.07,0.37,4,A
0c27200e-e2f9-42bf-a09b-5cb5bb52cb63,12357961.92,15927902.22,19175796.28,5274184.2,3.02,4,D
94a3c4da-8d62-4758-9d26-9e82a53bf306,37210415.86,32353673.95,55057978.95,3079074.0,10.51,1,B
24c19472-befc-43ac-950e-71fea8509ece,29058512.37,1820593.43,32261493.39,9374567.99,0.19,1,D
3d719f3b-4c38-46de-9580-fd4c9abca744,9933592.51,10478605.56,8763226.43,7830772.33,1.34,0,D
ed558ddf-c01d-4ec6-8cdd-22c209885797,38760453.34,11091350.34,50462708.66,4604437.82,2.41,2,D
507ca613-fca8-40c9-a5f0-679703120fe0,6986720.86,9344732.72,8802331.68,4827717.41,1.94,0,D
d0bc1d41-b296-462e-9678-1c910ed670d3,14309982.67,7649540.53,8385730.97,3083520.04,2.48,1,D
d7e45fb4-6885-4770-a44b-2a7a5a953901,22785655.84,27975355.02,6358990.38,4288910.55,6.52,0,B
9de97696-502c-434d-bda2-f2e52d7109f8,11952630.12,2611901.51,16384177.58,2613674.24,1.0,0,D
c70a1dc0-aebc-445e-81d9-64914e1b4b85,13075068.86,12964103.81,22636151.34,2082922.26,6.22,4,A
ee2bc676-465c-49cb-a2fb-2100caa2d8c9,15328299.11,28983208.76,32707075.29,4019569.8,7.21,0,A
564a15ac-26b1-40ad-9be9-14954f5961a3,14272300.53,40098377.24,10420554.53,5167844.21,7.76,3,B
3dc625be-01c4-4570-81e6-b6edb0b1cbe9,58011455.53,17543786.43,75875318.8,11227532.0,1.56,6,C
a0dc8d8c-9ee3-4504-aeba-529fe89a84b8,37383790.23,9874380.14,54315526.64,6241729.75,1.58,0,D
f2605b9b-03f2-4ceb-ba7d-368f513a506b,19401627.49,26047778.61,31744575.46,7624527.35,3.42,1,A
d3918d1b-4fce-4c6b-9fe6-90e4e7cfbfe1,27653388.68,11560371.2,54881131.09,4075218.58,2.84,0,A
769787d2-bdfa-486d-9e89-525037cb1660,28531243.77,10026921.88,38712229.31,4167440.49,2.41,0,D
0874bba1-ee45-4856-8661-e43168acc325,10151832.33,3479163.21,8483041.1,2345605.0,1.48,1,D
2761741d-a56e-4af1-b282-bafacfdbc3bb,21018633.1,4998472.53,6533403.92,3880783.79,1.29,1,A
fbbf77a8-3aa8-4c1c-8bf9-5e827be26846,26067073.31,4609091.87,57309850.36,2233223.41,2.06,0,A
8f316be4-37fb-4440-84ee-6bd80cf66032,58276794.87,9269933.01,65349637.93,3916896.52,2.37,0,D
ad60f0cf-7b5e-4666-ac6a-3f4fd7313f17,21473027.2,23450266.68,39872392.86,4813322.84,4.87,1,A
86e5e6e2-1eb6-4a38-b96c-3420c511ec50,46664543.14,13725203.63,40245341.8,4013480.42,3.42,1,D
450929be-0033-427e-9275-85ba11435344,23373852.33,4221334.86,31522641.31,8241740.75,0.51,1,D
6b1963a7-e290-4c17-b25d-3affd708f9ae,37682663.8,14887778.75,14929719.99,9683817.99,1.54,2,C
91773302-2cc1-4f8e-9a99-552608333e81,13237809.78,9159294.07,15942576.65,9314754.13,0.98,2,C
4441e76d-e962-44da-986d-c72158e0afa2,23170476.18,6949768.16,49098271.8,3474156.83,2.0,2,A
279cfbbf-53dd-40b8-8158-c2e0a27a112a,17426665.46,8196950.97,29175380.38,9726940.21,0.84,2,A
3ab0f349-1c06-4d7a-a198-104f51847800,25866152.7,3185384.7,10288859.94,6590392.37,0.48,0,D
f1cc6a3b-0473-4012-b1ed-3b7ce3c369bd,10239084.69,47349263.76,4119432.98,4320164.17,10.96,0,B
b6b9acd3-a664-46e1-8526-ce3d341187a7,37991316.85,8664940.06,39408682.1,6954271.62,1.25,2,C
de15c6e5-9e8a-4f05-9427-79e0e9e287f1,27891711.58,15651880.1,33611542.44,5632242.48,2.78,0,D
01c5ea8d-7f0f-4ae8-a80c-464af7dc334c,110438970.8,9424405.97,34133759.97,6541275.13,1.44,2,C
186f2987-12dd-4e31-9102-23d5163d3d6e,73333705.0,11782335.25,145344218.62,5276242.47,2.23,1,A
5b0ec254-a17b-4790-9ec8-199c51129610,25794701.62,3004362.19,49207018.08,3741207.83,0.8,0,A
e50402e4-9bd7-461b-9b1f-371c2fbe074e,6389124.86,8756021.1,2601761.49,4478841.41,1.95,0,D
6e8b91e8-b3ce-4486-9c48-11fbb2e67e90,19829646.43,12757183.99,13800151.72,10150140.21,1.26,3,C
4ace75e8-345c-4288-9996-36ce6990421f,35341759.04,6167437.36,36951347.81,6032961.87,1.02,1,D
c3581897-c228-406e-ad9b-604531773827,15071597.01,7628817.68,22903252.33,2566383.46,2.97,2,D
36459e02-69cd-45d9-b69f-a933dda0a6c6,16691097.88,13699985.95,30267265.3,4540607.02,3.02,1,A
68b341f6-3859-4504-89fe-9e84377e41f7,14867460.36,11083285.29,11898350.18,5652814.84,1.96,2,C
b70cbb36-9e26-48e0-aed8-5870a186b2f3,18525232.54,9589707.77,18634214.53,5765169.73,1.66,1,D
5d38f486-b199-40e8-aa20-e12c9aae49a2,25948398.78,29446813.1,26864842.44,5839784.27,5.04,4,B
4482736b-763a-4230-8fe2-e2f2642a5705,51014332.37,21391823.0,42420339.37,3800268.13,5.63,1,B
77859b39-97b4-4a19-9eee-41e6ec1090bb,36025771.99,8006686.18,19866799.17,4422125.7,1.81,0,D
9670ae7a-0ff0-41f5-9d8b-96a87dc496e3,8071878.39,33078067.81,6765248.03,6543046.68,5.06,1,B
418500b6-716a-4468-89b1-4060b1b68e89,61968866.78,7852767.48,58531098.43,10186282.76,0.77,1,D
5d730d68-52de-4e47-a995-68ad61ef4b78,60152045.09,8086659.55,44635268.88,5783153.25,1.4,2,C
47c05238-37c1-49be-a193-f736dbeba6c4,9060081.75,8172389.29,17752840.27,13055487.76,0.63,2,A
ab40ecc5-261e-441d-ac3e-6389ecd6264f,31728468.89,4047335.61,57720077.79,7686085.44,0.53,4,A
c5e9f860-9cc1-43db-a4d3-9567894d7576,39395302.39,9396343.15,40532009.38,9540247.23,0.98,1,D
edde747c-e997-41ec-8b10-115f06a8479f,30358000.03,20562461.31,48071035.11,10789397.78,1.91,0,A
b08eed32-4c38-4a6a-bed9-18551a8e3d4e,37229936.92,15318479.29,81278582.55,7135470.49,2.15,2,A
954c4896-9f02-41cf-af14-0e4609e6c555,45777198.41,22488563.26,9861002.85,6487009.68,3.47,3,D
d418d451-f494-4d0f-a1e8-ac3edcc99b42,21311371.19,3583672.91,37142889.95,6463468.75,0.55,2,A
4cb7f01a-14fa-41f4-b501-de4f2fcadf17,32983791.66,5859186.26,33384893.52,4611852.22,1.27,1,D
17c55412-3ec9-4766-aaba-67829d7979a7,13764780.94,3713400.48,28752523.4,3715575.27,1.0,0,A
4283d97e-da47-4ac8-8ac3-066697eb1e76,23808231.43,6270277.77,22633222.07,6827353.91,0.92,4,C
8342ec8e-2b88-4722-b657-8de5eb80c39e,6777440.37,11018736.9,1871800.63,5506515.01,2.0,1,D
8fd90b4b-6f09-4b50-9da7-10e8a5eac97f,105963273.44,4614890.99,80231462.82,4556327.47,1.01,1,D
681f3273-ad28-4bfd-b9a6-a135dd7a21a8,26967143.99,3763220.24,17819038.84,9155778.17,0.41,1,D
dd794e33-d2b8-4fec-8396-6bf8b26dabc2,23567671.97,3096364.56,31451656.96,5613516.48,0.55,1,D
69637ec7-f888-4f49-b3e3-dea8717747ef,24978833.07,3740738.22,44906274.92,5046770.95,0.74,2,A
85babb84-fbdf-431c-8918-394884fc38b3,30860407.56,1811382.86,39149522.87,5690269.52,0.32,2,C
a27d4349-6fa6-44a3-b571-449c44ace4d5,27245815.44,16956613.21,46549751.55,3127241.75,5.42,1,A
2d7acf2e-1388-4c48-8e67-bfb11c433e1d,21122300.74,4163828.61,26264844.81,4347721.38,0.96,0,D
b0a12096-fd37-405e-9bf8-051ae9a039e0,25147545.75,12993803.65,27164707.97,8332455.22,1.56,1,D
d7a069dd-6ef3-4557-885f-9b9fd1d658e6,36256388.01,3041693.3,73548747.45,16679110.98,0.18,3,A
72991099-852a-4e72-8979-4792e34798ff,36601839.05,9129893.67,59539915.97,5143287.21,1.78,2,A
21cd088b-3d96-4dc3-9e2f-8391ee1c073f,41177971.18,4917883.65,61522732.4,7215570.64,0.68,2,C
26fdc5af-a50d-4290-95a7-19628d84dd59,31438863.58,4198937.03,26324671.68,7760705.44,0.54,3,C
91e5e369-e0b2-4d73-a19b-b8e9e7adaae5,51886057.19,2659187.8,83865249.88,11909344.82,0.22,0,A
36d70c27-006c-496a-9adf-3098fbe02bab,18440954.53,6868197.26,15172682.08,13238716.37,0.52,1,D
a6b2c9d7-c6b2-4684-8455-c9a149b121ba,42262389.85,71721228.82,89408735.29,4976276.98,14.41,1,A
694fcd19-1f1b-419f-9f4b-5b77ad818a22,25060461.51,11251231.68,11097027.1,8994289.07,1.25,2,C
